transfer_id,spell_id,player_id,player_name,signing_date,date_precision,season,manager_id,manager_name,age_at_signing,position_group,source_club_id,source_club,prior_pl_experience,fee_gbp,fee_kind,fee_cpi_gbp,fee_football_gbp,fee_pl_mean_multiple,fee_pl_percentile,market_value_eur,repeat_signing,spell_state,exit_transfer_id,exit_date,exit_fee_gbp,exit_fee_kind,observation_seasons,apps,starts,goals,assists_recorded,team_matches_in_window,appearance_share,honour_seasons_involved,transfer_sources
1883-10-01-edward-howles-in,edward-howles:1,edward-howles,Edward Howles,1883-10-01,month,1883-84,,,,,,,,,unknown,,,,,,false,completed,1886-11-01-edward-howles-out,1886-11-01,,unknown,1,1,1,0,0,1,1,,mufcinfo-transfers
1883-12-01-heber-davies-in,heber-davies:1,heber-davies,Heber Davies,1883-12-01,month,1883-84,,,,,,,,,unknown,,,,,,false,completed,1888-04-01-heber-davies-out,1888-04-01,,unknown,1,1,1,0,0,1,1,,mufcinfo-transfers
1884-10-01-james-gotheridge-in,james-gotheridge:1,james-gotheridge,James Gotheridge,1884-10-01,month,1884-85,,,,MID,,,,,unknown,,,,,,false,completed,1889-11-01-james-gotheridge-out,1889-11-01,,unknown,1,1,1,0,0,1,1,,mufcinfo-transfers
1885-02-01-john-mitchell-in,john-mitchell:1,john-mitchell,John Mitchell,1885-02-01,month,1884-85,,,,DEF,doncaster-rovers,Doncaster Rovers,,,unknown,,,,,,true,completed,1888-08-01-john-mitchell-out,1888-08-01,,unknown,1,1,1,0,0,1,1,,mufcinfo-transfers
1885-03-01-a-longton-in,a-longton:1,a-longton,A Longton,1885-03-01,month,1885-86,,,,,,,,,unknown,,,,,,false,completed,1886-11-01-a-longton-out,1886-11-01,,unknown,1,1,1,0,0,1,1,,mufcinfo-transfers
1885-03-01-john-earp-in,john-earp:1,john-earp,John Earp,1885-03-01,month,1885-86,,,,FWD,,,,,unknown,,,,,,false,completed,1888-09-01-john-earp-out,1888-09-01,,unknown,1,1,1,0,0,1,1,,mufcinfo-transfers
1885-09-01-robert-beckett-in,robert-beckett:1,robert-beckett,Robert Beckett,1885-09-01,month,1885-86,,,,,,,,,unknown,,,,,,false,completed,1887-04-01-robert-beckett-out,1887-04-01,,unknown,1,1,1,0,0,1,1,,mufcinfo-transfers
1886-03-01-jack-powell-in,jack-powell:1,jack-powell,Jack Powell,1886-03-01,month,1886-87,,,,DEF,bolton-wanderers,Bolton Wanderers,,,unknown,,,,,,false,completed,1890-12-01-jack-powell-out,1890-12-01,,unknown,2,2,2,0,0,2,1,,mufcinfo-transfers
1886-09-01-john-jack-doughty-in,jack-doughty:1,jack-doughty,Jack Doughty,1886-09-01,month,1886-87,,,,FWD,druids,Druids,,,unknown,,,,,,false,completed,1892-09-01-john-jack-doughty-out,1892-09-01,,unknown,2,2,2,2,0,2,1,,mufcinfo-transfers
1886-09-01-joseph-davies-in,joe-davies:1,joe-davies,Joe Davies,1886-09-01,month,1886-87,,,,MID,druids,Druids,,,unknown,,,,,,false,completed,1890-05-01-joseph-davies-out,1890-05-01,,unknown,2,2,2,0,0,2,1,,mufcinfo-transfers
1886-09-01-thomas-burke-in,tom-burke:1,tom-burke,Tom Burke,1886-09-01,month,1886-87,,,,MID,liverpool-cambrians,Liverpool Cambrians,,,unknown,,,,,,false,unclosed_record,,,,,1,1,1,0,0,6028,0.0002,,mufcinfo-transfers
1886-12-01-herbert-dale-in,herbert-dale:1,herbert-dale,Herbert Dale,1886-12-01,month,1886-87,,,,FWD,manchester-fa,Manchester FA,,,unknown,,,,,,false,completed,1891-02-01-herbert-dale-out,1891-02-01,,unknown,0,0,0,0,0,1,0,,mufcinfo-transfers
1886-12-01-roger-doughty-in,roger-doughty:1,roger-doughty,Roger Doughty,1886-12-01,month,1886-87,,,,FWD,druids,Druids,,,unknown,,,,,,true,completed,1892-05-01-roger-doughty-out,1892-05-01,,unknown,1,1,1,0,0,1,1,,mufcinfo-transfers
1887-04-01-charles-harrison-in,transfer:1887-04-01-charles-harrison-in,,Charles Harrison,1887-04-01,month,1887-88,,,,,,,,,unknown,,,,,,false,unresolved,,,,,,,,,,,,,mufcinfo-transfers
1887-08-01-charles-felton-in,charles-felton:1,charles-felton,Charles Felton,1887-08-01,month,1887-88,,,,,,,,,unknown,,,,,,false,completed,1895-05-01-charles-felton-out,1895-05-01,,unknown,0,0,0,0,0,100,0,,mufcinfo-transfers
1887-08-01-john-jack-owen-in,transfer:1887-08-01-john-jack-owen-in,,John Jack Owen,1887-08-01,month,1887-88,,,,,chirk,Chirk,,,unknown,,,,,,false,unresolved,,,,,,,,,,,,,mufcinfo-transfers
1887-08-01-thomas-hay-in,transfer:1887-08-01-thomas-hay-in,,Thomas Hay,1887-08-01,month,1887-88,,,,,burslem-fc,Burslem FC,,,unknown,,,,,,false,unresolved,,,,,,,,,,,,,mufcinfo-transfers
1888-10-01-john-mitchell-in,john-mitchell:2,john-mitchell,John Mitchell,1888-10-01,month,1888-89,,,,DEF,bolton-wanderers,Bolton Wanderers,,,unknown,,,,,,true,completed,1891-03-01-john-mitchell-out,1891-03-01,,unknown,0,0,0,0,0,1,0,,mufcinfo-transfers
1889-01-01-george-owen-in,george-owen:1,george-owen,George Owen,1889-01-01,month,1888-89,,,,FWD,chirk,Chirk,,,unknown,,,,,,false,completed,1890-06-01-george-owen-out,1890-06-01,,unknown,1,1,1,0,0,1,1,,mufcinfo-transfers
1889-02-01-alfred-farman-in,transfer:1889-02-01-alfred-farman-in,,Alfred Farman,1889-02-01,month,1888-89,,,,,bolton-wanderers,Bolton Wanderers,,,unknown,,,,,,false,unresolved,,,,,,,,,,,,,mufcinfo-transfers
1889-04-01-thomas-craig-in,thomas-craig:1,thomas-craig,Thomas Craig,1889-04-01,month,1889-90,,,,,,,,,unknown,,,,,,false,completed,1891-05-01-thomas-craig-out,1891-05-01,,unknown,1,1,1,0,0,1,1,,mufcinfo-transfers
1889-05-01-william-stewart-in,william-stewart:1,william-stewart,William Stewart,1889-05-01,month,1889-90,,,,MID,warwickshire-county,Warwickshire County,,,unknown,,,,,,true,completed,1895-05-01-william-stewart-out,1895-05-01,,unknown,0,0,0,0,0,100,0,,mufcinfo-transfers
1889-08-01-edgar-wilson-in,edgar-wilson:1,edgar-wilson,Edgar Wilson,1889-08-01,month,1889-90,,,,FWD,,,,,unknown,,,,,,false,completed,1890-05-01-edgar-wilson-out,1890-05-01,,unknown,1,1,1,0,0,1,1,,mufcinfo-transfers
1890-05-01-robert-bob-ramsey-in,transfer:1890-05-01-robert-bob-ramsey-in,,Robert Bob Ramsey,1890-05-01,month,1890-91,,,,,stoke,Stoke,,,unknown,,,,,,false,unresolved,,,,,,,,,,,,,mufcinfo-transfers
1890-05-01-william-sharpe-in,william-sharpe:1,william-sharpe,William Sharpe,1890-05-01,month,1890-91,,,,FWD,,,,,unknown,,,,,,false,completed,1891-12-01-william-sharpe-out,1891-12-01,,unknown,0,0,0,0,0,0,,,mufcinfo-transfers
1890-08-01-george-evans-in,george-evans:1,george-evans,George Evans,1890-08-01,month,1890-91,,,,FWD,,,,,unknown,,,,,,false,completed,1891-02-01-george-evans-out,1891-02-01,,unknown,0,0,0,0,0,0,,,mufcinfo-transfers
1890-08-01-john-slater-in,john-slater:1,john-slater,John Slater,1890-08-01,month,1890-91,,,,,,,,,unknown,,,,,,false,completed,1892-09-01-john-slater-out,1892-09-01,,unknown,0,0,0,0,0,0,,,mufcinfo-transfers
1890-08-01-robert-milarvie-in,bob-milarvie:1,bob-milarvie,Bob Milarvie,1890-08-01,month,1890-91,,,,FWD,derby-county,Derby County,,,unknown,,,,,,false,completed,1891-05-01-robert-milarvie-out,1891-05-01,,unknown,0,0,0,0,0,0,,,mufcinfo-transfers
1890-10-01-john-clements-in,john-clements:1,john-clements,John Clements,1890-10-01,month,1890-91,,,,DEF,notts-county,Notts County,,,unknown,,,,,,false,completed,1894-02-01-john-clements-out,1894-02-01,,unknown,2,38,38,0,0,53,0.717,,mufcinfo-transfers
1890-10-01-john-donnelly-in,john-donnelly:1,john-donnelly,John Donnelly,1890-10-01,month,1890-91,,,,,,,,,unknown,,,,,,false,completed,1891-02-01-john-donnelly-out,1891-02-01,,unknown,0,0,0,0,0,0,,,mufcinfo-transfers
1890-10-01-thomas-o-shaughnessy-in,thomas-o-shaughnessy:1,thomas-o-shaughnessy,Thomas O'Shaughnessy,1890-10-01,month,1890-91,,,,,,,,,unknown,,,,,,false,completed,1894-05-01-thomas-o-shaughnessy-out,1894-05-01,,unknown,0,0,0,0,0,67,0,,mufcinfo-transfers
1890-10-01-william-gyves-in,william-gyves:1,william-gyves,William Gyves,1890-10-01,month,1890-91,,,,GK,,,,,unknown,,,,,,false,completed,1891-02-01-william-gyves-out,1891-02-01,,unknown,0,0,0,0,0,0,,,mufcinfo-transfers
1890-10-01-william-rattigan-in,william-rattigan:1,william-rattigan,William Rattigan,1890-10-01,month,1890-91,,,,,,,,,unknown,,,,,,false,completed,1893-05-01-william-rattigan-out,1893-05-01,,unknown,0,0,0,0,0,33,0,,mufcinfo-transfers
1890-10-01-william-turner-in,william-turner:1,william-turner,William Turner,1890-10-01,month,1890-91,,,,,,,,,unknown,,,,,,false,completed,1890-10-01-william-turner-out,1890-10-01,,unknown,0,0,0,0,0,0,,,mufcinfo-transfers
1891-03-01-joseph-denman-in,joseph-denman:1,joseph-denman,Joseph Denman,1891-03-01,month,1891-92,,,,,,,,,unknown,,,,,,false,completed,1892-05-01-joseph-denman-out,1892-05-01,,unknown,0,0,0,0,0,0,,,mufcinfo-transfers
1891-08-01-alfred-edge-in,alf-edge:1,alf-edge,Alf Edge,1891-08-01,month,1891-92,,,,FWD,stoke-city,Stoke City,,,unknown,,,,,,false,completed,1892-05-01-alfred-edge-out,1892-05-01,100,fee,0,0,0,0,0,0,,,mufcinfo-transfers
1891-08-01-arthur-henrys-in,arthur-henrys:1,arthur-henrys,Arthur Henrys,1891-08-01,month,1891-92,,,,DEF,,,,,unknown,,,,,,false,completed,1893-03-01-arthur-henrys-out,1893-03-01,,unknown,1,3,3,0,0,25,0.12,,mufcinfo-transfers
1891-08-01-john-sneddon-in,john-sneddon:1,john-sneddon,John Sneddon,1891-08-01,month,1891-92,,,,,,,,,unknown,,,,,,false,completed,1892-10-01-john-sneddon-out,1892-10-01,,unknown,0,0,0,0,0,5,0,,mufcinfo-transfers
1891-08-01-robert-donaldson-in,bob-donaldson:1,bob-donaldson,Bob Donaldson,1891-08-01,month,1891-92,,,,FWD,blackburn-rovers,Blackburn Rovers,,,unknown,,,,,,false,completed,1897-11-01-robert-donaldson-out,1897-11-01,80,fee,6,148,148,60,0,179,0.8268,,mufcinfo-transfers
1891-08-01-robert-mcfarlane-in,bob-mcfarlane:1,bob-mcfarlane,Bob McFarlane,1891-08-01,month,1891-92,,,,DEF,sunderland-albion,Sunderland Albion,,,unknown,,,,,,false,completed,1892-08-01-robert-mcfarlane-out,1892-08-01,,unknown,0,0,0,0,0,0,,,mufcinfo-transfers
1891-11-01-william-hood-in,billy-hood:1,billy-hood,Billy Hood,1891-11-01,month,1891-92,,,,FWD,,,,,unknown,,,,,,false,completed,1894-05-01-william-hood-out,1894-05-01,,unknown,2,36,36,6,0,67,0.5373,,mufcinfo-transfers
1892-03-01-john-davies-in,john-davies:1,john-davies,John Davies,1892-03-01,month,1892-93,,,,GK,,,,,unknown,,,,,,false,completed,1893-11-01-john-davies-out,1893-11-01,,unknown,1,9,9,0,0,42,0.2143,,mufcinfo-transfers
1892-03-01-william-mathesion-in,transfer:1892-03-01-william-mathesion-in,,William Mathesion,1892-03-01,month,1892-93,,,,,glasgow-thistle,Glasgow Thistle,,,unknown,,,,,,false,unresolved,,,,,,,,,,,,,mufcinfo-transfers
1892-04-01-george-perrins-in,george-perrins:1,george-perrins,George Perrins,1892-04-01,month,1892-93,,,,MID,birmingham-st-george,Birmingham St George,,,unknown,,,,,,false,completed,1896-08-01-george-perrins-out,1896-08-01,,unknown,4,101,101,0,0,132,0.7652,,mufcinfo-transfers
1892-06-01-adam-carson-in,adam-carson:1,adam-carson,Adam Carson,1892-06-01,month,1892-93,,,,FWD,glasgow-thistle,Glasgow Thistle,,,unknown,,,,,,false,completed,1893-03-01-adam-carson-out,1893-03-01,,unknown,1,13,13,3,0,25,0.52,,mufcinfo-transfers
1892-06-01-fred-erentz-in,fred-erentz:1,fred-erentz,Fred Erentz,1892-06-01,month,1892-93,,,,DEF,dundee-old-boys,Dundee Old Boys,,,unknown,,,,,,false,unclosed_record,,,,,10,302,302,9,0,6026,0.0501,,mufcinfo-transfers
1892-06-01-james-brown-in,james-brown-1892:1,james-brown-1892,James Brown,1892-06-01,month,1892-93,,,,DEF,dundee-our-boys,Dundee Our Boys,,,unknown,,,,,,true,unclosed_record,,,,,1,7,7,0,0,1448,0.0048,,mufcinfo-transfers
1892-06-01-james-coupar-in,jimmy-coupar:1,jimmy-coupar,Jimmy Coupar,1892-06-01,month,1892-93,,,,FWD,dundee-our-boys,Dundee Our Boys,,,unknown,,,,,,true,completed,1894-07-01-james-coupar-out,1894-07-01,,unknown,1,22,22,6,0,67,0.3284,,mufcinfo-transfers
1892-07-01-james-warner-in,jimmy-warner:1,jimmy-warner,Jimmy Warner,1892-07-01,month,1892-93,,,,GK,aston-villa,Aston Villa,,,unknown,,,,,,false,completed,1893-05-01-james-warner-out,1893-05-01,,unknown,1,23,23,0,0,33,0.697,,mufcinfo-transfers
1892-09-01-andrew-mitchell-in,andrew-mitchell:1,andrew-mitchell,Andrew Mitchell,1892-09-01,month,1892-93,ah-albut,A. H. Albut,,DEF,airdrieonians,Airdrieonians,,,unknown,,,,,,true,completed,1894-05-01-andrew-mitchell-out,1894-05-01,,unknown,2,60,60,0,0,67,0.8955,,mufcinfo-transfers
1892-09-01-james-hendry-in,james-hendry:1,james-hendry,James Hendry,1892-09-01,month,1892-93,ah-albut,A. H. Albut,,FWD,alloa-athletic,Alloa Athletic,,,unknown,,,,,,false,completed,1892-11-01-james-hendry-out,1892-11-01,,unknown,1,2,2,1,0,10,0.2,,mufcinfo-transfers
1892-10-01-joseph-kinloch-in,joe-kinloch:1,joe-kinloch,Joe Kinloch,1892-10-01,month,1892-93,ah-albut,A. H. Albut,,FWD,,,,,unknown,,,,,,false,completed,1893-06-01-joseph-kinloch-out,1893-06-01,,unknown,1,1,1,0,0,29,0.0345,,mufcinfo-transfers
1892-11-01-james-colville-in,james-colville:1,james-colville,James Colville,1892-11-01,month,1892-93,ah-albut,A. H. Albut,,FWD,annebank,Annebank,,,unknown,,,,,,false,completed,1893-05-01-james-colville-out,1893-05-01,,unknown,1,10,10,0,0,23,0.4348,,mufcinfo-transfers
1892-11-01-thomas-fitzsimmons-in,tommy-fitzsimmons:1,tommy-fitzsimmons,Tommy Fitzsimmons,1892-11-01,month,1892-93,ah-albut,A. H. Albut,,FWD,annbank,Annbank,,,unknown,,,,,,false,unclosed_record,,,,,2,29,29,4,0,6016,0.0048,,mufcinfo-transfers
1893-01-17-william-brady-in,william-brady:1,william-brady,William Brady,1893-01-17,day,1892-93,ah-albut,A. H. Albut,,,dundee-harp,Dundee Harp,,,unknown,,,,,,false,completed,1893-02-01-william-brady-out,1893-02-01,,unknown,0,0,0,0,0,2,0,,mufcinfo-transfers
1893-02-01-james-mcnaught-in,james-mcnaught:1,james-mcnaught,James McNaught,1893-02-01,month,1892-93,ah-albut,A. H. Albut,,MID,linfield,Linfield,,,unknown,,,,,,false,completed,1898-05-01-james-mcnaught-out,1898-05-01,,unknown,5,158,158,12,0,179,0.8827,,mufcinfo-transfers
1893-03-01-joe-cassidy-in,joe-cassidy:1,joe-cassidy,Joe Cassidy,1893-03-01,day,1893-94,ah-albut,A. H. Albut,,FWD,blyth-fc,Blyth FC,,,unknown,,,,,,true,completed,1893-05-01-joseph-cassidy-out,1893-05-01,,unknown,1,6,6,1,0,8,0.75,,mufcinfo-transfers
1893-03-01-john-jack-peden-in,jack-peden:1,jack-peden,Jack Peden,1893-03-01,month,1893-94,ah-albut,A. H. Albut,,FWD,linfield,Linfield,,,unknown,,,,,,false,completed,1894-08-01-john-jack-peden-out,1894-08-01,30,fee,1,32,32,8,0,42,0.7619,,mufcinfo-transfers
1893-07-01-william-davidson-in,will-davidson:1,will-davidson,Will Davidson,1893-07-01,month,1893-94,ah-albut,A. H. Albut,,MID,annbank,Annbank,,,unknown,,,,,,false,completed,1895-05-01-william-davidson-out,1895-05-01,,unknown,2,44,44,2,0,66,0.6667,,mufcinfo-transfers
1893-08-01-charles-rothwell-in,charles-rothwell:1,charles-rothwell,Charles Rothwell,1893-08-01,month,1893-94,ah-albut,A. H. Albut,,FWD,,,,,unknown,,,,,,false,completed,1897-05-01-charles-rothwell-out,1897-05-01,,unknown,2,2,2,1,0,137,0.0146,,mufcinfo-transfers
1893-08-01-joseph-fall-in,joe-fall:1,joe-fall,Joe Fall,1893-08-01,month,1893-94,ah-albut,A. H. Albut,,GK,middlesborough,Middlesborough,,,unknown,,,,,,false,completed,1894-05-01-joseph-fall-out,1894-05-01,20,fee,1,27,27,0,0,34,0.7941,,mufcinfo-transfers
1893-08-23-s-prince-in,s-prince:1,s-prince,S Prince,1893-08-23,day,1893-94,ah-albut,A. H. Albut,,,,,,,unknown,,,,,,false,completed,1894-04-01-s-prince-out,1894-04-01,,unknown,1,1,1,0,0,31,0.0323,,mufcinfo-transfers
1893-10-01-william-thomson-in,william-thomson:1,william-thomson,William Thomson,1893-10-01,month,1893-94,ah-albut,A. H. Albut,,,aston-villa,Aston Villa,,,unknown,,,,,,false,completed,1893-11-01-william-thomson-out,1893-11-01,,unknown,1,2,2,0,0,4,0.5,,mufcinfo-transfers
1893-11-01-john-graham-in,john-graham:1,john-graham,John Graham,1893-11-01,month,1893-94,ah-albut,A. H. Albut,,FWD,blyth-fc,Blyth FC,,,unknown,,,,,,false,completed,1894-05-01-john-graham-out,1894-05-01,,unknown,1,4,4,0,0,25,0.16,,mufcinfo-transfers
1893-11-01-william-campbell-in,william-campbell:1,william-campbell,William Campbell,1893-11-01,month,1893-94,ah-albut,A. H. Albut,,FWD,blackburn-rovers,Blackburn Rovers,,,unknown,,,,,,false,completed,1894-03-01-william-campbell-out,1894-03-01,,unknown,1,5,5,1,0,14,0.3571,,mufcinfo-transfers
1894-01-01-hugh-in,transfer:1894-01-01-hugh-in,,Hugh,1894-01-01,month,1893-94,ah-albut,A. H. Albut,,,ardwick,Ardwick,,,unknown,,,,,,false,unresolved,,,,,,,,,,,,,mufcinfo-transfers
1894-01-01-john-clarkin-in,john-clarkin:1,john-clarkin,John Clarkin,1894-01-01,month,1893-94,ah-albut,A. H. Albut,,FWD,glasgow-thistle,Glasgow Thistle,,,unknown,,,,,,false,completed,1896-05-01-john-clarkin-out,1896-05-01,,unknown,3,74,74,22,0,82,0.9024,,mufcinfo-transfers
1894-01-01-samuel-parker-in,samuel-parker:1,samuel-parker,Samuel Parker,1894-01-01,month,1893-94,ah-albut,A. H. Albut,,FWD,hurlford-fc,Hurlford FC,,,unknown,,,,,,false,completed,1894-10-01-samuel-parker-out,1894-10-01,,unknown,1,12,12,0,0,20,0.6,,mufcinfo-transfers
1894-03-01-john-dow-in,john-dow:1,john-dow,John Dow,1894-03-01,month,1894-95,ah-albut,A. H. Albut,,DEF,dundee,Dundee,,,unknown,,,,,,false,completed,1896-05-01-john-dow-out,1896-05-01,,unknown,3,50,50,6,0,76,0.6579,,mufcinfo-transfers
1894-06-01-james-peters-in,james-peters:1,james-peters,James Peters,1894-06-01,month,1894-95,ah-albut,A. H. Albut,,,heywood-central,Heywood Central,,,unknown,,,,,,false,completed,1896-05-01-james-peters-out,1896-05-01,,unknown,2,51,51,6,0,65,0.7846,,mufcinfo-transfers
1894-06-01-richard-smith-in,dick-smith:1,dick-smith,Dick Smith,1894-06-01,month,1894-95,ah-albut,A. H. Albut,,FWD,heywood-central,Heywood Central,,,unknown,,,,,,true,completed,1898-01-01-richard-smith-out,1898-01-01,,unknown,4,80,80,33,0,120,0.6667,,mufcinfo-transfers
1894-08-01-john-mccartney-in,john-mccartney:1,john-mccartney,John McCartney,1894-08-01,month,1894-95,ah-albut,A. H. Albut,,DEF,cowlairs-fc,Cowlairs FC,,,unknown,,,,,,false,completed,1895-04-01-john-mccartney-out,1895-04-01,,unknown,1,19,19,1,0,25,0.76,,mufcinfo-transfers
1894-09-01-james-caine-in,james-caine:1,james-caine,James Caine,1894-09-01,month,1894-95,ah-albut,A. H. Albut,,,ardwick,Ardwick,,,unknown,,,,,,false,completed,1899-01-01-james-caine-out,1899-01-01,,unknown,1,1,1,0,0,154,0.0065,,mufcinfo-transfers
1894-11-01-john-jack-douighty-in,transfer:1894-11-01-john-jack-douighty-in,,John Jack Douighty,1894-11-01,month,1894-95,ah-albut,A. H. Albut,,,,,,,unknown,,,,,,false,unresolved,,,,,,,,,,,,,mufcinfo-transfers
1894-12-01-george-millar-in,george-millar:1,george-millar,George Millar,1894-12-01,month,1894-95,ah-albut,A. H. Albut,,FWD,glasgow-perthshire,Glasgow Perthshire,,,unknown,,,,,,false,completed,1895-07-01-george-millar-out,1895-07-01,,unknown,1,7,7,5,0,21,0.3333,,mufcinfo-transfers
1895-02-01-william-longair-in,william-longair:1,william-longair,William Longair,1895-02-01,month,1894-95,ah-albut,A. H. Albut,,MID,dundee,Dundee,,,unknown,,,,,,false,completed,1895-04-01-william-longair-out,1895-04-01,,unknown,0,0,0,0,0,4,0,,mufcinfo-transfers
1895-03-01-joseph-cassidy-in,joe-cassidy:2,joe-cassidy,Joe Cassidy,1895-03-01,month,1895-96,ah-albut,A. H. Albut,,FWD,glasgow-celtic,Glasgow Celtic,,,unknown,,,,,,true,completed,1900-03-01-joseph-cassidy-out,1900-03-01,250,fee,6,156,156,84,0,173,0.9017,,mufcinfo-transfers
1895-04-01-david-mcfetteridge-in,david-mcfetteridge:1,david-mcfetteridge,David McFetteridge,1895-04-01,month,1895-96,ah-albut,A. H. Albut,,FWD,cowlairs-fc,Cowlairs FC,,,unknown,,,,,,false,completed,1895-04-01-david-mcfetteridge-out,1895-04-01,,unknown,0,0,0,0,0,0,,,mufcinfo-transfers
1895-04-01-john-jack-grundy-in,transfer:1895-04-01-john-jack-grundy-in,,John Jack Grundy,1895-04-01,month,1895-96,ah-albut,A. H. Albut,,,egerton,Egerton,,,unknown,,,,,,false,unresolved,,,,,,,,,,,,,mufcinfo-transfers
1895-06-01-walter-cartwright-in,walter-cartwright:1,walter-cartwright,Walter Cartwright,1895-06-01,month,1895-96,ah-albut,A. H. Albut,,MID,crewe-alexandria,Crewe Alexandria,,,unknown,,,,,,false,completed,1905-06-01-walter-cartwright-out,1905-06-01,,unknown,9,247,247,9,0,351,0.7037,,mufcinfo-transfers
1895-06-01-william-kennedy-in,william-kennedy:1,william-kennedy,William Kennedy,1895-06-01,month,1895-96,ah-albut,A. H. Albut,,FWD,ayr-parkhouse,Ayr Parkhouse,,,unknown,,,,,,false,completed,1896-12-01-william-kennedy-out,1896-12-01,,unknown,2,33,33,10,0,47,0.7021,,mufcinfo-transfers
1895-07-01-david-fitzsimmons-in,david-fitzsimmons:1,david-fitzsimmons,David Fitzsimmons,1895-07-01,month,1895-96,ah-albut,A. H. Albut,,MID,annbank,Annbank,,,unknown,,,,,,true,completed,1896-05-01-david-fitzsimmons-out,1896-05-01,,unknown,1,29,29,0,0,33,0.8788,,mufcinfo-transfers
1895-07-01-john-aitken-in,john-aitken:1,john-aitken,John Aitken,1895-07-01,month,1895-96,ah-albut,A. H. Albut,,,kings-rifle-volunteers,Kings Rifle Volunteers,,,unknown,,,,,,false,completed,1895-12-01-john-aitken-out,1895-12-01,,unknown,1,2,2,1,0,13,0.1538,,mufcinfo-transfers
1895-07-01-joseph-ridgway-in,joe-ridgway:1,joe-ridgway,Joe Ridgway,1895-07-01,month,1895-96,ah-albut,A. H. Albut,,GK,west-manchester-fc,West Manchester FC,,,unknown,,,,,,false,unclosed_record,,,,,3,17,17,0,0,5927,0.0029,,mufcinfo-transfers
1895-08-01-james-collinson-in,jimmy-collinson:1,jimmy-collinson,Jimmy Collinson,1895-08-01,month,1895-96,ah-albut,A. H. Albut,,DEF,local-junior-football,Local Junior Football,,,unknown,,,,,,false,completed,1901-05-01-james-collinson-out,1901-05-01,,unknown,5,71,71,16,0,210,0.3381,,mufcinfo-transfers
1895-08-01-william-mathesion-in,transfer:1895-08-01-william-mathesion-in,,William Mathesion,1895-08-01,month,1895-96,ah-albut,A. H. Albut,,,,,,,unknown,,,,,,false,unresolved,,,,,,,,,,,,,mufcinfo-transfers
1895-10-01-john-whitney-in,john-whitney:1,john-whitney,John Whitney,1895-10-01,month,1895-96,ah-albut,A. H. Albut,,DEF,,,,,unknown,,,,,,false,completed,1903-04-01-john-whitney-out,1903-04-01,,unknown,2,3,3,0,0,269,0.0112,,mufcinfo-transfers
1895-12-01-robert-stephenson-in,robert-stephenson:1,robert-stephenson,Robert Stephenson,1895-12-01,month,1895-96,ah-albut,A. H. Albut,,FWD,talbot-fc,Talbot FC,,,unknown,,,,,,false,completed,1898-05-01-robert-stephenson-out,1898-05-01,,unknown,1,1,1,1,0,91,0.011,,mufcinfo-transfers
1896-01-01-james-vance-in,james-vance:1,james-vance,James Vance,1896-01-01,month,1895-96,ah-albut,A. H. Albut,,FWD,annbank-fc,Annbank FC,,,unknown,,,,,,false,completed,1896-12-01-james-vance-out,1896-12-01,,unknown,2,11,11,1,0,31,0.3548,,mufcinfo-transfers
1896-02-01-walter-whittaker-in,walter-whittaker:1,walter-whittaker,Walter Whittaker,1896-02-01,month,1895-96,ah-albut,A. H. Albut,,GK,molyeneaux-fc,Molyeneaux FC,,,unknown,,,,,,false,completed,1896-08-01-walter-whittaker-out,1896-08-01,,unknown,1,3,3,0,0,14,0.2143,,mufcinfo-transfers
1896-02-01-william-brooks-in,william-brooks:1,william-brooks,William Brooks,1896-02-01,month,1895-96,ah-albut,A. H. Albut,,FWD,stalybridge-rovers,Stalybridge Rovers,,,unknown,,,,,,true,completed,1896-02-01-william-brooks-out,1896-02-01,,unknown,0,0,0,0,0,1,0,,mufcinfo-transfers
1896-03-01-harry-stafford-in,harry-stafford:1,harry-stafford,Harry Stafford,1896-03-01,month,1896-97,ah-albut,A. H. Albut,,DEF,crewe-alexandria,Crewe Alexandria,,,unknown,,,,,,false,completed,1904-05-01-harry-stafford-out,1904-05-01,,unknown,8,192,192,0,0,292,0.6575,,mufcinfo-transfers
1896-04-01-william-bryant-in,william-bryant:1,william-bryant,William Bryant,1896-04-01,month,1896-97,ah-albut,A. H. Albut,,FWD,rotherham-town,Rotherham Town,,,unknown,,,,,,true,completed,1900-03-01-william-bryant-out,1900-03-01,50,fee,4,121,121,31,0,134,0.903,,mufcinfo-transfers
1896-05-01-caesar-jenkyns-in,caesar-jenkyns:1,caesar-jenkyns,Caesar Jenkyns,1896-05-01,month,1896-97,ah-albut,A. H. Albut,,MID,woolwich-arsenal,Woolwich Arsenal,,,unknown,,,,,,false,completed,1897-11-01-caesar-jenkyns-out,1897-11-01,,unknown,2,41,41,6,0,47,0.8723,,mufcinfo-transfers
1896-05-01-levi-william-draycott-in,transfer:1896-05-01-levi-william-draycott-in,,Levi William Draycott,1896-05-01,month,1896-97,ah-albut,A. H. Albut,,,burton-wanderers,Burton Wanderers,,,unknown,,,,,,false,unresolved,,,,,,,,,,,,,mufcinfo-transfers
1896-05-01-william-rimmer-brown-in,transfer:1896-05-01-william-rimmer-brown-in,,William Rimmer Brown,1896-05-01,month,1896-97,ah-albut,A. H. Albut,,,chester,Chester,,,unknown,,,,,,false,unresolved,,,,,,,,,,,,,mufcinfo-transfers
1896-06-01-joseph-wetherell-in,joe-wetherell:1,joe-wetherell,Joe Wetherell,1896-06-01,month,1896-97,ah-albut,A. H. Albut,,GK,,,,,unknown,,,,,,false,completed,1897-05-01-joseph-wetherell-out,1897-05-01,,unknown,1,2,2,0,0,38,0.0526,,mufcinfo-transfers
1896-09-01-frank-barrett-in,frank-barrett:1,frank-barrett,Frank Barrett,1896-09-01,month,1896-97,ah-albut,A. H. Albut,,GK,,,,,unknown,,,,,,false,completed,1900-05-01-frank-barrett-out,1900-05-01,,unknown,4,131,131,0,0,141,0.9291,,mufcinfo-transfers
1896-09-01-roger-doughty-in,roger-doughty:2,roger-doughty,Roger Doughty,1896-09-01,month,1896-97,ah-albut,A. H. Albut,,FWD,west-manchester,West Manchester,,,unknown,,,,,,true,completed,1897-04-01-roger-doughty-out,1897-04-01,,unknown,0,0,0,0,0,32,0,,mufcinfo-transfers
1896-11-01-matthew-gillespie-in,matthew-gillespie:1,matthew-gillespie,Matthew Gillespie,1896-11-01,month,1896-97,ah-albut,A. H. Albut,,FWD,lincoln-city,Lincoln City,,40,fee,1950,1950,,,,false,completed,1901-03-01-matthew-gillespie-out,1901-03-01,,unknown,4,85,85,17,0,154,0.5519,,mufcinfo-transfers
1896-12-01-francis-wedge-in,transfer:1896-12-01-francis-wedge-in,,Francis Wedge,1896-12-01,month,1896-97,ah-albut,A. H. Albut,,,manchester-talbot,Manchester Talbot,,,unknown,,,,,,false,unresolved,,,,,,,,,,,,,mufcinfo-transfers
1897-02-01-henry-boyd-in,henry-boyd:1,henry-boyd,Henry Boyd,1897-02-01,month,1896-97,ah-albut,A. H. Albut,,FWD,royal-arsenal,Royal Arsenal,,45,fee,2194,2194,,,,false,completed,1899-03-01-henry-boyd-out,1899-03-01,,unknown,3,60,60,32,0,76,0.7895,,mufcinfo-transfers
1897-02-01-william-morgan-in,billy-morgan:1,billy-morgan,Billy Morgan,1897-02-01,month,1896-97,ah-albut,A. H. Albut,,MID,horwich-fc,Horwich FC,,,unknown,,,,,,false,completed,1903-03-01-william-morgan-out,1903-03-01,,unknown,7,147,147,6,0,214,0.6869,,mufcinfo-transfers
1897-04-01-w-f-bogie-roberts-in,transfer:1897-04-01-w-f-bogie-roberts-in,,W. F. Bogie Roberts,1897-04-01,month,1897-98,ah-albut,A. H. Albut,,,,,,,unknown,,,,,,false,unresolved,,,,,,,,,,,,,mufcinfo-transfers
1897-05-01-henry-erentz-in,harry-erentz:1,harry-erentz,Harry Erentz,1897-05-01,month,1897-98,ah-albut,A. H. Albut,,DEF,dundee-old-boys,Dundee Old Boys,,,unknown,,,,,,false,completed,1898-05-01-henry-erentz-out,1898-05-01,,unknown,1,9,9,0,0,33,0.2727,,mufcinfo-transfers
1897-05-01-william-dunn-in,william-dunn:1,william-dunn,William Dunn,1897-05-01,month,1897-98,ah-albut,A. H. Albut,,FWD,south-bank,South Bank,,,unknown,,,,,,false,completed,1898-07-01-william-dunn-out,1898-07-01,,unknown,1,12,12,0,0,33,0.3636,,mufcinfo-transfers
1897-11-01-james-carman-in,james-carman:1,james-carman,James Carman,1897-11-01,month,1897-98,ah-albut,A. H. Albut,,FWD,oldham-county,Oldham County,,,unknown,,,,,,false,completed,1898-01-01-james-carman-out,1898-01-01,,unknown,1,3,3,2,0,8,0.375,,mufcinfo-transfers
1898-03-01-william-owen-in,william-owen:1,william-owen,William Owen,1898-03-01,month,1898-99,ah-albut,A. H. Albut,,,holywell,Holywell,,,unknown,,,,,,true,completed,1899-01-01-william-owen-out,1899-01-01,,unknown,1,1,1,0,0,27,0.037,,mufcinfo-transfers
1898-04-01-james-cairns-in,james-cairns-1898:1,james-cairns-1898,James Cairns,1898-04-01,month,1898-99,ah-albut,A. H. Albut,,FWD,lincoln-city,Lincoln City,,,unknown,,,,,,false,completed,1898-11-01-james-cairns-out,1898-11-01,,unknown,1,1,1,0,0,13,0.0769,,mufcinfo-transfers
1898-05-01-edwin-lee-in,edwin-lee:1,edwin-lee,Edwin Lee,1898-05-01,month,1898-99,ah-albut,A. H. Albut,,FWD,hurst-ramblers,Hurst Ramblers,,,unknown,,,,,,false,completed,1900-04-01-edwin-lee-out,1900-04-01,,unknown,2,10,10,5,0,64,0.1563,,mufcinfo-transfers
1898-05-01-owen-jones-in,owen-jones:1,owen-jones,Owen Jones,1898-05-01,month,1898-99,ah-albut,A. H. Albut,,FWD,chorley,Chorley,,,unknown,,,,,,false,completed,1898-10-01-owen-jones-out,1898-10-01,,unknown,1,2,2,0,0,5,0.4,,mufcinfo-transfers
1898-05-01-robert-turner-in,robert-turner:1,robert-turner,Robert Turner,1898-05-01,month,1898-99,ah-albut,A. H. Albut,,DEF,,,,,unknown,,,,,,false,completed,1899-02-01-robert-turner-out,1899-02-01,,unknown,1,1,1,0,0,23,0.0435,,mufcinfo-transfers
1898-08-01-william-brooks-in,william-brooks:2,william-brooks,William Brooks,1898-08-01,month,1898-99,ah-albut,A. H. Albut,,FWD,stalyidge-rovers,Stalyidge Rovers,,,unknown,,,,,,true,completed,1899-01-01-william-brooks-out,1899-01-01,,unknown,1,3,3,3,0,18,0.1667,,mufcinfo-transfers
1898-09-01-john-turner-in,john-turner:1,john-turner,John Turner,1898-09-01,month,1898-99,ah-albut,A. H. Albut,,MID,gravesend-united,Gravesend United,,,unknown,,,,,,false,completed,1903-05-01-john-turner-out,1903-05-01,,unknown,1,3,3,0,0,176,0.017,,mufcinfo-transfers
1898-10-01-james-connachan-in,james-connachan:1,james-connachan,James Connachan,1898-10-01,month,1898-99,ah-albut,A. H. Albut,,FWD,airdrieonians,Airdrieonians,,,unknown,,,,,,false,completed,1899-02-01-james-connachan-out,1899-02-01,,unknown,1,4,4,0,0,19,0.2105,,mufcinfo-transfers
1898-10-01-john-cunningham-in,john-cunningham:1,john-cunningham,John Cunningham,1898-10-01,month,1898-99,ah-albut,A. H. Albut,,FWD,aston-villa,Aston Villa,,,unknown,,,,,,false,completed,1899-03-01-john-cunningham-out,1899-03-01,,unknown,1,16,16,3,0,22,0.7273,,mufcinfo-transfers
1898-11-01-francis-frank-pepper-in,transfer:1898-11-01-francis-frank-pepper-in,,Francis Frank Pepper,1898-11-01,month,1898-99,ah-albut,A. H. Albut,,,sheffield-united,Sheffield United,,,unknown,,,,,,false,unresolved,,,,,,,,,,,,,mufcinfo-transfers
1898-11-01-george-radcliffe-in,george-radcliffe:1,george-radcliffe,George Radcliffe,1898-11-01,month,1898-99,ah-albut,A. H. Albut,,,,,,,unknown,,,,,,false,completed,1899-05-01-george-radcliffe-out,1899-05-01,,unknown,1,1,1,0,0,28,0.0357,,mufcinfo-transfers
1899-01-01-robert-walker-in,robert-walker:1,robert-walker,Robert Walker,1899-01-01,month,1898-99,ah-albut,A. H. Albut,,,,,,,unknown,,,,,,false,unclosed_record,,,,,1,2,2,0,0,5805,0.0003,,mufcinfo-transfers
1899-02-01-john-gourlay-in,john-gourlay:1,john-gourlay,John Gourlay,1899-02-01,month,1898-99,ah-albut,A. H. Albut,,DEF,annbank,Annbank,,,unknown,,,,,,false,unclosed_record,,,,,1,1,1,0,0,5801,0.0002,,mufcinfo-transfers
1899-02-01-william-griffiths-in,billy-griffiths:1,billy-griffiths,Billy Griffiths,1899-02-01,month,1898-99,ah-albut,A. H. Albut,,MID,berry-s-association-fc,Berry's Association FC,,,unknown,,,,,,false,completed,1905-05-01-william-griffiths-out,1905-05-01,,unknown,7,163,163,28,0,225,0.7244,,mufcinfo-transfers
1899-03-01-alfred-ambler-in,alfred-ambler:1,alfred-ambler,Alfred Ambler,1899-03-01,month,1899-00,ah-albut,A. H. Albut,,DEF,hyde-united,Hyde United,,,unknown,,,,,,false,completed,1901-05-01-alfred-ambler-out,1901-05-01,,unknown,2,10,10,1,0,80,0.125,,mufcinfo-transfers
1899-03-01-james-hopkins-in,james-hopkins:1,james-hopkins,James Hopkins,1899-03-01,month,1899-00,ah-albut,A. H. Albut,,FWD,berry-s-association,Berry's Association,,,unknown,,,,,,false,completed,1899-03-01-james-hopkins-out,1899-03-01,,unknown,0,0,0,0,0,0,,,mufcinfo-transfers
1899-04-21-joseph-heathcote-in,joe-heathcote:1,joe-heathcote,Joe Heathcote,1899-04-21,day,1899-00,ah-albut,A. H. Albut,,FWD,berry-s-association-fc,Berry's Association FC,,,unknown,,,,,,false,unclosed_record,,,,,3,8,8,0,0,5788,0.0014,,mufcinfo-transfers
1899-07-01-william-jackson-in,william-jackson:1,william-jackson,William Jackson,1899-07-01,month,1899-00,ah-albut,A. H. Albut,,FWD,st-helens-recreation,St Helens Recreation,,,unknown,,,,,,false,completed,1901-04-01-william-jackson-out,1901-04-01,,unknown,2,58,58,10,0,65,0.8923,,mufcinfo-transfers
1899-08-01-david-fitzsimmons-in,david-fitzsimmons:2,david-fitzsimmons,David Fitzsimmons,1899-08-01,month,1899-00,ah-albut,A. H. Albut,,MID,wigan-county,Wigan County,,,unknown,,,,,,true,completed,1900-01-01-david-fitzsimmons-out,1900-01-01,,unknown,1,2,2,0,0,16,0.125,,mufcinfo-transfers
1899-09-01-james-bain-in,james-bain:1,james-bain,James Bain,1899-09-01,month,1899-00,ah-albut,A. H. Albut,,FWD,dundee,Dundee,,,unknown,,,,,,false,completed,1899-10-01-james-bain-out,1899-10-01,,unknown,1,2,2,1,0,5,0.4,,mufcinfo-transfers
1899-09-01-joseph-clark-in,joe-clark:1,joe-clark,Joe Clark,1899-09-01,month,1899-00,ah-albut,A. H. Albut,,FWD,dundee,Dundee,,,unknown,,,,,,false,completed,1900-05-01-joseph-clark-out,1900-05-01,,unknown,1,9,9,0,0,34,0.2647,,mufcinfo-transfers
1899-09-01-thomas-sawyer-in,thomas-sawyer:1,thomas-sawyer,Thomas Sawyer,1899-09-01,month,1899-00,ah-albut,A. H. Albut,,FWD,,,,,unknown,,,,,,false,completed,1901-05-01-thomas-sawyer-out,1901-05-01,,unknown,2,6,6,0,0,70,0.0857,,mufcinfo-transfers
1899-10-01-peter-blackmore-in,peter-blackmore:1,peter-blackmore,Peter Blackmore,1899-10-01,month,1899-00,ah-albut,A. H. Albut,,FWD,,,,,unknown,,,,,,false,completed,1899-10-01-peter-blackmore-out,1899-10-01,,unknown,0,0,0,0,0,0,,,mufcinfo-transfers
1899-10-01-robert-parkinson-in,bob-parkinson:1,bob-parkinson,Bob Parkinson,1899-10-01,month,1899-00,ah-albut,A. H. Albut,,FWD,nottingham-forest,Nottingham Forest,,,unknown,,,,,,false,completed,1900-11-01-robert-parkinson-out,1900-11-01,,unknown,1,15,15,7,0,38,0.3947,,mufcinfo-transfers
1900-01-01-gilbert-godsmark-in,gilbert-godsmark:1,gilbert-godsmark,Gilbert Godsmark,1900-01-01,month,1899-00,ah-albut,A. H. Albut,,FWD,ashford-fc,Ashford FC,,40,fee,1950,1950,,,,false,unclosed_record,,,,,1,9,9,4,0,5771,0.0016,,mufcinfo-transfers
1900-02-01-george-foley-in,george-foley:1,george-foley,George Foley,1900-02-01,month,1899-00,ah-albut,A. H. Albut,,,ashford-fc,Ashford FC,,,unknown,,,,,,false,completed,1901-05-01-george-foley-out,1901-05-01,,unknown,1,7,7,0,0,51,0.1373,,mufcinfo-transfers
1900-02-01-richard-smith-in,dick-smith:2,dick-smith,Dick Smith,1900-02-01,month,1899-00,ah-albut,A. H. Albut,,FWD,wigan-county,Wigan County,,,unknown,,,,,,true,completed,1901-01-01-richard-smith-out,1901-01-01,,unknown,2,17,17,2,0,33,0.5152,,mufcinfo-transfers
1900-03-01-thomas-leigh-in,tommy-leigh:1,tommy-leigh,Tommy Leigh,1900-03-01,month,1900-01,ah-albut,A. H. Albut,,FWD,new-brighton-tower,New Brighton Tower,,,unknown,,,,,,false,completed,1901-05-01-thomas-leigh-out,1901-05-01,,unknown,2,45,45,16,0,47,0.9574,,mufcinfo-transfers
1900-04-01-alfred-schofield-in,alf-schofield:1,alf-schofield,Alf Schofield,1900-04-01,month,1900-01,ah-albut,A. H. Albut,,FWD,everton,Everton,,50,fee,2438,2438,,,,false,completed,1908-05-01-alfred-schofield-out,1908-05-01,,unknown,7,166,166,32,0,308,0.539,,mufcinfo-transfers
1900-04-01-edward-holt-in,edward-holt:1,edward-holt,Edward Holt,1900-04-01,month,1900-01,ah-albut,A. H. Albut,,FWD,newton-heath-athletic,Newton Heath Athletic,,,unknown,,,,,,false,completed,1900-11-01-edward-holt-out,1900-11-01,,unknown,1,1,1,1,0,15,0.0667,,mufcinfo-transfers
1900-04-01-john-grundy-in,jack-grundy:1,jack-grundy,Jack Grundy,1900-04-01,month,1900-01,ah-albut,A. H. Albut,,FWD,wigan-county,Wigan County,,,unknown,,,,,,false,completed,1901-02-01-john-grundy-out,1901-02-01,,unknown,2,11,11,3,0,26,0.4231,,mufcinfo-transfers
1900-05-01-james-garvey-in,james-garvey:1,james-garvey,James Garvey,1900-05-01,month,1900-01,ah-albut,A. H. Albut,,,wigan-county,Wigan County,,,unknown,,,,,,false,completed,1901-06-01-james-garvey-out,1901-06-01,,unknown,1,6,6,0,0,36,0.1667,,mufcinfo-transfers
1900-06-01-reginald-lawson-in,transfer:1900-06-01-reginald-lawson-in,,Reginald Lawson,1900-06-01,month,1900-01,ah-albut,A. H. Albut,,,cheshire-college,Cheshire College,,,unknown,,,,,,false,unresolved,,,,,,,,,,,,,mufcinfo-transfers
1900-08-01-vincent-hayes-in,transfer:1900-08-01-vincent-hayes-in,,Vincent Hayes,1900-08-01,month,1900-01,james-west,James West,,,newton-heath-athletic,Newton Heath Athletic,,,unknown,,,,,,false,unresolved,,,,,,,,,,,,,mufcinfo-transfers
1900-09-01-james-whitehouse-in,jimmy-whitehouse:1,jimmy-whitehouse,Jimmy Whitehouse,1900-09-01,month,1900-01,james-west,James West,,GK,grimsby-town,Grimsby Town,,,unknown,,,,,,false,completed,1903-02-01-james-whitehouse-out,1903-02-01,,unknown,3,61,61,0,0,90,0.6778,,mufcinfo-transfers
1900-10-01-james-fisher-in,james-fisher:1,james-fisher,James Fisher,1900-10-01,month,1900-01,james-west,James West,,FWD,kings-park-fc,Kings Park FC,,,unknown,,,,,,false,completed,1902-01-01-james-fisher-out,1902-01-01,,unknown,2,43,43,3,0,47,0.9149,,mufcinfo-transfers
1900-10-01-wilson-greenwood-in,wilson-greenwood:1,wilson-greenwood,Wilson Greenwood,1900-10-01,month,1900-01,james-west,James West,,FWD,grimsby-town,Grimsby Town,,,unknown,,,,,,false,completed,1900-12-01-wilson-greenwood-out,1900-12-01,,unknown,1,3,3,0,0,7,0.4286,,mufcinfo-transfers
1900-12-01-hugh-morgan-in,hugh-morgan:1,hugh-morgan,Hugh Morgan,1900-12-01,month,1900-01,james-west,James West,,FWD,bolton-wanderers,Bolton Wanderers,,,unknown,,,,,,false,completed,1901-08-01-hugh-morgan-out,1901-08-01,,unknown,1,22,22,4,0,25,0.88,,mufcinfo-transfers
1900-12-01-william-booth-in,william-booth:1,william-booth,William Booth,1900-12-01,month,1900-01,james-west,James West,,FWD,edge-lane,Edge Lane,,,unknown,,,,,,false,completed,1902-04-01-william-booth-out,1902-04-01,,unknown,1,2,2,0,0,55,0.0364,,mufcinfo-transfers
1901-01-01-harry-lappin-in,harry-lappin:1,harry-lappin,Harry Lappin,1901-01-01,month,1900-01,james-west,James West,,FWD,oldham-athletic,Oldham Athletic,,,unknown,,,,,,false,unclosed_record,,,,,3,27,27,4,0,5736,0.0047,,mufcinfo-transfers
1901-01-01-samuel-johnson-in,samuel-johnson:1,samuel-johnson,Samuel Johnson,1901-01-01,month,1900-01,james-west,James West,,FWD,tongue-fc,Tongue FC,,,unknown,,,,,,false,completed,1902-10-01-samuel-johnson-out,1902-10-01,,unknown,1,1,1,0,0,57,0.0175,,mufcinfo-transfers
1901-08-01-jack-banks-in,jack-banks:1,jack-banks,Jack Banks,1901-08-01,month,1901-02,james-west,James West,,MID,west-bromwich-albion,West Bromwich Albion,,,unknown,,,,,,false,completed,1903-05-01-jack-banks-out,1903-05-01,,unknown,2,40,40,0,0,70,0.5714,,mufcinfo-transfers
1901-08-01-james-saunders-in,james-saunders:1,james-saunders,James Saunders,1901-08-01,month,1901-02,james-west,James West,,GK,middlesbrough,Middlesbrough,,,unknown,,,,,,false,completed,1905-07-01-james-saunders-out,1905-07-01,,unknown,2,12,12,0,0,141,0.0851,,mufcinfo-transfers
1901-08-01-william-bill-williams-in,bill-williams:1,bill-williams,Bill Williams,1901-08-01,month,1901-02,james-west,James West,,FWD,bristol-rovers,Bristol Rovers,,,unknown,,,,,,false,completed,1901-10-01-william-williams-out,1901-10-01,,unknown,1,3,3,0,0,4,0.75,,mufcinfo-transfers
1901-08-01-william-smith-in,transfer:1901-08-01-william-smith-in,,William Smith,1901-08-01,month,1901-02,james-west,James West,,,stockport-county,Stockport County,,15,fee,731,731,,,,false,unresolved,,,,,,,,,,,,,mufcinfo-transfers
1901-09-01-james-coupar-in,jimmy-coupar:2,jimmy-coupar,Jimmy Coupar,1901-09-01,month,1901-02,james-west,James West,,FWD,swindon-town,Swindon Town,,,unknown,,,,,,true,completed,1902-04-01-james-coupar-out,1902-04-01,,unknown,1,8,8,2,0,30,0.2667,,mufcinfo-transfers
1901-10-01-alexandersandy-higgins-in,transfer:1901-10-01-alexandersandy-higgins-in,,AlexanderSandy Higgins,1901-10-01,month,1901-02,james-west,James West,,,middlesbrough,Middlesbrough,,,unknown,,,,,,false,unresolved,,,,,,,,,,,,,mufcinfo-transfers
1901-12-01-william-richards-in,billy-richards:1,billy-richards,Billy Richards,1901-12-01,month,1901-02,james-west,James West,,FWD,west-bromwich-albion,West Bromwich Albion,,40,fee,1950,1950,,,,false,completed,1902-05-01-william-richards-out,1902-05-01,,unknown,1,9,9,1,0,22,0.4091,,mufcinfo-transfers
1902-02-01-james-higson-in,james-higson:1,james-higson,James Higson,1902-02-01,month,1901-02,james-west,James West,,FWD,manchester-wednesday,Manchester Wednesday,,,unknown,,,,,,false,completed,1902-05-01-james-higson-out,1902-05-01,,unknown,1,5,5,1,0,15,0.3333,,mufcinfo-transfers
1902-05-01-arthur-marshall-in,arthur-marshall:1,arthur-marshall,Arthur Marshall,1902-05-01,month,1902-03,james-west,James West,,DEF,stockport-county,Stockport County,,,unknown,,,,,,false,completed,1903-05-01-arthur-marshall-out,1903-05-01,,unknown,1,6,6,0,0,36,0.1667,,mufcinfo-transfers
1902-05-01-daniel-hurst-in,daniel-hurst:1,daniel-hurst,Daniel Hurst,1902-05-01,month,1902-03,james-west,James West,,MID,manchester-city,Manchester City,,,unknown,,,,,,false,completed,1903-06-01-daniel-hurst-out,1903-06-01,,unknown,1,18,18,4,0,36,0.5,,mufcinfo-transfers
1902-05-01-ernest-street-in,ernest-street:1,ernest-street,Ernest Street,1902-05-01,month,1902-03,james-west,James West,,FWD,sale-homefield,Sale Homefield,,,unknown,,,,,,false,completed,1904-04-01-ernest-street-out,1904-04-01,,unknown,1,3,3,0,0,65,0.0462,,mufcinfo-transfers
1902-06-01-ernest-in,transfer:1902-06-01-ernest-in,,Ernest,1902-06-01,month,1902-03,james-west,James West,,,preston-north-end,Preston North End,,,unknown,,,,,,false,unresolved,,,,,,,,,,,,,mufcinfo-transfers
1902-06-01-fredrick-williams-in,transfer:1902-06-01-fredrick-williams-in,,Fredrick Williams,1902-06-01,month,1902-03,james-west,James West,,,manchester-city,Manchester City,,,unknown,,,,,,false,unresolved,,,,,,,,,,,,,mufcinfo-transfers
1902-07-01-john-jack-peddie-in,jack-peddie:1,jack-peddie,Jack Peddie,1902-07-01,year,1902-03,james-west,James West,,FWD,newcastle-united,Newcastle United,,,unknown,,,,,,true,completed,1903-07-01-jack-peddie-out,1903-07-01,,unknown,1,32,32,13,0,36,0.8889,,mufcinfo-transfers
1902-07-01-william-bunce-in,william-bunce:1,william-bunce,William Bunce,1902-07-01,month,1902-03,james-west,James West,,DEF,stockport-county,Stockport County,,,unknown,,,,,,false,completed,1903-07-01-william-bunce-out,1903-07-01,,unknown,1,2,2,0,0,36,0.0556,,mufcinfo-transfers
1902-08-01-charles-richards-in,charlie-richards:1,charlie-richards,Charlie Richards,1902-08-01,month,1902-03,james-west,James West,,FWD,leicester-fosse,Leicester Fosse,,,unknown,,,,,,false,completed,1903-03-01-charles-richards-out,1903-03-01,,unknown,1,8,8,1,0,24,0.3333,,mufcinfo-transfers
1902-08-01-thomas-in,transfer:1902-08-01-thomas-in,,Thomas,1902-08-01,month,1902-03,james-west,James West,,,manchester-city,Manchester City,,,unknown,,,,,,false,unresolved,,,,,,,,,,,,,mufcinfo-transfers
1902-09-01-john-christie-in,john-christie:1,john-christie,John Christie,1902-09-01,month,1902-03,james-west,James West,,DEF,sale-homefield,Sale Homefield,,,unknown,,,,,,false,unclosed_record,,,,,1,1,1,0,0,5683,0.0002,,mufcinfo-transfers
1902-10-01-alex-downie-in,alex-downie:1,alex-downie,Alex Downie,1902-10-01,month,1902-03,james-west,James West,,MID,swindon-town,Swindon Town,,,unknown,,,,,,false,completed,1909-10-01-alexander-downie-out,1909-10-01,600,fee,8,182,182,14,0,279,0.6523,1907-08,mufcinfo-transfers
1902-10-01-arthur-beadsworth-in,arthur-beadsworth:1,arthur-beadsworth,Arthur Beadsworth,1902-10-01,month,1902-03,james-west,James West,,FWD,preston-north-end,Preston North End,,,unknown,,,,,,false,completed,1903-06-01-arthur-beadsworth-out,1903-06-01,,unknown,1,9,9,1,0,32,0.2813,,mufcinfo-transfers
1902-10-01-harry-cleaver-in,harry-cleaver:1,harry-cleaver,Harry Cleaver,1902-10-01,month,1902-03,james-west,James West,,,desborough-fc,Desborough FC,,,unknown,,,,,,false,completed,1903-06-01-harry-cleaver-out,1903-06-01,,unknown,1,1,1,0,0,32,0.0313,,mufcinfo-transfers
1902-10-01-herbert-birchenough-in,herbert-birchenough:1,herbert-birchenough,Herbert Birchenough,1902-10-01,month,1902-03,james-west,James West,,GK,glossop,Glossop,,,unknown,,,,,,false,completed,1903-05-01-herbert-birchenough-out,1903-05-01,,unknown,1,27,27,0,0,32,0.8438,,mufcinfo-transfers
1902-10-01-herbert-rothwell-in,herbert-rothwell:1,herbert-rothwell,Herbert Rothwell,1902-10-01,month,1902-03,james-west,James West,,DEF,glossop-north-end,Glossop North End,,,unknown,,,,,,false,completed,1903-12-01-herbert-rothwell-out,1903-12-01,,unknown,1,24,24,0,0,43,0.5581,,mufcinfo-transfers
1902-10-01-william-ball-in,billy-ball:1,billy-ball,Billy Ball,1902-10-01,month,1902-03,james-west,James West,,DEF,blackburn-rovers,Blackburn Rovers,,,unknown,,,,,,false,completed,1903-06-01-william-ball-out,1903-06-01,,unknown,1,4,4,0,0,32,0.125,,mufcinfo-transfers
1902-11-01-lawrence-smith-in,lawrence-smith:1,lawrence-smith,Lawrence Smith,1902-11-01,month,1902-03,james-west,James West,,FWD,army-football,Army Football,,,unknown,,,,,,false,completed,1903-06-01-lawrence-smith-out,1903-06-01,,unknown,1,10,10,1,0,29,0.3448,,mufcinfo-transfers
1902-12-01-thomas-morrison-in,tommy-morrison:1,tommy-morrison,Tommy Morrison,1902-12-01,month,1902-03,james-west,James West,,FWD,burnley,Burnley,,,unknown,,,,,,false,completed,1904-09-01-thomas-morrison-out,1904-09-01,,unknown,2,32,32,8,0,63,0.5079,,mufcinfo-transfers
1903-01-01-alexander-bell-in,alex-bell:1,alex-bell,Alex Bell,1903-01-01,month,1902-03,james-west,James West,,MID,ayr-parkhouse,Ayr Parkhouse,,700,fee,34132,34132,,,,false,completed,1913-07-01-alexander-bell-out,1913-07-01,1000,fee,11,306,306,10,0,430,0.7116,1907-08|1908-09|1910-11|1911-12,mufcinfo-transfers
1903-01-01-william-mccartney-in,william-mccartney:1,william-mccartney,William McCartney,1903-01-01,month,1902-03,james-west,James West,,FWD,hibernian,Hibernian,,,unknown,,,,,,false,completed,1903-07-01-william-mccartney-out,1903-07-01,,unknown,0,0,0,0,0,21,0,,mufcinfo-transfers
1903-02-01-thomas-arkesden-in,tommy-arkesden:1,tommy-arkesden,Tommy Arkesden,1903-02-01,month,1902-03,james-west,James West,,FWD,burton-united,Burton United,,150,fee,7314,7314,,,,false,completed,1907-07-01-thomas-arkesden-out,1907-07-01,,unknown,4,73,73,29,0,169,0.432,,mufcinfo-transfers
1903-03-01-john-fitchett-in,john-fitchett:1,john-fitchett,John Fitchett,1903-03-01,month,1903-04,james-west,James West,,,southampton,Southampton,,,unknown,,,,,,true,completed,1903-05-01-john-fitchett-out,1903-05-01,,unknown,1,5,5,1,0,12,0.4167,,mufcinfo-transfers
1903-05-01-alexander-robertson-in,alex-robertson:1,alex-robertson,Alex Robertson,1903-05-01,month,1903-04,james-west,James West,,,hibernian,Hibernian,,,unknown,,,,,,false,completed,1907-06-01-alexander-robertson-out,1907-06-01,,unknown,3,34,34,10,0,153,0.2222,,mufcinfo-transfers
1903-05-01-harry-moger-in,harry-moger:1,harry-moger,Harry Moger,1903-05-01,month,1903-04,james-west,James West,,GK,southampton,Southampton,,,unknown,,,,,,false,unclosed_record,,,,,9,263,263,0,0,5647,0.0466,1907-08|1908-09|1910-11,mufcinfo-transfers
1903-05-01-john-sutcliffe-in,john-willie-sutcliffe:1,john-willie-sutcliffe,John Willie Sutcliffe,1903-05-01,month,1903-04,james-west,James West,,GK,millwall-athletic,Millwall Athletic,,,unknown,,,,,,false,completed,1905-01-01-john-sutcliffe-out,1905-01-01,,unknown,1,24,24,0,0,54,0.4444,,mufcinfo-transfers
1903-05-01-robert-bonthron-in,bob-bonthron:1,bob-bonthron,Bob Bonthron,1903-05-01,month,1903-04,james-west,James West,,DEF,dundee,Dundee,,,unknown,,,,,,false,completed,1907-05-01-robert-bonthron-out,1907-05-01,,unknown,4,127,127,3,0,153,0.8301,,mufcinfo-transfers
1903-05-01-robert-valentine-in,bob-valentine:1,bob-valentine,Bob Valentine,1903-05-01,month,1903-04,james-west,James West,,GK,swinton-rlfc,Swinton RLFC,,,unknown,,,,,,false,completed,1907-07-01-robert-valentine-out,1907-07-01,,unknown,2,10,10,0,0,153,0.0654,,mufcinfo-transfers
1903-05-01-sandy-robertson-in,sandy-robertson:1,sandy-robertson,Sandy Robertson,1903-05-01,month,1903-04,james-west,James West,,FWD,middlesbrough,Middlesbrough,,,unknown,,,,,,false,completed,1907-05-01-sandy-robertson-out,1907-05-01,,unknown,2,31,31,1,0,153,0.2026,,mufcinfo-transfers
1903-05-01-thomas-robertson-in,tommy-robertson:1,tommy-robertson,Tommy Robertson,1903-05-01,month,1903-04,james-west,James West,,MID,dundee,Dundee,,,unknown,,,,,,false,unclosed_record,,,,,1,3,3,0,0,5647,0.0005,,mufcinfo-transfers
1903-06-01-thomas-blackstock-in,tommy-blackstock:1,tommy-blackstock,Tommy Blackstock,1903-06-01,month,1903-04,james-west,James West,,DEF,cowdenbeath,Cowdenbeath,,,unknown,,,,,,false,unclosed_record,,,,,4,35,35,0,0,5647,0.0062,,mufcinfo-transfers
1903-08-01-ralph-gaudie-in,ralph-gaudie:1,ralph-gaudie,Ralph Gaudie,1903-08-01,month,1903-04,james-west,James West,,FWD,woolwich-arsenal,Woolwich Arsenal,,,unknown,,,,,,false,unclosed_record,,,,,1,7,7,0,0,5647,0.0012,,mufcinfo-transfers
1903-09-01-proctor-hall-in,proctor-hall:1,proctor-hall,Proctor Hall,1903-09-01,month,1903-04,james-west,James West,,FWD,oswaldtwistle-rovers,Oswaldtwistle Rovers,,,unknown,,,,,,false,completed,1905-07-01-proctor-hall-out,1905-07-01,,unknown,1,8,8,2,0,71,0.1127,,mufcinfo-transfers
1903-09-01-william-grassam-in,billy-grassam:1,billy-grassam,Billy Grassam,1903-09-01,month,1903-04,james-west,James West,,FWD,glasgow-celtic,Glasgow Celtic,,,unknown,,,,,,false,unclosed_record,,,,,2,30,30,13,0,5647,0.0053,,mufcinfo-transfers
1903-10-01-richard-duckworth-in,dick-duckworth:1,dick-duckworth,Dick Duckworth,1903-10-01,month,1903-04,ernest-mangnall,Ernest Mangnall,,MID,newton-heath-athletic,Newton Heath Athletic,,,unknown,,,,,,false,completed,1915-07-01-dick-duckworth-out,1915-07-01,,unknown,11,254,254,11,0,482,0.527,1907-08|1908-09|1910-11|1911-12,mufcinfo-transfers
1903-11-01-joseph-schofield-in,joe-schofield:1,joe-schofield,Joe Schofield,1903-11-01,month,1903-04,ernest-mangnall,Ernest Mangnall,,MID,ashton-town,Ashton Town,,,unknown,,,,,,false,completed,1905-06-01-joseph-schofield-out,1905-06-01,,unknown,1,2,2,0,0,62,0.0323,,mufcinfo-transfers
1904-01-01-hugh-kerr-in,hugh-kerr:1,hugh-kerr,Hugh Kerr,1904-01-01,month,1903-04,ernest-mangnall,Ernest Mangnall,,FWD,ayr-fc,Ayr FC,,,unknown,,,,,,false,completed,1904-05-01-hugh-kerr-out,1904-05-01,,unknown,1,2,2,0,0,23,0.087,,mufcinfo-transfers
1904-04-01-charles-roberts-in,charlie-roberts:1,charlie-roberts,Charlie Roberts,1904-04-01,month,1904-05,ernest-mangnall,Ernest Mangnall,,MID,grimsby-town,Grimsby Town,,600,fee,29256,29256,,,,false,completed,1913-08-01-charles-roberts-out,1913-08-01,1500,fee,10,302,302,23,0,381,0.7927,1907-08|1908-09|1910-11|1911-12,mufcinfo-transfers
1904-04-01-george-lyons-in,george-lyons:1,george-lyons,George Lyons,1904-04-01,month,1904-05,ernest-mangnall,Ernest Mangnall,,FWD,black-lane-temperance,Black Lane Temperance,,,unknown,,,,,,false,completed,1906-07-01-george-lyons-out,1906-07-01,,unknown,2,4,4,0,0,85,0.0471,,mufcinfo-transfers
1904-04-01-william-hartwell-in,william-hartwell:1,william-hartwell,William Hartwell,1904-04-01,month,1904-05,ernest-mangnall,Ernest Mangnall,,FWD,kettering-town,Kettering Town,,,unknown,,,,,,false,completed,1905-04-01-william-hartwell-out,1905-04-01,,unknown,2,3,3,0,0,38,0.0789,,mufcinfo-transfers
1904-05-01-harry-williams-in,harry-williams:1,harry-williams,Harry Williams,1904-05-01,month,1904-05,ernest-mangnall,Ernest Mangnall,,DEF,burnley,Burnley,,,unknown,,,,,,true,completed,1908-08-01-harry-williams-out,1908-08-01,,unknown,0,0,0,8,0,159,0,,mufcinfo-transfers
1904-05-01-john-jack-in,transfer:1904-05-01-john-jack-in,,John Jack,1904-05-01,month,1904-05,ernest-mangnall,Ernest Mangnall,,,bishop-auckland,Bishop Auckland,,,unknown,,,,,,false,unresolved,,,,,,,,,,,,,mufcinfo-transfers
1904-05-01-richard-holden-in,dick-holden:1,dick-holden,Dick Holden,1904-05-01,month,1904-05,ernest-mangnall,Ernest Mangnall,,DEF,tonge-fc,Tonge FC,,,unknown,,,,,,false,unclosed_record,,,,,9,117,117,0,0,5610,0.0209,1907-08|1910-11,mufcinfo-transfers
1904-06-01-john-fitchett-in,john-fitchett:2,john-fitchett,John Fitchett,1904-06-01,month,1904-05,ernest-mangnall,Ernest Mangnall,,,plymouth-argyle,Plymouth Argyle,,,unknown,,,,,,true,completed,1905-06-01-john-fitchett-out,1905-06-01,,unknown,1,11,11,0,0,34,0.3235,,mufcinfo-transfers
1904-07-01-charles-mackie-in,charles-mackie:1,charles-mackie,Charles Mackie,1904-07-01,year,1904-05,ernest-mangnall,Ernest Mangnall,,FWD,aberdeen,Aberdeen,,,unknown,,,,,,false,completed,1905-07-01-charles-mackie-out,1905-07-01,,unknown,1,5,5,3,0,34,0.1471,,mufcinfo-transfers
1904-07-01-jack-peddie-in,jack-peddie:2,jack-peddie,Jack Peddie,1904-07-01,year,1904-05,ernest-mangnall,Ernest Mangnall,,FWD,plymouth-argyle,Plymouth Argyle,,,unknown,,,,,,true,completed,1907-01-01-jack-peddie-out,1907-01-01,,unknown,3,84,84,43,0,98,0.8571,,mufcinfo-transfers
1905-02-01-john-clem-in,transfer:1905-02-01-john-clem-in,,John Clem,1905-02-01,month,1904-05,ernest-mangnall,Ernest Mangnall,,,burton-united,Burton United,,,unknown,,,,,,false,unresolved,,,,,,,,,,,,,mufcinfo-transfers
1905-03-01-richard-wombwell-in,dick-wombwell:1,dick-wombwell,Dick Wombwell,1905-03-01,month,1905-06,ernest-mangnall,Ernest Mangnall,,MID,bristol-city,Bristol City,,,unknown,,,,,,false,completed,1907-01-01-dick-wombwell-out,1907-01-01,,unknown,3,49,49,3,0,74,0.6622,,mufcinfo-transfers
1905-05-01-archibald-montgomery-in,transfer:1905-05-01-archibald-montgomery-in,,Archibald Montgomery,1905-05-01,month,1905-06,ernest-mangnall,Ernest Mangnall,,,bury,Bury,,,unknown,,,,,,false,unresolved,,,,,,,,,,,,,mufcinfo-transfers
1905-05-01-charles-sagar-in,charlie-sagar:1,charlie-sagar,Charlie Sagar,1905-05-01,month,1905-06,ernest-mangnall,Ernest Mangnall,,FWD,bury,Bury,,,unknown,,,,,,false,completed,1907-06-01-charles-sagar-out,1907-06-01,,unknown,2,33,33,24,0,82,0.4024,,mufcinfo-transfers
1905-05-01-james-dyer-in,jimmy-dyer:1,jimmy-dyer,Jimmy Dyer,1905-05-01,month,1905-06,ernest-mangnall,Ernest Mangnall,,FWD,ashton-town,Ashton Town,,,unknown,,,,,,false,unclosed_record,,,,,1,1,1,0,0,5576,0.0002,,mufcinfo-transfers
1905-07-01-jack-picken-in,jack-picken:1,jack-picken,Jack Picken,1905-07-01,year,1905-06,ernest-mangnall,Ernest Mangnall,,FWD,plymouth-argyle,Plymouth Argyle,,,unknown,,,,,,false,unclosed_record,,,,,6,122,122,45,0,5576,0.0219,1907-08|1910-11,mufcinfo-transfers
1905-11-01-bernard-donaghy-in,transfer:1905-11-01-bernard-donaghy-in,,Bernard Donaghy,1905-11-01,month,1905-06,ernest-mangnall,Ernest Mangnall,,,derry-celtic,Derry Celtic,,,unknown,,,,,,false,unresolved,,,,,,,,,,,,,mufcinfo-transfers
1905-11-01-joseph-williams-in,transfer:1905-11-01-joseph-williams-in,,Joseph Williams,1905-11-01,month,1905-06,ernest-mangnall,Ernest Mangnall,,,macclesfield-fc,Macclesfield FC,,,unknown,,,,,,false,unresolved,,,,,,,,,,,,,mufcinfo-transfers
1906-03-01-harry-wilkinson-in,harry-wilkinson:1,harry-wilkinson,Harry Wilkinson,1906-03-01,month,1906-07,ernest-mangnall,Ernest Mangnall,,FWD,west-ham-united,West Ham United,,,unknown,,,,,,false,unclosed_record,,,,,0,0,0,0,0,5547,0,,mufcinfo-transfers
1906-03-01-horace-blew-in,horace-blew:1,horace-blew,Horace Blew,1906-03-01,month,1906-07,ernest-mangnall,Ernest Mangnall,,DEF,bury,Bury,,,unknown,,,,,,false,completed,1906-09-01-horace-blew-out,1906-09-01,,unknown,1,1,1,0,0,14,0.0714,,mufcinfo-transfers
1906-04-01-george-wall-in,george-wall:1,george-wall,George Wall,1906-04-01,day,1906-07,ernest-mangnall,Ernest Mangnall,,FWD,barnsley,Barnsley,,175,fee,8533,8533,,,,false,completed,1919-03-01-george-wall-out,1919-03-01,200,fee,10,319,319,93,0,381,0.8373,1907-08|1908-09|1910-11|1911-12,mufcinfo-transfers
1906-05-01-aaron-hulme-in,aaron-hulme:1,aaron-hulme,Aaron Hulme,1906-05-01,month,1906-07,ernest-mangnall,Ernest Mangnall,,DEF,oldham-athletic,Oldham Athletic,,,unknown,,,,,,false,completed,1909-07-01-aaron-hulme-out,1909-07-01,,unknown,2,4,4,0,0,128,0.0313,,mufcinfo-transfers
1906-05-01-ernest-thomson-in,ernest-thomson:1,ernest-thomson,Ernest Thomson,1906-05-01,month,1906-07,ernest-mangnall,Ernest Mangnall,,DEF,darwen-fc,Darwen FC,,,unknown,,,,,,false,completed,1909-07-01-ernest-thomson-out,1909-07-01,,unknown,2,4,4,0,0,128,0.0313,,mufcinfo-transfers
1906-06-01-franklin-buckley-in,transfer:1906-06-01-franklin-buckley-in,,Franklin Buckley,1906-06-01,month,1906-07,ernest-mangnall,Ernest Mangnall,,,brighton-and-hove-albion,Brighton & Hove Albion,,,unknown,,,,,,false,unresolved,,,,,,,,,,,,,mufcinfo-transfers
1906-06-01-william-yates-in,william-yates:1,william-yates,William Yates,1906-06-01,month,1906-07,ernest-mangnall,Ernest Mangnall,,FWD,brighton-and-hove-albion,Brighton & Hove Albion,,,unknown,,,,,,false,completed,1907-01-01-william-yates-out,1907-01-01,,unknown,1,3,3,0,0,22,0.1364,,mufcinfo-transfers
1906-10-01-arthur-young-in,arthur-young:1,arthur-young,Arthur Young,1906-10-01,month,1906-07,ernest-mangnall,Ernest Mangnall,,FWD,hurlford-thistle,Hurlford Thistle,,,unknown,,,,,,false,completed,1906-11-01-arthur-young-out,1906-11-01,,unknown,1,1,1,0,0,4,0.25,,mufcinfo-transfers
1906-10-01-william-meredith-in,billy-meredith:1,billy-meredith,Billy Meredith,1906-10-01,month,1906-07,ernest-mangnall,Ernest Mangnall,,FWD,manchester-city,Manchester City,,,unknown,,,,,,false,completed,1921-07-01-william-meredith-out,1921-07-01,,free,11,335,335,33,0,456,0.7346,1907-08|1908-09|1910-11|1911-12,mufcinfo-transfers
1906-11-01-alexander-menzies-in,alex-menzies:1,alex-menzies,Alex Menzies,1906-11-01,month,1906-07,ernest-mangnall,Ernest Mangnall,,FWD,heart-of-midlothian,Heart of Midlothian,,,unknown,,,,,,false,completed,1907-09-01-alexander-menzies-out,1907-09-01,,unknown,1,19,19,4,0,30,0.6333,1907-08,mufcinfo-transfers
1906-11-01-william-berry-in,bill-berry:1,bill-berry,Bill Berry,1906-11-01,month,1906-07,ernest-mangnall,Ernest Mangnall,,FWD,tottenham-hotspur,Tottenham Hotspur,,,unknown,,,,,,false,completed,1909-02-01-william-berry-out,1909-02-01,,unknown,3,14,14,1,0,99,0.1414,,mufcinfo-transfers
1906-12-01-alexander-turnbull-in,sandy-turnbull:1,sandy-turnbull,Sandy Turnbull,1906-12-01,month,1906-07,ernest-mangnall,Ernest Mangnall,,FWD,manchester-city,Manchester City,,,unknown,,,,,,false,unclosed_record,,,,,9,247,247,92,0,5520,0.0447,1907-08|1908-09|1910-11|1911-12,mufcinfo-transfers
1906-12-01-herbert-burgess-in,herbert-burgess:1,herbert-burgess,Herbert Burgess,1906-12-01,month,1906-07,ernest-mangnall,Ernest Mangnall,,DEF,manchester-city,Manchester City,,,unknown,,,,,,false,completed,1910-07-01-herbert-burgess-out,1910-07-01,,unknown,4,54,54,0,0,153,0.3529,1907-08,mufcinfo-transfers
1906-12-01-james-bannister-in,jimmy-bannister:1,jimmy-bannister,Jimmy Bannister,1906-12-01,month,1906-07,ernest-mangnall,Ernest Mangnall,,FWD,manchester-city,Manchester City,,,unknown,,,,,,false,completed,1909-10-01-james-bannister-out,1909-10-01,,unknown,4,63,63,8,0,120,0.525,1907-08,mufcinfo-transfers
1907-04-01-george-stacey-in,george-stacey:1,george-stacey,George Stacey,1907-04-01,month,1907-08,ernest-mangnall,Ernest Mangnall,,DEF,barnsley,Barnsley,,200,fee,9752,9752,,,,false,completed,1919-05-01-george-stacey-out,1919-05-01,,free,8,270,270,9,0,339,0.7965,1907-08|1908-09|1910-11|1911-12,mufcinfo-transfers
1907-04-01-herbert-broomfield-in,herbert-broomfield:1,herbert-broomfield,Herbert Broomfield,1907-04-01,month,1907-08,ernest-mangnall,Ernest Mangnall,,GK,bolton-wanderers,Bolton Wanderers,,,unknown,,,,,,false,completed,1908-07-01-herbert-broomfield-out,1908-07-01,,unknown,1,9,9,0,0,48,0.1875,1907-08,mufcinfo-transfers
1907-05-01-james-turnbull-in,jimmy-turnbull:1,jimmy-turnbull,Jimmy Turnbull,1907-05-01,month,1907-08,ernest-mangnall,Ernest Mangnall,,FWD,leyton-fc,Leyton FC,,,unknown,,,,,,false,completed,1910-09-01-james-turnbull-out,1910-09-01,,unknown,3,78,78,41,0,128,0.6094,1907-08|1908-09,mufcinfo-transfers
1907-05-01-kerr-whiteside-in,kerr-whiteside:1,kerr-whiteside,Kerr Whiteside,1907-05-01,month,1907-08,ernest-mangnall,Ernest Mangnall,,MID,irvine-victoria,Irvine Victoria,,,unknown,,,,,,false,completed,1910-06-01-kerr-whiteside-out,1910-06-01,,unknown,1,1,1,0,0,127,0.0079,,mufcinfo-transfers
1907-08-01-thomas-wilcox-in,tom-wilcox:1,tom-wilcox,Tom Wilcox,1907-08-01,month,1907-08,ernest-mangnall,Ernest Mangnall,,GK,blackpool,Blackpool,,,unknown,,,,,,false,completed,1909-06-01-thomas-wilcox-out,1909-06-01,,unknown,1,2,2,0,0,88,0.0227,,mufcinfo-transfers
1907-10-01-david-christie-in,david-christie:1,david-christie,David Christie,1907-10-01,month,1907-08,ernest-mangnall,Ernest Mangnall,,FWD,hurlford-fc,Hurlford FC,,,unknown,,,,,,false,unclosed_record,,,,,1,2,2,0,0,5488,0.0004,,mufcinfo-transfers
1907-10-01-joseph-ford-in,transfer:1907-10-01-joseph-ford-in,,Joseph Ford,1907-10-01,month,1907-08,ernest-mangnall,Ernest Mangnall,,,crewe-alexandra,Crewe Alexandra,,,unknown,,,,,,false,unresolved,,,,,,,,,,,,,mufcinfo-transfers
1908-02-01-joseph-curry-in,joe-curry:1,joe-curry,Joe Curry,1908-02-01,month,1907-08,ernest-mangnall,Ernest Mangnall,,MID,scotswood,Scotswood,,,unknown,,,,,,false,completed,1911-04-01-joseph-curry-out,1911-04-01,,unknown,3,14,14,0,0,139,0.1007,1910-11,mufcinfo-transfers
1908-02-01-thomas-wilson-in,tommy-wilson:1,tommy-wilson,Tommy Wilson,1908-02-01,month,1907-08,ernest-mangnall,Ernest Mangnall,,FWD,leeds-city,Leeds City,,,unknown,,,,,,false,completed,1908-07-01-thomas-wilson-out,1908-07-01,,unknown,1,1,1,0,0,19,0.0526,,mufcinfo-transfers
1908-03-01-harold-halse-in,harold-halse:1,harold-halse,Harold Halse,1908-03-01,month,1908-09,ernest-mangnall,Ernest Mangnall,,FWD,,,,350,fee,17066,17066,,,,false,completed,1912-07-01-harold-halse-out,1912-07-01,1200,fee,5,125,125,56,0,184,0.6793,1908-09|1910-11|1911-12,mufcinfo-transfers
1908-06-01-james-vince-hayes-in,transfer:1908-06-01-james-vince-hayes-in,,James Vince Hayes,1908-06-01,month,1908-09,ernest-mangnall,Ernest Mangnall,,,brentford,Brentford,,,unknown,,,,,,false,unresolved,,,,,,,,,,,,,mufcinfo-transfers
1908-06-01-john-jack-quin-in,jack-quin:1,jack-quin,Jack Quin,1908-06-01,month,1908-09,ernest-mangnall,Ernest Mangnall,,MID,manchester-city,Manchester City,,,unknown,,,,,,false,completed,1910-07-01-jack-quin-out,1910-07-01,,unknown,2,2,2,0,0,84,0.0238,,mufcinfo-transfers
1908-07-01-anthony-donnelly-in,transfer:1908-07-01-anthony-donnelly-in,,Anthony Donnelly,1908-07-01,month,1908-09,ernest-mangnall,Ernest Mangnall,,,heywood-united,Heywood United,,,unknown,,,,,,false,unresolved,,,,,,,,,,,,,mufcinfo-transfers
1908-07-01-oscar-linkson-in,oscar-linkson:1,oscar-linkson,Oscar Linkson,1908-07-01,month,1908-09,ernest-mangnall,Ernest Mangnall,,DEF,the-pirates-fc,The Pirates FC,,,unknown,,,,,,false,completed,1913-08-01-oscar-linkson-out,1913-08-01,,unknown,4,59,59,0,0,213,0.277,1910-11,mufcinfo-transfers
1908-08-01-harold-hardman-in,harold-hardman:1,harold-hardman,Harold Hardman,1908-08-01,month,1908-09,ernest-mangnall,Ernest Mangnall,,MID,everton,Everton,,,unknown,,,,,,false,completed,1909-01-01-harold-hardman-out,1909-01-01,,unknown,1,4,4,0,0,21,0.1905,,mufcinfo-transfers
1908-12-01-ernest-payne-in,ernest-payne:1,ernest-payne,Ernest Payne,1908-12-01,month,1908-09,ernest-mangnall,Ernest Mangnall,,FWD,worcester-city,Worcester City,,,unknown,,,,,,false,completed,1909-06-01-ernest-payne-out,1909-06-01,,unknown,1,2,2,1,0,30,0.0667,,mufcinfo-transfers
1909-01-01-george-livingstone-in,george-livingstone:1,george-livingstone,George Livingstone,1909-01-01,month,1908-09,ernest-mangnall,Ernest Mangnall,,FWD,glasgow-rangers,Glasgow Rangers,,,unknown,,,,,,false,completed,1914-07-01-george-livingstone-out,1914-07-01,,unknown,6,46,46,4,0,232,0.1983,1908-09|1910-11,mufcinfo-transfers
1909-05-01-edward-connor-in,transfer:1909-05-01-edward-connor-in,,Edward Connor,1909-05-01,month,1909-10,ernest-mangnall,Ernest Mangnall,,,walkend-central,Walkend Central,,,unknown,,,,,,false,unresolved,,,,,,,,,,,,,mufcinfo-transfers
1909-05-01-elijah-round-in,elijah-round:1,elijah-round,Elijah Round,1909-05-01,month,1909-10,ernest-mangnall,Ernest Mangnall,,GK,oldham-athletic,Oldham Athletic,,,unknown,,,,,,false,completed,1919-06-01-elijah-round-out,1919-06-01,,unknown,1,2,2,0,0,246,0.0081,,mufcinfo-transfers
1909-05-01-samuel-blott-in,transfer:1909-05-01-samuel-blott-in,,Samuel Blott,1909-05-01,month,1909-10,ernest-mangnall,Ernest Mangnall,,,southend-united,Southend United,,,unknown,,,,,,false,unresolved,,,,,,,,,,,,,mufcinfo-transfers
1909-06-01-arthur-whalley-in,arthur-whalley:1,arthur-whalley,Arthur Whalley,1909-06-01,month,1909-10,ernest-mangnall,Ernest Mangnall,,MID,blackpool,Blackpool,,50,fee,2438,2438,,,,false,completed,1920-09-01-arthur-whalley-out,1920-09-01,1000,fee,7,106,106,6,0,292,0.363,1910-11,mufcinfo-transfers
1909-10-01-arthur-hooper-in,arthur-hooper:1,arthur-hooper,Arthur Hooper,1909-10-01,month,1909-10,ernest-mangnall,Ernest Mangnall,,FWD,kidderminster-harriers,Kidderminster Harriers,,,unknown,,,,,,false,completed,1914-06-01-arthur-hooper-out,1914-06-01,,unknown,3,7,7,1,0,201,0.0348,,mufcinfo-transfers
1909-10-01-thomas-homer-in,tom-homer:1,tom-homer,Tom Homer,1909-10-01,month,1909-10,ernest-mangnall,Ernest Mangnall,,FWD,kidderminster-harriers,Kidderminster Harriers,,,unknown,,,,,,false,completed,1912-05-01-thomas-homer-out,1912-05-01,,unknown,3,25,25,14,0,119,0.2101,1910-11,mufcinfo-transfers
1909-11-01-john-sheldon-in,jackie-sheldon:1,jackie-sheldon,Jackie Sheldon,1909-11-01,month,1909-10,ernest-mangnall,Ernest Mangnall,,FWD,nuneaton-fc,Nuneaton FC,,,unknown,,,,,,false,completed,1913-11-01-john-sheldon-out,1913-11-01,,unknown,3,26,26,1,0,167,0.1557,1910-11,mufcinfo-transfers
1910-05-01-enoch-west-in,enoch-west:1,enoch-west,Enoch West,1910-05-01,month,1910-11,ernest-mangnall,Ernest Mangnall,,FWD,nottingham-forest,Nottingham Forest,,,unknown,,,,,,false,unclosed_record,,,,,5,181,181,81,0,5367,0.0337,1910-11,mufcinfo-transfers
1910-05-01-james-hodge-in,jimmy-hodge:1,jimmy-hodge,Jimmy Hodge,1910-05-01,month,1910-11,ernest-mangnall,Ernest Mangnall,,DEF,stenhousemuir,Stenhousemuir,,,unknown,,,,,,false,completed,1919-12-01-james-hodge-out,1919-12-01,1500,fee,6,83,83,2,0,222,0.3739,,mufcinfo-transfers
1910-05-01-thomas-nutall-in,transfer:1910-05-01-thomas-nutall-in,,Thomas Nutall,1910-05-01,month,1910-11,ernest-mangnall,Ernest Mangnall,,,heywood-united,Heywood United,,,unknown,,,,,,false,unresolved,,,,,,,,,,,,,mufcinfo-transfers
1910-07-01-leslie-hofton-in,leslie-hofton:1,leslie-hofton,Leslie Hofton,1910-07-01,month,1910-11,ernest-mangnall,Ernest Mangnall,,DEF,glossop,Glossop,,1000,fee,48760,48760,,,,true,completed,1913-05-01-leslie-hofton-out,1913-05-01,,free,2,17,17,0,0,129,0.1318,1910-11|1911-12,mufcinfo-transfers
1911-01-01-alfred-capper-in,transfer:1911-01-01-alfred-capper-in,,Alfred Capper,1911-01-01,month,1910-11,ernest-mangnall,Ernest Mangnall,,,northwich-victoria,Northwich Victoria,,,unknown,,,,,,false,unresolved,,,,,,,,,,,,,mufcinfo-transfers
1911-01-01-michael-hamill-in,transfer:1911-01-01-michael-hamill-in,,Michael Hamill,1911-01-01,month,1910-11,ernest-mangnall,Ernest Mangnall,,,belfast-celtic,Belfast Celtic,,,unknown,,,,,,false,unresolved,,,,,,,,,,,,,mufcinfo-transfers
1911-02-01-hugh-edmonds-in,hugh-edmonds:1,hugh-edmonds,Hugh Edmonds,1911-02-01,month,1910-11,ernest-mangnall,Ernest Mangnall,,GK,bolton-wanderers,Bolton Wanderers,,,unknown,,,,,,false,unclosed_record,,,,,2,51,51,0,0,5341,0.0095,1910-11|1911-12,mufcinfo-transfers
1911-09-01-george-anderson-in,george-anderson:1,george-anderson,George Anderson,1911-09-01,month,1911-12,ernest-mangnall,Ernest Mangnall,,FWD,bury,Bury,,50,fee,2438,2438,,,,false,unclosed_record,,,,,4,86,86,39,0,5326,0.0161,,mufcinfo-transfers
1911-12-01-ezra-royals-in,ezra-royals:1,ezra-royals,Ezra Royals,1911-12-01,month,1911-12,ernest-mangnall,Ernest Mangnall,,GK,chesterton-white-star,Chesterton White Star,,,unknown,,,,,,false,completed,1920-05-01-ezra-royals-out,1920-05-01,,unknown,2,7,7,0,0,196,0.0357,,mufcinfo-transfers
1911-12-01-frank-knowles-in,frank-knowles:1,frank-knowles,Frank Knowles,1911-12-01,month,1911-12,ernest-mangnall,Ernest Mangnall,,DEF,stayley-bridge-celtic,Stayley Bridge Celtic,,,unknown,,,,,,false,completed,1919-07-01-frank-knowles-out,1919-07-01,,unknown,4,47,47,1,0,152,0.3092,,mufcinfo-transfers
1912-01-01-edward-hudson-in,edward-hudson:1,edward-hudson,Edward Hudson,1912-01-01,month,1911-12,ernest-mangnall,Ernest Mangnall,,DEF,walkden-central,Walkden Central,,75,fee,3657,3657,,,,false,completed,1919-08-01-edward-hudson-out,1919-08-01,,unknown,2,11,11,0,0,145,0.0759,,mufcinfo-transfers
1912-01-01-patrick-mccarthy-in,pat-mccarthy:1,pat-mccarthy,Pat McCarthy,1912-01-01,month,1911-12,ernest-mangnall,Ernest Mangnall,,,skelmersdale-united,Skelmersdale United,,,unknown,,,,,,false,completed,1912-05-01-patrick-mccarthy-out,1912-05-01,50,fee,1,1,1,0,0,24,0.0417,,mufcinfo-transfers
1912-05-01-robert-beale-in,bobby-beale:1,bobby-beale,Bobby Beale,1912-05-01,month,1912-13,ernest-mangnall,Ernest Mangnall,,GK,norwich-city,Norwich City,,275,fee,13409,13409,,,,true,unclosed_record,,,,,0,0,0,0,0,0,,,mufcinfo-transfers
1912-05-01-robert-beale-in-2,bobby-beale:2,bobby-beale,Bobby Beale,1912-05-01,month,1912-13,ernest-mangnall,Ernest Mangnall,,GK,norwich-city,Norwich City,,275,fee,13409,13409,,,,true,completed,1919-07-01-robert-beale-out,1919-07-01,,unknown,3,112,112,0,0,121,0.9256,,mufcinfo-transfers
1912-05-01-robert-roberts-in,robert-roberts:1,robert-roberts,Robert Roberts,1912-05-01,month,1912-13,ernest-mangnall,Ernest Mangnall,,DEF,altrincham,Altrincham,,,unknown,,,,,,false,completed,1919-05-01-robert-roberts-out,1919-05-01,,unknown,1,2,2,0,0,121,0.0165,,mufcinfo-transfers
1912-05-01-thomas-gipps-in,tommy-gipps:1,tommy-gipps,Tommy Gipps,1912-05-01,month,1912-13,ernest-mangnall,Ernest Mangnall,,MID,barrow,Barrow,,,unknown,,,,,,false,unclosed_record,,,,,3,23,23,0,0,5281,0.0044,,mufcinfo-transfers
1912-05-01-wilfred-woodcock-in,transfer:1912-05-01-wilfred-woodcock-in,,Wilfred Woodcock,1912-05-01,month,1912-13,ernest-mangnall,Ernest Mangnall,,,stalybridge-celtic,Stalybridge Celtic,,,unknown,,,,,,false,unresolved,,,,,,,,,,,,,mufcinfo-transfers
1912-07-01-jack-mew-in,jack-mew:1,jack-mew,Jack Mew,1912-07-01,month,1912-13,ernest-mangnall,Ernest Mangnall,,GK,marley-hill-united,Marley Hill United,,,unknown,,,,,,false,unclosed_record,,,,,9,199,199,0,0,5281,0.0377,,mufcinfo-transfers
1912-08-01-thomas-chorlton-in,tom-chorlton:1,tom-chorlton,Tom Chorlton,1912-08-01,month,1912-13,ernest-mangnall,Ernest Mangnall,,DEF,liverpool,Liverpool,,,unknown,,,,,,false,completed,1914-08-01-thomas-chorlton-out,1914-08-01,,unknown,1,4,4,0,0,82,0.0488,,mufcinfo-transfers
1913-03-01-william-hunter-in,william-hunter:1,william-hunter,William Hunter,1913-03-01,month,1913-14,john-bentley,John Bentley,,FWD,barnsley,Barnsley,,,unknown,,,,,,false,completed,1913-07-01-william-hunter-out,1913-07-01,,free,1,3,3,2,0,12,0.25,,mufcinfo-transfers
1913-05-01-arthur-potts-in,arthur-potts:1,arthur-potts,Arthur Potts,1913-05-01,month,1913-14,john-bentley,John Bentley,,FWD,willenhall-swifts,Willenhall Swifts,,,unknown,,,,,,false,completed,1920-06-01-arthur-potts-out,1920-06-01,100,fee,3,29,29,5,0,122,0.2377,,mufcinfo-transfers
1913-05-01-james-thomson-in,james-thomson:1,james-thomson,James Thomson,1913-05-01,month,1913-14,john-bentley,John Bentley,,MID,renton-fc,Renton FC,,,unknown,,,,,,false,completed,1914-09-01-james-thomson-out,1914-09-01,,unknown,1,6,6,1,0,39,0.1538,,mufcinfo-transfers
1913-05-01-joseph-haywood-in,joe-haywood:1,joe-haywood,Joe Haywood,1913-05-01,month,1913-14,john-bentley,John Bentley,,MID,hindley-central,Hindley Central,,50,fee,2438,2438,,,,false,unclosed_record,,,,,2,26,26,0,0,5238,0.005,,mufcinfo-transfers
1913-06-01-arthur-cashmore-in,arthur-cashmore:1,arthur-cashmore,Arthur Cashmore,1913-06-01,month,1913-14,john-bentley,John Bentley,,FWD,stourbridge-fc,Stourbridge FC,,,unknown,,,,,,false,completed,1914-05-01-arthur-cashmore-out,1914-05-01,100,fee,1,3,3,0,0,39,0.0769,,mufcinfo-transfers
1913-06-01-john-hodge-in,john-hodge:1,john-hodge,John Hodge,1913-06-01,month,1913-14,john-bentley,John Bentley,,DEF,stenhousemuir,Stenhousemuir,,,unknown,,,,,,false,completed,1919-05-01-john-hodge-out,1919-05-01,,unknown,2,30,30,0,0,78,0.3846,,mufcinfo-transfers
1914-02-01-james-in,transfer:1914-02-01-james-in,,James,1914-02-01,month,1913-14,john-bentley,John Bentley,,,barnsley,Barnsley,,,unknown,,,,,,false,unresolved,,,,,,,,,,,,,mufcinfo-transfers
1914-02-01-sam-cookson-in,sam-cookson:1,sam-cookson,Sam Cookson,1914-02-01,month,1913-14,john-bentley,John Bentley,,DEF,bargoed-town,Bargoed Town,,50,fee,2438,2438,,,,false,unclosed_record,,,,,1,13,13,0,0,5213,0.0025,,mufcinfo-transfers
1914-03-01-george-hunter-in,george-hunter:1,george-hunter,George Hunter,1914-03-01,month,1914-15,john-bentley,John Bentley,,MID,chelsea,Chelsea,,1300,fee,63388,63388,,,,false,unclosed_record,,,,,2,23,23,2,0,5209,0.0044,,mufcinfo-transfers
1914-03-01-jocelyn-rowe-in,jocelyn-rowe:1,jocelyn-rowe,Jocelyn Rowe,1914-03-01,month,1914-15,john-bentley,John Bentley,,DEF,bohemians,Bohemians,,,unknown,,,,,,false,completed,1914-06-01-jocelyn-rowe-out,1914-06-01,,unknown,1,1,1,0,0,10,0.1,,mufcinfo-transfers
1914-05-01-arthur-allman-in,arthur-allman:1,arthur-allman,Arthur Allman,1914-05-01,month,1914-15,john-bentley,John Bentley,,DEF,swansea-town,Swansea Town,,150,fee,7314,7314,,,,false,completed,1919-12-01-arthur-allman-out,1919-12-01,,unknown,1,12,12,0,0,54,0.2222,,mufcinfo-transfers
1914-05-01-patrick-o-connell-in,patrick-o-connell:1,patrick-o-connell,Patrick O'Connell,1914-05-01,month,1914-15,john-bentley,John Bentley,,DEF,hull-city,Hull City,,1000,fee,48760,48760,,,,false,completed,1919-08-01-patrick-o-connell-out,1919-08-01,,unknown,1,35,35,2,0,39,0.8974,,mufcinfo-transfers
1915-02-01-albert-prince-in,albert-prince:1,albert-prince,Albert Prince,1915-02-01,month,1914-15,jack-robson,Jack Robson,,FWD,stafford-rangers,Stafford Rangers,,,unknown,,,,,,false,completed,1915-07-01-albert-prince-out,1915-07-01,,unknown,1,1,1,0,0,15,0.0667,,mufcinfo-transfers
1915-02-01-walter-spratt-in,walter-spratt:1,walter-spratt,Walter Spratt,1915-02-01,month,1914-15,jack-robson,Jack Robson,,DEF,brentford,Brentford,,175,fee,8533,8533,,,,false,completed,1920-06-01-walter-spratt-out,1920-06-01,,unknown,2,13,13,0,0,59,0.2203,,mufcinfo-transfers
1915-03-01-james-montgomery-in,james-montgomery:1,james-montgomery,James Montgomery,1915-03-01,month,1915-16,jack-robson,Jack Robson,,MID,glossop,Glossop,,,unknown,,,,,,false,completed,1921-10-01-james-montgomery-out,1921-10-01,,unknown,3,27,27,1,0,107,0.2523,,mufcinfo-transfers
1916-01-01-clarence-hilditch-in,transfer:1916-01-01-clarence-hilditch-in,,Clarence Hilditch,1916-01-01,month,1915-16,jack-robson,Jack Robson,,,altrincham,Altrincham,,,unknown,,,,,,false,unresolved,,,,,,,,,,,,,mufcinfo-transfers
1916-01-01-thomas-forster-in,transfer:1916-01-01-thomas-forster-in,,Thomas Forster,1916-01-01,month,1915-16,jack-robson,Jack Robson,,,northwich-victoria,Northwich Victoria,,,unknown,,,,,,false,unresolved,,,,,,,,,,,,,mufcinfo-transfers
1917-06-01-thomas-meehan-in,transfer:1917-06-01-thomas-meehan-in,,Thomas Meehan,1917-06-01,month,1917-18,jack-robson,Jack Robson,,,rochdale,Rochdale,,,unknown,,,,,,false,unresolved,,,,,,,,,,,,,mufcinfo-transfers
1919-02-01-fred-hopkin-in,fred-hopkin:1,fred-hopkin,Fred Hopkin,1919-02-01,month,1918-19,jack-robson,Jack Robson,,MID,darlington,Darlington,,,unknown,,,,,,false,completed,1921-05-01-fred-hopkin-out,1921-05-01,,unknown,2,72,72,8,0,86,0.8372,,mufcinfo-transfers
1919-03-01-joe-spence-in,joe-spence:1,joe-spence,Joe Spence,1919-03-01,month,1919-20,jack-robson,Jack Robson,,FWD,,,,,unknown,,,,,,false,completed,1933-06-01-joe-spence-out,1933-06-01,,unknown,14,510,510,168,0,623,0.8186,,mufcinfo-transfers
1919-05-01-charles-moore-in,charlie-moore:1,charlie-moore,Charlie Moore,1919-05-01,month,1919-20,jack-robson,Jack Robson,,DEF,hednesford-town,Hednesford Town,,,unknown,,,,,,false,completed,1931-06-01-charles-moore-out,1931-06-01,,unknown,10,328,328,0,0,537,0.6108,,mufcinfo-transfers
1919-05-01-john-grimwood-in,john-grimwood:1,john-grimwood,John Grimwood,1919-05-01,month,1919-20,jack-robson,Jack Robson,,MID,south-shields-parkside,South Shields Parkside,,,unknown,,,,,,false,completed,1927-06-01-john-grimwood-out,1927-06-01,,unknown,8,205,205,8,0,357,0.5742,,mufcinfo-transfers
1919-06-01-james-robinson-in,james-robinson:1,james-robinson,James Robinson,1919-06-01,month,1919-20,jack-robson,Jack Robson,,MID,belfast-junior-football,Belfast Junior Football,,,unknown,,,,,,false,completed,1922-06-01-james-robinson-out,1922-06-01,,free,3,21,21,3,0,131,0.1603,,mufcinfo-transfers
1919-08-01-frank-hodges-in,frank-hodges:1,frank-hodges,Frank Hodges,1919-08-01,month,1919-20,jack-robson,Jack Robson,,FWD,birmingham-city,Birmingham City,,100,fee,4876,4876,,,,false,completed,1921-06-01-frank-hodges-out,1921-06-01,100,fee,2,20,20,4,0,88,0.2273,,mufcinfo-transfers
1919-09-01-leslie-hofton-in,leslie-hofton:2,leslie-hofton,Leslie Hofton,1919-09-01,month,1919-20,jack-robson,Jack Robson,,DEF,,,,,unknown,,,,,,true,completed,1922-02-01-leslie-hofton-out,1922-02-01,,unknown,1,2,2,0,0,115,0.0174,,mufcinfo-transfers
1919-11-01-george-bissett-in,george-bissett:1,george-bissett,George Bissett,1919-11-01,month,1919-20,jack-robson,Jack Robson,,FWD,army-football,Army Football,,,unknown,,,,,,false,completed,1921-11-01-george-bissett-out,1921-11-01,,unknown,3,41,41,9,0,89,0.4607,,mufcinfo-transfers
1920-05-01-charles-radford-in,charlie-radford:1,charlie-radford,Charlie Radford,1920-05-01,month,1920-21,jack-robson,Jack Robson,,DEF,walsall,Walsall,,,unknown,,,,,,false,unclosed_record,,,,,4,96,96,1,0,5117,0.0188,,mufcinfo-transfers
1920-05-01-joseph-myerscough-in,joe-myerscough:1,joe-myerscough,Joe Myerscough,1920-05-01,month,1920-21,jack-robson,Jack Robson,,FWD,lancaster-town,Lancaster Town,,,unknown,,,,,,false,completed,1923-10-01-joseph-myerscough-out,1923-10-01,,unknown,3,34,34,8,0,141,0.2411,,mufcinfo-transfers
1920-06-01-edward-partridge-in,teddy-partridge:1,teddy-partridge,Teddy Partridge,1920-06-01,month,1920-21,jack-robson,Jack Robson,,FWD,ebbw-vale-fc,Ebbw Vale FC,,,unknown,,,,,,false,completed,1929-06-01-teddy-partridge-out,1929-06-01,,unknown,9,160,160,18,0,404,0.396,,mufcinfo-transfers
1920-06-01-william-goodwin-in,billy-goodwin:1,billy-goodwin,Billy Goodwin,1920-06-01,month,1920-21,jack-robson,Jack Robson,,FWD,exeter-city,Exeter City,,,unknown,,,,,,false,completed,1922-08-01-william-goodwin-out,1922-08-01,,unknown,2,7,7,1,0,87,0.0805,,mufcinfo-transfers
1920-08-01-george-schofield-in,george-schofield:1,george-schofield,George Schofield,1920-08-01,month,1920-21,jack-robson,Jack Robson,,FWD,southport-junior-football,Southport Junior Football,,,unknown,,,,,,false,completed,1922-05-01-george-schofield-out,1922-05-01,,unknown,1,1,1,0,0,86,0.0116,,mufcinfo-transfers
1920-09-01-harry-leonard-in,harry-leonard:1,harry-leonard,Harry Leonard,1920-09-01,month,1920-21,jack-robson,Jack Robson,,FWD,derby-county,Derby County,,,unknown,,,,,,false,completed,1921-06-01-harry-leonard-out,1921-06-01,,unknown,1,10,10,5,0,42,0.2381,,mufcinfo-transfers
1920-09-01-thomas-miller-in,tom-miller:1,tom-miller,Tom Miller,1920-09-01,month,1920-21,jack-robson,Jack Robson,,FWD,liverpool,Liverpool,,2000,fee,97520,97520,,,,false,unclosed_record,,,,,1,27,27,8,0,5114,0.0053,,mufcinfo-transfers
1920-10-01-william-harrison-in,billy-harrison:1,billy-harrison,Billy Harrison,1920-10-01,month,1920-21,jack-robson,Jack Robson,,MID,wolverhampton-wanderers,Wolverhampton Wanderers,,,unknown,,,,,,false,completed,1922-09-01-william-harrison-out,1922-09-01,,unknown,2,46,46,5,0,82,0.561,,mufcinfo-transfers
1921-02-01-frank-brett-in,frank-brett:1,frank-brett,Frank Brett,1921-02-01,month,1920-21,jack-robson,Jack Robson,,DEF,aston-villa,Aston Villa,,,unknown,,,,,,false,completed,1922-08-01-frank-brett-out,1922-08-01,,unknown,1,10,10,0,0,61,0.1639,,mufcinfo-transfers
1921-04-01-samuel-in,transfer:1921-04-01-samuel-in,,Samuel,1921-04-01,month,1921-22,jack-robson,Jack Robson,,,chrichtons-athletic,Chrichtons Athletic,,,unknown,,,,,,false,unresolved,,,,,,,,,,,,,mufcinfo-transfers
1921-05-01-percy-schofield-in,percy-schofield:1,percy-schofield,Percy Schofield,1921-05-01,month,1921-22,jack-robson,Jack Robson,,FWD,eccles-borough,Eccles Borough,,,unknown,,,,,,false,completed,1922-09-01-percy-schofield-out,1922-09-01,,unknown,1,1,1,0,0,47,0.0213,,mufcinfo-transfers
1921-06-01-john-scott-in,john-scott:1,john-scott,John Scott,1921-06-01,month,1921-22,jack-robson,Jack Robson,,MID,bradford-park-avenue,Bradford Park Avenue,,750,fee,36570,36570,,,,false,completed,1922-06-01-john-scott-out,1922-06-01,,unknown,1,24,24,0,0,43,0.5581,,mufcinfo-transfers
1921-06-01-richard-gibson-in,richard-gibson:1,richard-gibson,Richard Gibson,1921-06-01,month,1921-22,jack-robson,Jack Robson,,MID,birmingham-city,Birmingham City,,250,fee,12190,12190,,,,false,completed,1922-04-01-richard-gibson-out,1922-04-01,,unknown,1,12,12,0,0,36,0.3333,,mufcinfo-transfers
1921-11-01-neil-mcbain-in,neil-mcbain:1,neil-mcbain,Neil McBain,1921-11-01,month,1921-22,john-chapman,John Chapman,,MID,ayr-united-11-1921-6,"Ayr United. 11/1921, £6",,6000,fee,292560,292560,,,,false,completed,1923-01-01-neil-mcbain-out,1923-01-01,,unknown,2,43,43,2,0,55,0.7818,,mufcinfo-transfers
1921-11-01-william-henderson-in,bill-henderson:1,bill-henderson,Bill Henderson,1921-11-01,month,1921-22,john-chapman,John Chapman,,FWD,airdreonians,Airdreonians,,1750,fee,85330,85330,,,,false,completed,1925-01-01-william-henderson-out,1925-01-01,,unknown,4,32,32,15,0,143,0.2238,,mufcinfo-transfers
1921-12-01-walter-taylor-in,walter-taylor:1,walter-taylor,Walter Taylor,1921-12-01,month,1921-22,john-chapman,John Chapman,,FWD,new-mills-fc,New Mills FC,,25,fee,1219,1219,,,,false,completed,1922-04-01-walter-taylor-out,1922-04-01,,free,1,1,1,0,0,20,0.05,,mufcinfo-transfers
1922-04-01-harry-thomas-in,harry-thomas:1,harry-thomas,Harry Thomas,1922-04-01,month,1922-23,john-chapman,John Chapman,,FWD,porth-fc,Porth FC,,,unknown,,,,,,false,completed,1930-10-01-henry-harry-thomas-out,1930-10-01,,unknown,9,135,135,13,0,376,0.359,,mufcinfo-transfers
1922-04-01-james-pugh-in,james-pugh:1,james-pugh,James Pugh,1922-04-01,month,1922-23,john-chapman,John Chapman,,DEF,abertillery,Abertillery,,,unknown,,,,,,false,completed,1923-07-01-james-pugh-out,1923-07-01,,unknown,2,2,2,0,0,53,0.0377,,mufcinfo-transfers
1922-05-01-david-bain-in,david-bain:1,david-bain,David Bain,1922-05-01,month,1922-23,john-chapman,John Chapman,,FWD,rutherglen-glencairn,Rutherglen Glencairn,,,unknown,,,,,,false,completed,1924-07-01-david-bain-out,1924-07-01,1000,fee,2,23,23,9,0,90,0.2556,,mufcinfo-transfers
1922-05-01-frank-mcpherson-in,frank-mcpherson:1,frank-mcpherson,Frank McPherson,1922-05-01,month,1922-23,john-chapman,John Chapman,,FWD,barrow,Barrow,,,unknown,,,,,,false,completed,1928-07-01-frank-mcpherson-out,1928-07-01,,unknown,5,175,175,52,0,274,0.6387,,mufcinfo-transfers
1922-05-01-harry-williams-in,harry-williams:2,harry-williams,Harry Williams,1922-05-01,month,1922-23,john-chapman,John Chapman,,DEF,chesterfield,Chesterfield,,,unknown,,,,,,true,completed,1923-09-01-harry-williams-out,1923-09-01,,unknown,1,5,5,2,0,49,0.102,,mufcinfo-transfers
1922-05-01-jack-barber-in,jack-barber:1,jack-barber,Jack Barber,1922-05-01,month,1922-23,john-chapman,John Chapman,,FWD,clayton,Clayton,,,unknown,,,,,,false,completed,1924-05-01-john-barber-out,1924-05-01,,unknown,2,4,4,2,0,89,0.0449,,mufcinfo-transfers
1922-05-01-jimmy-bain-in,jimmy-bain:1,jimmy-bain,Jimmy Bain,1922-05-01,month,1922-23,john-chapman,John Chapman,,DEF,glasgow-strathclyde,Glasgow Strathclyde,,,unknown,,,,,,false,completed,1928-11-01-jimmy-bain-out,1928-11-01,250,fee,0,0,0,0,0,285,0,,mufcinfo-transfers
1922-05-01-john-in,transfer:1922-05-01-john-in,,John,1922-05-01,month,1922-23,john-chapman,John Chapman,,,clayton,Clayton,,,unknown,,,,,,false,unresolved,,,,,,,,,,,,,mufcinfo-transfers
1922-05-01-john-wood-in,john-wood:1,john-wood,John Wood,1922-05-01,month,1922-23,john-chapman,John Chapman,,FWD,dumbarton,Dumbarton,,1750,fee,85330,85330,,,,false,completed,1923-06-01-john-wood-out,1923-06-01,,unknown,1,16,16,1,0,46,0.3478,,mufcinfo-transfers
1922-05-01-sidney-tyler-in,transfer:1922-05-01-sidney-tyler-in,,Sidney Tyler,1922-05-01,month,1922-23,john-chapman,John Chapman,,,stourbridge-fc,Stourbridge FC,,,unknown,,,,,,false,unresolved,,,,,,,,,,,,,mufcinfo-transfers
1922-05-01-william-sarvis-in,william-sarvis:1,william-sarvis,William Sarvis,1922-05-01,month,1922-23,john-chapman,John Chapman,,FWD,merthyr-town,Merthyr Town,,,unknown,,,,,,false,completed,1925-05-01-william-sarvis-out,1925-05-01,,unknown,1,1,1,0,0,132,0.0076,,mufcinfo-transfers
1922-06-01-bert-cartman-in,bert-cartman:1,bert-cartman,Bert Cartman,1922-06-01,month,1922-23,john-chapman,John Chapman,,FWD,bolton-wanderers,Bolton Wanderers,,,unknown,,,,,,false,completed,1923-06-01-herbert-cartman-out,1923-06-01,,unknown,1,3,3,0,0,45,0.0667,,mufcinfo-transfers
1922-08-01-david-lyner-in,david-lyner:1,david-lyner,David Lyner,1922-08-01,month,1922-23,john-chapman,John Chapman,,FWD,glentoran,Glentoran,,,unknown,,,,,,false,completed,1922-12-01-david-lyner-out,1922-12-01,,unknown,1,3,3,0,0,16,0.1875,,mufcinfo-transfers
1922-08-01-frank-barson-in,frank-barson:1,frank-barson,Frank Barson,1922-08-01,month,1922-23,john-chapman,John Chapman,,MID,aston-villa,Aston Villa,,,unknown,,,,,,false,completed,1928-05-01-frank-barson-out,1928-05-01,,free,6,152,152,4,0,272,0.5588,,mufcinfo-transfers
1922-10-01-wilfred-lievesley-in,wilfred-lievesley:1,wilfred-lievesley,Wilfred Lievesley,1922-10-01,month,1922-23,john-chapman,John Chapman,,FWD,derby-county,Derby County,,,unknown,,,,,,false,completed,1923-08-01-wilfred-lievesley-out,1923-08-01,,unknown,1,3,3,0,0,37,0.0811,,mufcinfo-transfers
1922-11-01-ernest-goldthorpe-in,transfer:1922-11-01-ernest-goldthorpe-in,,Ernest Goldthorpe,1922-11-01,month,1922-23,john-chapman,John Chapman,,,bradford-city,Bradford City,,,unknown,,,,,,false,unresolved,,,,,,,,,,,,,mufcinfo-transfers
1923-01-01-albert-broome-in,albert-broome:1,albert-broome,Albert Broome,1923-01-01,month,1922-23,john-chapman,John Chapman,,FWD,oldham-athletic,Oldham Athletic,,,unknown,,,,,,false,completed,1924-07-01-albert-broome-out,1924-07-01,,unknown,1,1,1,0,0,66,0.0152,,mufcinfo-transfers
1923-02-01-ken-macdonald-in,ken-macdonald:1,ken-macdonald,Ken MacDonald,1923-02-01,month,1922-23,john-chapman,John Chapman,,FWD,cardiff-city,Cardiff City,,,unknown,,,,,,false,completed,1923-10-01-ken-macdonald-out,1923-10-01,,unknown,2,8,8,2,0,24,0.3333,,mufcinfo-transfers
1923-03-01-frank-mann-in,frank-mann:1,frank-mann,Frank Mann,1923-03-01,month,1923-24,john-chapman,John Chapman,,MID,huddersfield-town,Huddersfield Town,,1750,fee,85330,85330,,,,false,completed,1930-08-01-frank-mann-out,1930-08-01,,unknown,8,197,197,5,0,327,0.6024,,mufcinfo-transfers
1923-05-01-fredrick-kennedy-in,transfer:1923-05-01-fredrick-kennedy-in,,Fredrick Kennedy,1923-05-01,month,1923-24,john-chapman,John Chapman,,,rossendale-united,Rossendale United,,,unknown,,,,,,false,unresolved,,,,,,,,,,,,,mufcinfo-transfers
1923-05-01-sidney-evans-in,sidney-evans:1,sidney-evans,Sidney Evans,1923-05-01,month,1923-24,john-chapman,John Chapman,,FWD,cardiff-city,Cardiff City,,,free,,,,,,false,unclosed_record,,,,,1,6,6,2,0,4984,0.0012,,mufcinfo-transfers
1923-05-01-william-dennis-in,billy-dennis:1,billy-dennis,Billy Dennis,1923-05-01,month,1923-24,john-chapman,John Chapman,,DEF,staleybridge-celtic,Staleybridge Celtic,,,unknown,,,,,,false,completed,1924-02-01-william-dennis-out,1924-02-01,,unknown,1,3,3,0,0,27,0.1111,,mufcinfo-transfers
1923-06-01-david-ellis-in,david-ellis:1,david-ellis,David Ellis,1923-06-01,month,1923-24,john-chapman,John Chapman,,MID,maidstone-united,Maidstone United,,1250,fee,60950,60950,,,,false,completed,1924-09-01-david-ellis-out,1924-09-01,,free,1,11,11,0,0,46,0.2391,,mufcinfo-transfers
1924-01-01-thomas-smith-in,tom-smith:1,tom-smith,Tom Smith,1924-01-01,month,1923-24,john-chapman,John Chapman,,FWD,leicester-city,Leicester City,,,unknown,,,,,,false,completed,1927-06-01-thomas-smith-out,1927-06-01,750,fee,4,90,90,16,0,159,0.566,,mufcinfo-transfers
1924-02-01-christopher-taylor-in,transfer:1924-02-01-christopher-taylor-in,,Christopher Taylor,1924-02-01,month,1923-24,john-chapman,John Chapman,,,redditch-united,Redditch United,,,unknown,,,,,,false,unresolved,,,,,,,,,,,,,mufcinfo-transfers
1924-03-01-james-miller-in,james-miller:1,james-miller,James Miller,1924-03-01,month,1924-25,john-chapman,John Chapman,,FWD,grimsby-town,Grimsby Town,,500,fee,24380,24380,,,,false,completed,1924-06-01-james-miller-out,1924-06-01,,unknown,1,4,4,1,0,12,0.3333,,mufcinfo-transfers
1924-04-01-lance-richardson-in,lance-richardson:1,lance-richardson,Lance Richardson,1924-04-01,month,1924-25,john-chapman,John Chapman,,GK,south-shields,South Shields,,1000,fee,48760,48760,,,,false,completed,1929-05-01-lance-richardson-out,1929-05-01,,unknown,3,42,42,0,0,234,0.1795,,mufcinfo-transfers
1924-05-01-jimmy-hanson-in,jimmy-hanson:1,jimmy-hanson,Jimmy Hanson,1924-05-01,month,1924-25,john-chapman,John Chapman,,FWD,stalybridge-celtic,Stalybridge Celtic,,,unknown,,,,,,false,completed,1931-07-01-jimmy-hanson-out,1931-07-01,,unknown,6,147,147,52,0,318,0.4623,,mufcinfo-transfers
1924-05-01-thomas-jones-in,tom-jones:1,tom-jones,Tom Jones,1924-05-01,month,1924-25,john-chapman,John Chapman,,DEF,oswestry-town,Oswestry Town,,,unknown,,,,,,false,completed,1937-07-01-thomas-jones-out,1937-07-01,,unknown,11,200,200,0,0,582,0.3436,,mufcinfo-transfers
1924-08-01-john-astley-in,transfer:1924-08-01-john-astley-in,,John Astley,1924-08-01,month,1924-25,john-chapman,John Chapman,,,cradley-heath,Cradley Heath,,,unknown,,,,,,false,unresolved,,,,,,,,,,,,,mufcinfo-transfers
1925-02-01-albert-pape-in,albert-pape:1,albert-pape,Albert Pape,1925-02-01,month,1924-25,john-chapman,John Chapman,,FWD,clapton-orient,Clapton Orient,,,unknown,,,,,,false,completed,1925-10-01-albert-pape-out,1925-10-01,,unknown,2,18,18,5,0,24,0.75,,mufcinfo-transfers
1925-03-01-clatworthy-rennox-in,transfer:1925-03-01-clatworthy-rennox-in,,Clatworthy Rennox,1925-03-01,month,1925-26,john-chapman,John Chapman,,,clapton-orient,Clapton Orient,,,unknown,,,,,,false,unresolved,,,,,,,,,,,,,mufcinfo-transfers
1925-05-01-jack-hall-in,jack-hall-1926:1,jack-hall-1926,Jack Hall,1925-05-01,month,1925-26,john-chapman,John Chapman,,FWD,accrington-stanley,Accrington Stanley,,,unknown,,,,,,true,completed,1927-06-01-jack-hall-out,1927-06-01,,unknown,1,3,3,0,0,95,0.0316,,mufcinfo-transfers
1925-05-01-richard-iddon-in,richard-iddon:1,richard-iddon,Richard Iddon,1925-05-01,month,1925-26,john-chapman,John Chapman,,FWD,chorley,Chorley,,,unknown,,,,,,false,completed,1927-06-01-richard-iddon-out,1927-06-01,,free,2,2,2,0,0,95,0.0211,,mufcinfo-transfers
1925-05-01-william-inglis-in,bill-inglis:1,bill-inglis,Bill Inglis,1925-05-01,month,1925-26,john-chapman,John Chapman,,DEF,sheffield-wednesday,Sheffield Wednesday,,,unknown,,,,,,false,unclosed_record,,,,,3,14,14,1,0,4898,0.0029,,mufcinfo-transfers
1925-08-01-james-mccrae-in,james-mccrae:1,james-mccrae,James McCrae,1925-08-01,month,1925-26,john-chapman,John Chapman,,MID,new-brighton,New Brighton,,,unknown,,,,,,false,completed,1926-08-01-james-mccrae-out,1926-08-01,,unknown,1,13,13,0,0,49,0.2653,,mufcinfo-transfers
1925-10-01-albert-smith-in,albert-smith:1,albert-smith,Albert Smith,1925-10-01,month,1925-26,john-chapman,John Chapman,,FWD,petershill-fc,Petershill FC,,,unknown,,,,,,false,completed,1927-06-01-albert-smith-out,1927-06-01,250,fee,1,5,5,1,0,86,0.0581,,mufcinfo-transfers
1925-12-01-charles-hannaford-in,charlie-hannaford:1,charlie-hannaford,Charlie Hannaford,1925-12-01,month,1925-26,john-chapman,John Chapman,,FWD,clapton-orient,Clapton Orient,,,unknown,,,,,,false,completed,1927-06-01-charles-hannaford-out,1927-06-01,,unknown,2,12,12,0,0,77,0.1558,,mufcinfo-transfers
1926-05-01-ronald-haworth-in,transfer:1926-05-01-ronald-haworth-in,,Ronald Haworth,1926-05-01,month,1926-27,john-chapman,John Chapman,,,hull-city,Hull City,,,unknown,,,,,,false,unresolved,,,,,,,,,,,,,mufcinfo-transfers
1926-05-01-william-chapman-in,billy-chapman:1,billy-chapman,Billy Chapman,1926-05-01,month,1926-27,john-chapman,John Chapman,,FWD,sheffield-wednesday,Sheffield Wednesday,,,unknown,,,,,,false,completed,1928-06-01-william-chapman-out,1928-06-01,,unknown,2,26,26,0,0,93,0.2796,,mufcinfo-transfers
1926-06-01-thomas-harris-in,tom-harris:1,tom-harris,Tom Harris,1926-06-01,month,1926-27,john-chapman,John Chapman,,FWD,skemersdale-united,Skemersdale United,,,unknown,,,,,,false,completed,1928-07-01-thomas-harris-out,1928-07-01,,unknown,1,4,4,1,0,92,0.0435,,mufcinfo-transfers
1926-09-01-john-wilson-in,jack-wilson:1,jack-wilson,Jack Wilson,1926-09-01,month,1926-27,john-chapman,John Chapman,,MID,stockport-county,Stockport County,,,unknown,,,,,,false,completed,1932-06-01-john-wilson-out,1932-06-01,,unknown,6,140,140,3,0,266,0.5263,,mufcinfo-transfers
1927-03-01-danny-ferguson-in,danny-ferguson:1,danny-ferguson,Danny Ferguson,1927-03-01,month,1927-28,lal-hilditch,Clarence 'Lal' Hilditch,,FWD,rhyl-athletic,Rhyl Athletic,,,unknown,,,,,,false,completed,1928-05-01-danny-ferguson-out,1928-05-01,,free,1,4,4,0,0,58,0.069,,mufcinfo-transfers
1927-05-01-charles-ramsden-in,charlie-ramsden:1,charlie-ramsden,Charlie Ramsden,1927-05-01,month,1927-28,herbert-bamlett,Herbert Bamlett,,FWD,rotherham,Rotherham,,,unknown,,,,,,false,completed,1932-08-01-charles-ramsden-out,1932-08-01,,unknown,3,16,16,3,0,224,0.0714,,mufcinfo-transfers
1927-05-01-hugh-mclenahan-in,hugh-mclenahan:1,hugh-mclenahan,Hugh McLenahan,1927-05-01,month,1927-28,herbert-bamlett,Herbert Bamlett,,MID,stockport-county,Stockport County,,,unknown,,,,,,false,completed,1936-12-01-hugh-mclenahan-out,1936-12-01,,unknown,9,116,116,12,0,417,0.2782,,mufcinfo-transfers
1927-10-01-rees-williams-in,rees-williams:1,rees-williams,Rees Williams,1927-10-01,month,1927-28,herbert-bamlett,Herbert Bamlett,,FWD,sheffield-wednesday,Sheffield Wednesday,,,unknown,,,,,,false,completed,1929-08-01-rees-williams-out,1929-08-01,,unknown,2,35,35,2,0,83,0.4217,,mufcinfo-transfers
1927-10-01-william-johnston-in,billy-johnston:1,billy-johnston,Billy Johnston,1927-10-01,month,1927-28,herbert-bamlett,Herbert Bamlett,,MID,stockport-county,Stockport County,,3000,fee,146280,146280,,,,true,completed,1929-06-01-william-johnston-out,1929-06-01,,unknown,2,48,48,16,0,83,0.5783,,mufcinfo-transfers
1928-01-01-george-nicol-in,george-nicol:1,george-nicol,George Nicol,1928-01-01,month,1927-28,herbert-bamlett,Herbert Bamlett,,FWD,saltcoats-victoria,Saltcoats Victoria,,,unknown,,,,,,false,completed,1929-05-01-george-nicol-out,1929-05-01,,unknown,2,7,7,2,0,67,0.1045,,mufcinfo-transfers
1928-03-01-william-rawlings-in,bill-rawlings:1,bill-rawlings,Bill Rawlings,1928-03-01,month,1928-29,herbert-bamlett,Herbert Bamlett,,FWD,southampton,Southampton,,4000,fee,195040,195040,,,,false,completed,1929-11-01-william-rawlings-out,1929-11-01,,unknown,3,36,36,19,0,71,0.507,,mufcinfo-transfers
1928-05-01-arthur-thomson-in,arthur-thomson:1,arthur-thomson,Arthur Thomson,1928-05-01,month,1928-29,herbert-bamlett,Herbert Bamlett,,FWD,morecambe,Morecambe,,,unknown,,,,,,false,completed,1931-08-01-arthur-thomson-out,1931-08-01,,unknown,3,5,5,1,0,134,0.0373,,mufcinfo-transfers
1928-05-01-george-lydon-in,george-lydon:1,george-lydon,George Lydon,1928-05-01,month,1928-29,herbert-bamlett,Herbert Bamlett,,DEF,mossley,Mossley,,,unknown,,,,,,false,completed,1933-01-01-george-lydon-out,1933-01-01,,unknown,2,3,3,0,0,199,0.0151,,mufcinfo-transfers
1928-05-01-harry-rowley-in,harry-rowley:1,harry-rowley,Harry Rowley,1928-05-01,month,1928-29,herbert-bamlett,Herbert Bamlett,,FWD,shrewsbury-town,Shrewsbury Town,,,unknown,,,,,,true,unclosed_record,,,,,4,96,96,24,0,281,0.3416,,mufcinfo-transfers
1928-07-01-charles-spencer-in,charlie-spencer:1,charlie-spencer,Charlie Spencer,1928-07-01,month,1928-29,herbert-bamlett,Herbert Bamlett,,DEF,newcastle-united,Newcastle United,,3250,fee,158470,158470,,,,false,completed,1930-05-01-charles-spencer-out,1930-05-01,,unknown,2,48,48,0,0,86,0.5581,,mufcinfo-transfers
1929-03-01-thomas-boyle-in,tommy-boyle:1,tommy-boyle,Tommy Boyle,1929-03-01,month,1929-30,herbert-bamlett,Herbert Bamlett,,FWD,sheffield-united,Sheffield United,,,unknown,,,,,,false,completed,1930-07-01-thomas-boyle-out,1930-07-01,,unknown,2,17,17,6,0,55,0.3091,,mufcinfo-transfers
1929-05-01-john-in,transfer:1929-05-01-john-in,,John,1929-05-01,month,1929-30,herbert-bamlett,Herbert Bamlett,,,chorley,Chorley,,,unknown,,,,,,false,unresolved,,,,,,,,,,,,,mufcinfo-transfers
1929-05-01-sam-hopkinson-in,transfer:1929-05-01-sam-hopkinson-in,,Sam Hopkinson,1929-05-01,month,1929-30,herbert-bamlett,Herbert Bamlett,,,ashton-national,Ashton National,,,unknown,,,,,,false,unresolved,,,,,,,,,,,,,mufcinfo-transfers
1929-06-01-jack-mellor-in,jack-mellor:1,jack-mellor,Jack Mellor,1929-06-01,month,1929-30,herbert-bamlett,Herbert Bamlett,,DEF,witton-albion,Witton Albion,,,unknown,,,,,,false,completed,1937-01-01-jack-mellor-out,1937-01-01,,unknown,6,122,122,0,0,332,0.3675,,mufcinfo-transfers
1929-07-01-thomas-reid-in,tommy-reid:1,tommy-reid,Tommy Reid,1929-07-01,year,1929-30,herbert-bamlett,Herbert Bamlett,,FWD,liverpool,Liverpool,,,unknown,,,,,,false,completed,1933-07-01-thomas-reid-out,1933-07-01,400,fee,4,84,84,53,0,175,0.48,,mufcinfo-transfers
1929-12-01-george-mclachlan-in,george-mclachlan:1,george-mclachlan,George McLachlan,1929-12-01,month,1929-30,herbert-bamlett,Herbert Bamlett,,MID,cardiff-city,Cardiff City,,,unknown,,,,,,false,completed,1933-06-01-george-mclachlan-out,1933-06-01,,unknown,4,116,116,4,0,158,0.7342,,mufcinfo-transfers
1930-09-01-jimmy-bullock-in,jimmy-bullock:1,jimmy-bullock,Jimmy Bullock,1930-09-01,month,1930-31,herbert-bamlett,Herbert Bamlett,,FWD,chesterfield,Chesterfield,,1250,fee,60950,60950,,,,false,completed,1931-06-01-jimmy-bullock-out,1931-06-01,,unknown,1,10,10,3,0,45,0.2222,,mufcinfo-transfers
1931-05-01-herbert-mann-in,herbert-mann:1,herbert-mann,Herbert Mann,1931-05-01,month,1931-32,walter-crickmer,Walter Crickmer,,FWD,grantham-town,Grantham Town,,,unknown,,,,,,false,completed,1933-11-01-herbert-mann-out,1933-11-01,,unknown,1,13,13,2,0,99,0.1313,,mufcinfo-transfers
1931-05-01-john-ferguson-in,john-ferguson:1,john-ferguson,John Ferguson,1931-05-01,month,1931-32,walter-crickmer,Walter Crickmer,,FWD,burton-town,Burton Town,,,unknown,,,,,,false,completed,1931-12-01-john-ferguson-out,1931-12-01,,unknown,1,8,8,1,0,18,0.4444,,mufcinfo-transfers
1931-05-01-william-johnston-in,billy-johnston:2,billy-johnston,Billy Johnston,1931-05-01,month,1931-32,walter-crickmer,Walter Crickmer,,MID,macclesfield,Macclesfield,,,unknown,,,,,,true,completed,1932-05-01-william-johnston-out,1932-05-01,,unknown,1,29,29,11,0,43,0.6744,,mufcinfo-transfers
1931-09-01-harold-dean-in,harold-dean:1,harold-dean,Harold Dean,1931-09-01,month,1931-32,walter-crickmer,Walter Crickmer,,FWD,old-trafford-fc,Old Trafford FC,,,unknown,,,,,,false,completed,1931-12-01-harold-dean-out,1931-12-01,,unknown,1,2,2,0,0,16,0.125,,mufcinfo-transfers
1931-09-01-matt-robinson-in,matt-robinson:1,matt-robinson,Matt Robinson,1931-09-01,month,1931-32,walter-crickmer,Walter Crickmer,,FWD,cardiff-city,Cardiff City,,,unknown,,,,,,false,completed,1932-03-01-matt-robinson-out,1932-03-01,,unknown,1,10,10,0,0,30,0.3333,,mufcinfo-transfers
1932-02-01-ernest-vincent-in,ernest-vincent:1,ernest-vincent,Ernest Vincent,1932-02-01,month,1931-32,walter-crickmer,Walter Crickmer,,,southport,Southport,,1000,fee,48760,48760,,,,false,completed,1935-06-01-ernest-vincent-out,1935-06-01,,unknown,3,65,65,1,0,148,0.4392,,mufcinfo-transfers
1932-02-01-john-moody-in,john-moody:1,john-moody,John Moody,1932-02-01,month,1931-32,walter-crickmer,Walter Crickmer,,GK,doncaster-rovers,Doncaster Rovers,,,unknown,,,,,,false,completed,1933-08-01-john-moody-out,1933-08-01,,unknown,2,51,51,0,0,59,0.8644,,mufcinfo-transfers
1932-02-01-leslie-lievesley-in,leslie-lievesley:1,leslie-lievesley,Leslie Lievesley,1932-02-01,month,1931-32,walter-crickmer,Walter Crickmer,,DEF,doncaster-rovers,Doncaster Rovers,,,unknown,,,,,,false,completed,1933-03-01-leslie-lievesley-out,1933-03-01,,unknown,1,2,2,0,0,46,0.0435,,mufcinfo-transfers
1932-03-01-george-arthur-fitton-in,transfer:1932-03-01-george-arthur-fitton-in,,George Arthur Fitton,1932-03-01,month,1932-33,walter-crickmer,Walter Crickmer,,,west-bromwich-albion,West Bromwich Albion,,,unknown,,,,,,false,unresolved,,,,,,,,,,,,,mufcinfo-transfers
1932-03-01-louis-page-in,louis-page:1,louis-page,Louis Page,1932-03-01,month,1932-33,walter-crickmer,Walter Crickmer,,FWD,burnley,Burnley,,1000,fee,48760,48760,,,,false,completed,1932-10-01-louis-page-out,1932-10-01,,unknown,2,12,12,0,0,20,0.6,,mufcinfo-transfers
1932-04-01-andrew-mitchell-in,andrew-mitchell:2,andrew-mitchell,Andrew Mitchell,1932-04-01,month,1932-33,walter-crickmer,Walter Crickmer,,DEF,darlington,Darlington,,600,fee,29256,29256,,,,true,completed,1933-06-01-andrew-mitchell-out,1933-06-01,,unknown,1,1,1,0,0,49,0.0204,,mufcinfo-transfers
1932-04-01-arthur-black-in,transfer:1932-04-01-arthur-black-in,,Arthur Black,1932-04-01,month,1932-33,walter-crickmer,Walter Crickmer,,,greenock-morton,Greenock Morton,,,unknown,,,,,,false,unresolved,,,,,,,,,,,,,mufcinfo-transfers
1932-04-01-willie-mcdonald-in,willie-mcdonald:1,willie-mcdonald,Willie McDonald,1932-04-01,month,1932-33,walter-crickmer,Walter Crickmer,,FWD,airdrieonians,Airdrieonians,,,unknown,,,,,,false,completed,1934-08-01-willie-mcdonald-out,1934-08-01,,unknown,3,27,27,4,0,93,0.2903,,mufcinfo-transfers
1932-09-01-george-vose-in,george-vose:1,george-vose,George Vose,1932-09-01,month,1932-33,scott-duncan,Scott Duncan,,MID,peasley-cross-athletic,Peasley Cross Athletic,,,unknown,,,,,,false,completed,1946-07-01-george-vose-out,1946-07-01,,unknown,6,209,209,1,0,313,0.6677,,mufcinfo-transfers
1932-09-01-james-brown-in,james-brown-1892:2,james-brown-1892,James Brown,1932-09-01,month,1932-33,scott-duncan,Scott Duncan,,DEF,brooklyn-wanderers,Brooklyn Wanderers,,,unknown,,,,,,true,completed,1934-05-01-james-brown-out,1934-05-01,,unknown,2,41,41,0,0,84,0.4881,,mufcinfo-transfers
1932-09-01-john-jack-hall-in,jack-hall-1926:2,jack-hall-1926,Jack Hall,1932-09-01,month,1932-33,scott-duncan,Scott Duncan,,FWD,newton-heath-locos,Newton Heath Locos,,,unknown,,,,,,true,completed,1936-06-01-jack-hall-out,1936-06-01,,unknown,3,73,73,0,0,175,0.4171,,mufcinfo-transfers
1932-09-01-thomas-frame-in,tommy-frame:1,tommy-frame,Tommy Frame,1932-09-01,month,1932-33,scott-duncan,Scott Duncan,,DEF,cowdenbeath,Cowdenbeath,,,unknown,,,,,,false,completed,1936-06-01-thomas-frame-out,1936-06-01,,unknown,2,52,52,4,0,175,0.2971,,mufcinfo-transfers
1932-09-01-william-chalmers-in,transfer:1932-09-01-william-chalmers-in,,William Chalmers,1932-09-01,month,1932-33,scott-duncan,Scott Duncan,,,heart-of-midlothian,Heart of Midlothian,,,unknown,,,,,,false,unresolved,,,,,,,,,,,,,mufcinfo-transfers
1932-11-01-william-stewart-in,william-stewart:2,william-stewart,William Stewart,1932-11-01,month,1932-33,scott-duncan,Scott Duncan,,MID,cowdenbeath,Cowdenbeath,,,unknown,,,,,,true,completed,1934-03-01-william-stewart-out,1934-03-01,,unknown,2,47,47,7,0,63,0.746,,mufcinfo-transfers
1932-12-01-henry-topping-in,henry-topping:1,henry-topping,Henry Topping,1932-12-01,month,1932-33,scott-duncan,Scott Duncan,,DEF,horwich-rmi,Horwich RMI,,,unknown,,,,,,false,completed,1935-05-01-henry-topping-out,1935-05-01,,unknown,3,12,12,1,0,115,0.1043,,mufcinfo-transfers
1933-02-01-ernie-hine-in,ernie-hine:1,ernie-hine,Ernie Hine,1933-02-01,month,1932-33,scott-duncan,Scott Duncan,,FWD,huddersfield-town,Huddersfield Town,,5000,fee,243800,243800,,,,false,completed,1934-12-01-ernie-hine-out,1934-12-01,,unknown,3,53,53,12,0,77,0.6883,,mufcinfo-transfers
1933-02-01-neil-dewar-in,neil-dewar:1,neil-dewar,Neil Dewar,1933-02-01,month,1932-33,scott-duncan,Scott Duncan,,FWD,third-lanark,Third Lanark,,5000,fee,243800,243800,,,,false,unclosed_record,,,,,2,36,36,14,0,4553,0.0079,,mufcinfo-transfers
1933-05-01-charles-hillam-in,charlie-hillam:1,charlie-hillam,Charlie Hillam,1933-05-01,month,1933-34,scott-duncan,Scott Duncan,,GK,burnley,Burnley,,,unknown,,,,,,false,completed,1934-05-01-charles-hillam-out,1934-05-01,,unknown,1,8,8,0,0,44,0.1818,,mufcinfo-transfers
1933-05-01-charles-mcgillivray-in,charlie-mcgillivray:1,charlie-mcgillivray,Charlie McGillivray,1933-05-01,month,1933-34,scott-duncan,Scott Duncan,,MID,glasgow-celtic,Glasgow Celtic,,,unknown,,,,,,false,completed,1934-04-01-charles-mcgillivray-out,1934-04-01,,unknown,1,9,9,0,0,39,0.2308,,mufcinfo-transfers
1933-05-01-david-byrne-in,david-byrne:1,david-byrne,David Byrne,1933-05-01,month,1933-34,scott-duncan,Scott Duncan,,FWD,shamrock-rovers,Shamrock Rovers,,,unknown,,,,,,false,completed,1934-02-01-david-byrne-out,1934-02-01,,unknown,1,4,4,3,0,29,0.1379,,mufcinfo-transfers
1933-06-01-robert-eddie-green-in,transfer:1933-06-01-robert-eddie-green-in,,Robert Eddie Green,1933-06-01,month,1933-34,scott-duncan,Scott Duncan,,,derby-county,Derby County,,,unknown,,,,,,false,unresolved,,,,,,,,,,,,,mufcinfo-transfers
1933-06-01-thomas-manns-in,tom-manns:1,tom-manns,Tom Manns,1933-06-01,month,1933-34,scott-duncan,Scott Duncan,,DEF,burnley,Burnley,,,unknown,,,,,,false,completed,1934-06-01-thomas-manns-out,1934-06-01,,unknown,1,2,2,0,0,44,0.0455,,mufcinfo-transfers
1933-08-01-walter-mcmillen-in,walter-mcmillen:1,walter-mcmillen,Walter McMillen,1933-08-01,month,1933-34,scott-duncan,Scott Duncan,,,cliftonville,Cliftonville,,,unknown,,,,,,false,completed,1936-12-01-walter-mcmillen-out,1936-12-01,,unknown,2,29,29,2,0,150,0.1933,,mufcinfo-transfers
1933-09-01-percy-newton-in,percy-newton:1,percy-newton,Percy Newton,1933-09-01,month,1933-34,scott-duncan,Scott Duncan,,DEF,sandbach-ramblers,Sandbach Ramblers,,,unknown,,,,,,false,completed,1934-06-01-percy-newton-out,1934-06-01,,unknown,1,2,2,0,0,42,0.0476,,mufcinfo-transfers
1933-09-01-william-behan-in,billy-behan:1,billy-behan,Billy Behan,1933-09-01,month,1933-34,scott-duncan,Scott Duncan,,GK,shelbourne,Shelbourne,,,unknown,,,,,,false,completed,1934-07-01-william-behan-out,1934-07-01,,unknown,1,1,1,0,0,42,0.0238,,mufcinfo-transfers
1934-01-01-george-nevin-in,george-nevin:1,george-nevin,George Nevin,1934-01-01,month,1933-34,scott-duncan,Scott Duncan,,DEF,sheffield-wednesday,Sheffield Wednesday,,,unknown,,,,,,false,completed,1934-03-01-george-nevin-out,1934-03-01,,unknown,1,5,5,0,0,9,0.5556,,mufcinfo-transfers
1934-01-01-john-jack-cape-in,jack-cape:1,jack-cape,Jack Cape,1934-01-01,month,1933-34,scott-duncan,Scott Duncan,,FWD,newcastle-united,Newcastle United,,,unknown,,,,,,false,completed,1937-06-01-jack-cape-out,1937-06-01,,unknown,4,60,60,18,0,155,0.3871,,mufcinfo-transfers
1934-02-01-stanley-gallimore-in,stanley-gallimore:1,stanley-gallimore,Stanley Gallimore,1934-02-01,month,1933-34,scott-duncan,Scott Duncan,,FWD,resigned,Resigned,,,free,,,,,,false,completed,1934-06-01-stanley-gallimore-out,1934-06-01,,unknown,1,7,7,3,0,16,0.4375,,mufcinfo-transfers
1934-03-01-jack-hacking-in,jack-hacking:1,jack-hacking,Jack Hacking,1934-03-01,month,1934-35,scott-duncan,Scott Duncan,,GK,oldham-athletic,Oldham Athletic,,,unknown,,,,,,false,completed,1935-05-01-jack-hacking-out,1935-05-01,,unknown,2,34,34,0,0,56,0.6071,,mufcinfo-transfers
1934-03-01-john-jack-griffiths-in,jack-griffiths:1,jack-griffiths,Jack Griffiths,1934-03-01,month,1934-35,scott-duncan,Scott Duncan,,DEF,bolton-wanderers,Bolton Wanderers,,,unknown,,,,,,false,completed,1940-07-01-jack-griffiths-out,1940-07-01,,unknown,6,173,173,1,0,236,0.7331,,mufcinfo-transfers
1934-03-01-william-mckay-in,bill-mckay:1,bill-mckay,Bill McKay,1934-03-01,month,1934-35,scott-duncan,Scott Duncan,,MID,hamilton-academicals,Hamilton Academicals,,,unknown,,,,,,false,completed,1946-07-01-bill-mckay-out,1946-07-01,,unknown,6,182,182,15,0,240,0.7583,,mufcinfo-transfers
1934-03-01-william-robertson-in,william-robertson:1,william-robertson,William Robertson,1934-03-01,month,1934-35,scott-duncan,Scott Duncan,,MID,stoke,Stoke,,,unknown,,,,,,false,completed,1936-01-01-william-robertson-out,1936-01-01,,unknown,3,50,50,1,0,79,0.6329,,mufcinfo-transfers
1934-05-01-bert-whalley-in,bert-whalley:1,bert-whalley,Bert Whalley,1934-05-01,month,1934-35,scott-duncan,Scott Duncan,,MID,stalybridge-celtic,Stalybridge Celtic,,,unknown,,,,,,false,completed,1947-06-01-bert-whalley-out,1947-06-01,,unknown,6,38,38,0,0,273,0.1392,,mufcinfo-transfers
1934-05-01-william-owen-in,william-owen:2,william-owen,William Owen,1934-05-01,month,1934-35,scott-duncan,Scott Duncan,,,macclesfield-town,Macclesfield Town,,,unknown,,,,,,true,completed,1936-01-01-william-owen-out,1936-01-01,,unknown,2,17,17,0,0,68,0.25,,mufcinfo-transfers
1934-06-01-len-langford-in,len-langford:1,len-langford,Len Langford,1934-06-01,month,1934-35,scott-duncan,Scott Duncan,,GK,manchester-city,Manchester City,,,unknown,,,,,,false,completed,1937-06-01-len-langford-out,1937-06-01,,unknown,2,15,15,0,0,134,0.1119,,mufcinfo-transfers
1934-06-01-thomas-jones-in,transfer:1934-06-01-thomas-jones-in,,Thomas Jones,1934-06-01,month,1934-35,scott-duncan,Scott Duncan,,,sheffield-wednesday,Sheffield Wednesday,,,unknown,,,,,,false,unresolved,,,,,,,,,,,,,mufcinfo-transfers
1934-10-01-thomas-bamford-in,tommy-bamford:1,tommy-bamford,Tommy Bamford,1934-10-01,month,1934-35,scott-duncan,Scott Duncan,,FWD,wrexham,Wrexham,,,unknown,,,,,,false,completed,1938-07-01-thomas-bamford-out,1938-07-01,,unknown,4,109,109,54,0,172,0.6337,,mufcinfo-transfers
1934-10-23-william-bryant-in,william-bryant:2,william-bryant,William Bryant,1934-10-23,day,1934-35,scott-duncan,Scott Duncan,,FWD,wrexham,Wrexham,,,unknown,,,,,,true,completed,1945-11-01-william-bryant-out,1945-11-01,,unknown,0,0,0,0,0,213,0,,mufcinfo-transfers
1934-12-01-harry-rowley-in,harry-rowley:2,harry-rowley,Harry Rowley,1934-12-01,month,1934-35,scott-duncan,Scott Duncan,,FWD,oldham-athletic,Oldham Athletic,,,unknown,,,,,,true,completed,1937-07-01-harry-rowley-out,1937-07-01,,unknown,3,84,84,31,0,118,0.7119,,mufcinfo-transfers
1934-15-01-george-mutch-in,george-mutch:1,george-mutch,George Mutch,1934-15-01,month,1934-35,scott-duncan,Scott Duncan,,FWD,arbroath,Arbroath,,800,fee,39008,39008,,,,false,completed,1937-09-01-george-mutch-out,1937-09-01,5000,fee,3,96,96,33,0,113,0.8496,,mufcinfo-transfers
1935-01-01-william-porter-in,billy-porter:1,billy-porter,Billy Porter,1935-01-01,month,1934-35,scott-duncan,Scott Duncan,,DEF,oldham-athletic,Oldham Athletic,,,unknown,,,,,,false,unclosed_record,,,,,4,65,65,0,0,4470,0.0145,,mufcinfo-transfers
1935-02-01-jackie-wassall-in,jackie-wassall:1,jackie-wassall,Jackie Wassall,1935-02-01,month,1934-35,scott-duncan,Scott Duncan,,FWD,wellington-town,Wellington Town,,,unknown,,,,,,false,completed,1946-10-01-jackie-wassall-out,1946-10-01,,unknown,4,47,47,6,0,207,0.2271,,mufcinfo-transfers
1935-02-01-william-boyd-in,billy-boyd:1,billy-boyd,Billy Boyd,1935-02-01,month,1934-35,scott-duncan,Scott Duncan,,FWD,sheffield-united,Sheffield United,,,unknown,,,,,,false,completed,1935-09-01-william-boyd-out,1935-09-01,,unknown,1,6,6,4,0,17,0.3529,,mufcinfo-transfers
1935-05-01-ben-morton-in,ben-morton:1,ben-morton,Ben Morton,1935-05-01,month,1935-36,scott-duncan,Scott Duncan,,FWD,stourbridge-fc,Stourbridge FC,,,unknown,,,,,,false,completed,1936-05-01-ben-morton-out,1936-05-01,,unknown,1,1,1,0,0,45,0.0222,,mufcinfo-transfers
1935-05-01-charles-gardner-in,transfer:1935-05-01-charles-gardner-in,,Charles Gardner,1935-05-01,month,1935-36,scott-duncan,Scott Duncan,,,stourbridge,Stourbridge,,,unknown,,,,,,false,unresolved,,,,,,,,,,,,,mufcinfo-transfers
1935-05-01-reg-chester-in,reg-chester:1,reg-chester,Reg Chester,1935-05-01,month,1935-36,scott-duncan,Scott Duncan,,FWD,aston-villa,Aston Villa,,,unknown,,,,,,false,unclosed_record,,,,,1,13,13,1,0,4449,0.0029,,mufcinfo-transfers
1935-05-01-ron-ferrier-in,ron-ferrier:1,ron-ferrier,Ron Ferrier,1935-05-01,month,1935-36,scott-duncan,Scott Duncan,,FWD,grimsby-town,Grimsby Town,,,unknown,,,,,,false,completed,1938-03-01-ron-ferrier-out,1938-03-01,,unknown,3,19,19,4,0,124,0.1532,,mufcinfo-transfers
1935-06-01-james-brown-in,james-brown-1892:3,james-brown-1892,James Brown,1935-06-01,month,1935-36,scott-duncan,Scott Duncan,,DEF,burnley,Burnley,,1000,fee,48760,48760,,,,true,completed,1939-02-01-james-brown-out,1939-02-01,,unknown,4,110,110,0,0,163,0.6748,,mufcinfo-transfers
1935-07-01-jack-breedon-in,jack-breedon:1,jack-breedon,Jack Breedon,1935-07-01,month,1935-36,scott-duncan,Scott Duncan,,GK,sheffield-wednesday,Sheffield Wednesday,,,unknown,,,,,,false,completed,1945-10-01-jack-breedon-out,1945-10-01,,unknown,4,35,35,0,0,179,0.1955,,mufcinfo-transfers
1935-08-01-david-robbie-in,david-robbie:1,david-robbie,David Robbie,1935-08-01,month,1935-36,scott-duncan,Scott Duncan,,FWD,,,,,unknown,,,,,,false,unclosed_record,,,,,1,1,1,0,0,4448,0.0002,,mufcinfo-transfers
1936-05-01-walter-winterbottom-in,walter-winterbottom:1,walter-winterbottom,Walter Winterbottom,1936-05-01,month,1936-37,scott-duncan,Scott Duncan,,MID,mossley-fc,Mossley FC,,,unknown,,,,,,false,completed,1938-07-01-walter-winterbottom-out,1938-07-01,,unknown,2,27,27,0,0,91,0.2967,,mufcinfo-transfers
1936-06-01-jimmy-mcclelland-in,jimmy-mcclelland:1,jimmy-mcclelland,Jimmy McClelland,1936-06-01,month,1936-37,scott-duncan,Scott Duncan,,FWD,bradford-park-avenue,Bradford Park Avenue,,,unknown,,,,,,false,completed,1937-06-01-jimmy-mcclelland-out,1937-06-01,,unknown,1,5,5,1,0,44,0.1136,,mufcinfo-transfers
1936-06-01-william-roy-john-in,transfer:1936-06-01-william-roy-john-in,,William Roy John,1936-06-01,month,1936-37,scott-duncan,Scott Duncan,,,sheffield-united,Sheffield United,,,unknown,,,,,,false,unresolved,,,,,,,,,,,,,mufcinfo-transfers
1936-09-01-george-roughton-in,george-roughton:1,george-roughton,George Roughton,1936-09-01,month,1936-37,scott-duncan,Scott Duncan,,DEF,huddersfield-town,Huddersfield Town,,,unknown,,,,,,false,unclosed_record,,,,,3,92,92,0,0,4402,0.0209,,mufcinfo-transfers
1936-10-01-reg-halton-in,reg-halton:1,reg-halton,Reg Halton,1936-10-01,month,1936-37,scott-duncan,Scott Duncan,,MID,cheddington,Cheddington,,,unknown,,,,,,false,completed,1937-06-01-reg-halton-out,1937-06-01,,unknown,1,4,4,1,0,37,0.1081,,mufcinfo-transfers
1936-11-01-john-ernie-thompson-in,transfer:1936-11-01-john-ernie-thompson-in,,John Ernie Thompson,1936-11-01,month,1936-37,scott-duncan,Scott Duncan,,,blackburn-rovers,Blackburn Rovers,,,unknown,,,,,,false,unresolved,,,,,,,,,,,,,mufcinfo-transfers
1936-11-01-johnny-carey-in,johnny-carey:1,johnny-carey,Johnny Carey,1936-11-01,month,1936-37,scott-duncan,Scott Duncan,,DEF,st-james-gate,St James Gate,,250,fee,12190,12190,,,,false,completed,1953-07-01-johnny-carey-out,1953-07-01,,unknown,10,344,344,17,0,452,0.7611,1947-48|1951-52|1952-53,mufcinfo-transfers
1936-11-01-thomas-breen-in,tommy-breen:1,tommy-breen,Tommy Breen,1936-11-01,month,1936-37,scott-duncan,Scott Duncan,,GK,belfast-celtic,Belfast Celtic,,,unknown,,,,,,false,completed,1939-09-01-thomas-breen-out,1939-09-01,,unknown,3,71,71,0,0,122,0.582,,mufcinfo-transfers
1937-01-01-harry-baird-in,harry-baird:1,harry-baird,Harry Baird,1937-01-01,month,1936-37,scott-duncan,Scott Duncan,,FWD,linfield,Linfield,,3500,fee,170660,170660,,,,false,completed,1938-09-01-harry-baird-out,1938-09-01,,unknown,2,53,53,17,0,70,0.7571,,mufcinfo-transfers
1937-01-01-william-wrigglesworth-in,billy-wrigglesworth:1,billy-wrigglesworth,Billy Wrigglesworth,1937-01-01,month,1936-37,scott-duncan,Scott Duncan,,FWD,wolverhampton-wanderers,Wolverhampton Wanderers,,,unknown,,,,,,false,completed,1947-01-01-william-wrigglesworth-out,1947-01-01,,unknown,5,34,34,9,0,138,0.2464,,mufcinfo-transfers
1937-02-01-george-gladwin-in,george-gladwin:1,george-gladwin,George Gladwin,1937-02-01,month,1936-37,scott-duncan,Scott Duncan,,MID,doncaster-rovers,Doncaster Rovers,,3000,fee,146280,146280,,,,false,completed,1942-07-01-george-gladwin-out,1942-07-01,,unknown,3,28,28,1,0,106,0.2642,,mufcinfo-transfers
1937-07-01-robert-murray-in,robert-murray:1,robert-murray,Robert Murray,1937-07-01,month,1937-38,scott-duncan,Scott Duncan,,FWD,heart-of-midlothian,Heart of Midlothian,,1600,fee,78016,78016,,,,false,completed,1938-07-01-robert-murray-out,1938-07-01,,unknown,1,4,4,0,0,46,0.087,,mufcinfo-transfers
1937-10-01-harry-worrall-in,harry-worrall:1,harry-worrall,Harry Worrall,1937-10-01,month,1937-38,scott-duncan,Scott Duncan,,DEF,winsford-united,Winsford United,,,unknown,,,,,,false,completed,1948-06-01-harry-worrall-out,1948-06-01,1000,fee,2,6,6,0,0,178,0.0337,,mufcinfo-transfers
1937-10-01-jack-rowley-in,jack-rowley:1,jack-rowley,Jack Rowley,1937-10-01,month,1937-38,scott-duncan,Scott Duncan,,FWD,bournemouth-and-boscombe,Bournemouth & Boscombe,,3000,fee,146280,146280,,,,false,completed,1955-02-01-jack-rowley-out,1955-02-01,,unknown,12,424,424,211,0,484,0.876,1947-48|1951-52|1952-53,mufcinfo-transfers
1937-12-01-david-jones-in,david-jones:1,david-jones,David Jones,1937-12-01,month,1937-38,walter-crickmer,Walter Crickmer,,MID,wigan-athletic,Wigan Athletic,,,unknown,,,,,,false,completed,1938-06-01-david-jones-out,1938-06-01,,unknown,1,1,1,0,0,29,0.0345,,mufcinfo-transfers
1938-01-01-robert-savage-in,transfer:1938-01-01-robert-savage-in,,Robert Savage,1938-01-01,month,1937-38,walter-crickmer,Walter Crickmer,,,liverpool,Liverpool,,,unknown,,,,,,false,unresolved,,,,,,,,,,,,,mufcinfo-transfers
1938-02-01-jack-smith-in,jack-smith:1,jack-smith,Jack Smith,1938-02-01,month,1937-38,walter-crickmer,Walter Crickmer,,FWD,newcastle-united,Newcastle United,,6500,fee,316940,316940,,,,false,completed,1946-03-01-jack-smith-out,1946-03-01,,unknown,3,41,41,15,0,67,0.6119,,mufcinfo-transfers
1938-06-01-charles-craven-in,charlie-craven:1,charlie-craven,Charlie Craven,1938-06-01,month,1938-39,walter-crickmer,Walter Crickmer,,FWD,grimsby-town,Grimsby Town,,6000,fee,292560,292560,,,,false,completed,1938-12-01-charles-craven-out,1938-12-01,,unknown,1,10,10,2,0,16,0.625,,mufcinfo-transfers
1938-06-01-john-jack-warner-in,jack-warner:1,jack-warner,Jack Warner,1938-06-01,month,1938-39,walter-crickmer,Walter Crickmer,,MID,swansea-town,Swansea Town,,,unknown,,,,,,false,completed,1951-06-01-jack-warner-out,1951-06-01,,unknown,6,116,116,2,0,284,0.4085,1947-48,mufcinfo-transfers
1938-10-01-allenby-chilton-in,allenby-chilton:1,allenby-chilton,Allenby Chilton,1938-10-01,month,1938-39,walter-crickmer,Walter Crickmer,,MID,liverpool,Liverpool,,,unknown,,,,,,false,completed,1955-03-01-allenby-chilton-out,1955-03-01,,free,10,391,391,3,0,443,0.8826,1947-48|1951-52|1952-53,mufcinfo-transfers
1938-10-01-len-bradbury-in,len-bradbury:1,len-bradbury,Len Bradbury,1938-10-01,month,1938-39,walter-crickmer,Walter Crickmer,,FWD,manchester-university,Manchester University,,,unknown,,,,,,false,completed,1942-07-01-len-bradbury-out,1942-07-01,,unknown,1,2,2,1,0,37,0.0541,,mufcinfo-transfers
1938-12-01-norman-tapken-in,norman-tapken:1,norman-tapken,Norman Tapken,1938-12-01,month,1938-39,walter-crickmer,Walter Crickmer,,GK,newcastle-united,Newcastle United,,850,fee,41446,41446,,,,false,completed,1947-04-01-norman-tapken-out,1947-04-01,,unknown,1,16,16,0,0,66,0.2424,,mufcinfo-transfers
1939-03-01-thomas-dougan-in,tommy-dougan:1,tommy-dougan,Tommy Dougan,1939-03-01,month,1939-40,walter-crickmer,Walter Crickmer,,FWD,plymouth-argyle,Plymouth Argyle,,4000,fee,195040,195040,,,,false,completed,1940-09-01-thomas-dougan-out,1940-09-01,,unknown,1,4,4,0,0,12,0.3333,,mufcinfo-transfers
1939-05-01-beau-asquith-in,transfer:1939-05-01-beau-asquith-in,,Beau Asquith,1939-05-01,month,1939-40,walter-crickmer,Walter Crickmer,,,barnsley,Barnsley,,,unknown,,,,,,false,unresolved,,,,,,,,,,,,,mufcinfo-transfers
1944-12-01-bill-bainbridge-in,bill-bainbridge:1,bill-bainbridge,Bill Bainbridge,1944-12-01,month,1944-45,walter-crickmer,Walter Crickmer,,FWD,ashington,Ashington,,,unknown,,,,,,false,completed,1946-05-01-bill-bainbridge-out,1946-05-01,,unknown,1,1,1,1,0,4,0.25,,mufcinfo-transfers
1946-07-01-jimmy-delaney-in,jimmy-delaney:1,jimmy-delaney,Jimmy Delaney,1946-07-01,year,1946-47,matt-busby,Sir Matt Busby,,FWD,sunderland,Sunderland,,4000,fee,195040,195040,,,,false,completed,1950-07-01-jimmy-delaney-out,1950-07-01,3500,fee,4,171,171,26,0,190,0.9,1947-48,mufcinfo-transfers
1947-01-01-bill-fielding-in,bill-fielding:1,bill-fielding,Bill Fielding,1947-01-01,month,1946-47,matt-busby,Sir Matt Busby,,GK,bolton-wanderers,Bolton Wanderers,,,unknown,,,,,,false,completed,1948-06-01-bill-fielding-out,1948-06-01,,unknown,1,7,7,0,0,70,0.1,,mufcinfo-transfers
1947-06-01-joe-dale-in,joe-dale:1,joe-dale,Joe Dale,1947-06-01,month,1947-48,matt-busby,Sir Matt Busby,,MID,witton-albion,Witton Albion,,,unknown,,,,,,false,completed,1948-04-01-joe-dale-out,1948-04-01,1000,fee,1,2,2,0,0,41,0.0488,,mufcinfo-transfers
1947-08-01-thomas-lowrie-in,tommy-lowrie:1,tommy-lowrie,Tommy Lowrie,1947-08-01,month,1947-48,matt-busby,Sir Matt Busby,,DEF,troon-athletic,Troon Athletic,,,unknown,,,,,,false,completed,1951-03-01-thomas-lowrie-out,1951-03-01,,unknown,4,14,14,0,0,180,0.0778,,mufcinfo-transfers
1948-02-01-john-ball-in,john-ball:1,john-ball,John Ball,1948-02-01,month,1947-48,matt-busby,Sir Matt Busby,,DEF,wigan-athletic,Wigan Athletic,,,unknown,,,,,,false,completed,1950-09-01-john-ball-out,1950-09-01,,unknown,3,23,23,0,0,121,0.1901,,mufcinfo-transfers
1948-11-01-sonny-feehan-in,sonny-feehan:1,sonny-feehan,Sonny Feehan,1948-11-01,month,1948-49,matt-busby,Sir Matt Busby,,GK,waterford,Waterford,,,unknown,,,,,,false,completed,1950-08-01-sonny-feehan-out,1950-08-01,525,fee,1,14,14,0,0,82,0.1707,,mufcinfo-transfers
1949-03-01-john-downie-in,john-downie:1,john-downie,John Downie,1949-03-01,month,1949-50,matt-busby,Sir Matt Busby,,FWD,bradford-park-avenue,Bradford Park Avenue,,18000,fee,877680,877680,,,,false,completed,1953-08-01-john-downie-out,1953-08-01,10000,fee,5,116,116,37,0,200,0.58,1951-52|1952-53,mufcinfo-transfers
1949-07-01-ray-wood-in,ray-wood:1,ray-wood,Ray Wood,1949-07-01,year,1949-50,matt-busby,Sir Matt Busby,,GK,darlington,Darlington,,,unknown,,,,,,false,completed,1958-12-01-ray-wood-out,1958-12-01,150000,fee,8,208,208,0,0,450,0.4622,1952-53|1955-56|1956-57|1957-58,mufcinfo-transfers
1949-08-01-thomas-bogan-in,tommy-bogan:1,tommy-bogan,Tommy Bogan,1949-08-01,month,1949-50,matt-busby,Sir Matt Busby,,MID,preston-north-end,Preston North End,,,unknown,,,,,,false,completed,1952-03-01-thomas-bogan-out,1952-03-01,,unknown,2,33,33,3,0,126,0.2619,,mufcinfo-transfers
1950-06-01-arthur-reg-allen-in,transfer:1950-06-01-arthur-reg-allen-in,,Arthur Reg Allen,1950-06-01,month,1950-51,matt-busby,Sir Matt Busby,,,queens-park-rangers,Queens Park Rangers,,11000,fee,536360,536360,,,,false,unresolved,,,,,,,,,,,,,mufcinfo-transfers
1950-08-01-eddie-mcilvenny-in,transfer:1950-08-01-eddie-mcilvenny-in,,Eddie McIlvenny,1950-08-01,month,1950-51,matt-busby,Sir Matt Busby,,,philadelphia-nationals,Philadelphia Nationals,,,unknown,,,,,,false,unresolved,,,,,,,,,,,,,mufcinfo-transfers
1950-09-01-harry-mcshane-in,harry-mcshane:1,harry-mcshane,Harry McShane,1950-09-01,month,1950-51,matt-busby,Sir Matt Busby,,FWD,bolton-wanderers,Bolton Wanderers,,,unknown,,,,,,false,completed,1954-02-01-harry-mcshane-out,1954-02-01,750,fee,4,57,57,8,0,161,0.354,1951-52,mufcinfo-transfers
1950-12-01-ernie-bond-in,ernie-bond:1,ernie-bond,Ernie Bond,1950-12-01,month,1950-51,matt-busby,Sir Matt Busby,,FWD,leyland-motors,Leyland Motors,,,unknown,,,,,,false,completed,1952-09-01-ernie-bond-out,1952-09-01,5000,fee,1,20,20,4,0,73,0.274,1951-52,mufcinfo-transfers
1951-07-01-john-walton-in,john-walton:1,john-walton,John Walton,1951-07-01,month,1951-52,matt-busby,Sir Matt Busby,,FWD,bury,Bury,,,unknown,,,,,,false,completed,1952-07-01-john-walton-out,1952-07-01,,unknown,1,2,2,0,0,43,0.0465,,mufcinfo-transfers
1951-08-01-johnny-berry-in,johnny-berry:1,johnny-berry,Johnny Berry,1951-08-01,month,1951-52,matt-busby,Sir Matt Busby,,FWD,birmingham-city,Birmingham City,,15000,fee,683100,683100,,,,false,unclosed_record,,,,,7,276,276,45,0,4029,0.0685,1951-52|1952-53|1955-56|1956-57|1957-58,mufcinfo-transfers
1952-04-01-noel-mcfarlane-in,noel-mcfarlane:1,noel-mcfarlane,Noel McFarlane,1952-04-01,month,1952-53,matt-busby,Sir Matt Busby,,FWD,eire-schoolboys,Eire Schoolboys,,,unknown,,,,,,false,completed,1956-06-01-noel-mcfarlane-out,1956-06-01,,unknown,1,1,1,0,0,185,0.0054,,mufcinfo-transfers
1952-05-01-colin-webster-in,colin-webster:1,colin-webster,Colin Webster,1952-05-01,month,1952-53,matt-busby,Sir Matt Busby,,FWD,cardiff-city,Cardiff City,,,unknown,,,,,,false,completed,1958-10-01-colin-webster-out,1958-10-01,7500,fee,6,78,78,31,0,304,0.2566,1955-56|1956-57,mufcinfo-transfers
1953-03-01-thomas-taylor-in,tommy-taylor:1,tommy-taylor,Tommy Taylor,1953-03-01,month,1953-54,matt-busby,Sir Matt Busby,,FWD,barnsley,Barnsley,,29999,fee,1338255,1338255,,,,false,unclosed_record,,,,,6,191,191,131,0,3950,0.0484,1955-56|1956-57|1957-58,mufcinfo-transfers
1953-05-01-ian-greaves-in,ian-greaves:1,ian-greaves,Ian Greaves,1953-05-01,month,1953-54,matt-busby,Sir Matt Busby,,DEF,buxton-united,Buxton United,,,unknown,,,,,,false,completed,1960-12-01-ian-greaves-out,1960-12-01,,unknown,6,75,75,0,0,356,0.2107,1955-56,mufcinfo-transfers
1956-02-01-joe-carolan-in,joe-carolan:1,joe-carolan,Joe Carolan,1956-02-01,month,1955-56,matt-busby,Sir Matt Busby,,DEF,home-farm,Home Farm,,,unknown,,,,,,false,completed,1960-12-01-joe-carolan-out,1960-12-01,,unknown,3,71,71,0,0,239,0.2971,,mufcinfo-transfers
1956-11-01-john-reg-hunter-in,transfer:1956-11-01-john-reg-hunter-in,,John Reg Hunter,1956-11-01,month,1956-57,matt-busby,Sir Matt Busby,,,colwyn-bay,Colwyn Bay,,,unknown,,,,,,false,unresolved,,,,,,,,,,,,,mufcinfo-transfers
1957-12-01-harry-gregg-in,harry-gregg:1,harry-gregg,Harry Gregg,1957-12-01,month,1957-58,matt-busby,Sir Matt Busby,,GK,doncaster-rovers,Doncaster Rovers,,23500,fee,1000630,1000630,,,,false,completed,1966-12-01-harry-gregg-out,1966-12-01,,unknown,9,247,247,0,0,462,0.5346,1962-63,mufcinfo-transfers
1958-02-01-ernie-taylor-in,ernie-taylor:1,ernie-taylor,Ernie Taylor,1958-02-01,month,1957-58,matt-busby,Sir Matt Busby,,FWD,blackpool,Blackpool,,8000,fee,337840,337840,,,,false,completed,1958-12-01-ernie-taylor-out,1958-12-01,7000,fee,2,30,30,4,0,44,0.6818,,mufcinfo-transfers
1958-02-19-stan-crowther-in,stan-crowther:1,stan-crowther,Stan Crowther,1958-02-19,day,1957-58,matt-busby,Sir Matt Busby,,MID,aston-villa,Aston Villa,,18000,fee,760140,760140,,,,false,completed,1958-12-01-stan-crowther-out,1958-12-01,10000,fee,2,20,20,0,0,42,0.4762,,mufcinfo-transfers
1958-03-01-thomas-heron-in,tommy-heron:1,tommy-heron,Tommy Heron,1958-03-01,month,1958-59,jimmy-murphy,Jimmy Murphy,,DEF,portadown,Portadown,,,unknown,,,,,,false,completed,1961-05-01-thomas-heron-out,1961-05-01,,unknown,3,3,3,0,0,156,0.0192,,mufcinfo-transfers
1958-09-01-albert-quixall-in,albert-quixall:1,albert-quixall,Albert Quixall,1958-09-01,month,1958-59,matt-busby,Sir Matt Busby,,FWD,sheffield-wednesday,Sheffield Wednesday,,45000,fee,1900350,1900350,,,,false,completed,1964-09-01-albert-quixall-out,1964-09-01,7000,fee,6,184,184,56,0,289,0.6367,1962-63,mufcinfo-transfers
1959-07-01-johnny-giles-in,johnny-giles:1,johnny-giles,Johnny Giles,1959-07-01,year,1959-60,matt-busby,Sir Matt Busby,,MID,home-farm,Home Farm,,10,fee,419,419,,,,false,completed,1963-08-01-johnny-giles-out,1963-08-01,37500,fee,4,114,114,13,0,190,0.6,1962-63,mufcinfo-transfers
1960-07-01-tony-dunne-in,tony-dunne:1,tony-dunne,Tony Dunne,1960-07-01,year,1960-61,matt-busby,Sir Matt Busby,,DEF,shelbourne,Shelbourne,,6000,fee,236280,236280,,,,false,completed,1973-08-01-tony-dunne-out,1973-08-01,,free,13,534,533,2,0,686,0.7784,1962-63|1964-65|1966-67|1967-68,mufcinfo-transfers
1960-11-21-noel-cantwell-in,noel-cantwell:1,noel-cantwell,Noel Cantwell,1960-11-21,day,1960-61,matt-busby,Sir Matt Busby,,DEF,west-ham-united,West Ham United,,29950,fee,1179431,1179431,,,,false,completed,1967-10-01-noel-cantwell-out,1967-10-01,5000,fee,7,146,146,8,0,356,0.4101,1962-63,mufcinfo-transfers
1961-02-01-mike-pinner-in,mike-pinner:1,mike-pinner,Mike Pinner,1961-02-01,month,1960-61,matt-busby,Sir Matt Busby,,GK,queens-park-rangers,Queens Park Rangers,,,unknown,,,,,,false,completed,1961-10-01-mike-pinner-out,1961-10-01,,unknown,1,4,4,0,0,27,0.1481,,mufcinfo-transfers
1961-07-01-david-herd-in,david-herd:1,david-herd,David Herd,1961-07-01,month,1961-62,matt-busby,Sir Matt Busby,,FWD,arsenal,Arsenal,,35000,fee,1355200,1355200,,,,false,completed,1968-07-01-david-herd-out,1968-07-01,,unknown,7,264,264,145,0,370,0.7135,1962-63|1964-65|1966-67|1967-68,mufcinfo-transfers
1961-12-01-graham-moore-in,graham-moore:1,graham-moore,Graham Moore,1961-12-01,month,1961-62,matt-busby,Sir Matt Busby,,MID,chelsea,Chelsea,,35000,fee,1355200,1355200,,,,false,completed,1964-12-01-graham-moore-out,1964-12-01,,unknown,1,19,19,5,0,158,0.1203,,mufcinfo-transfers
1962-08-01-denis-law-in,denis-law:1,denis-law,Denis Law,1962-08-01,month,1962-63,matt-busby,Sir Matt Busby,,FWD,torino,Torino,,110000,fee,4221800,4221800,,,,false,completed,1973-07-01-denis-law-out,1973-07-01,,free,11,400,398,237,0,589,0.6791,1962-63|1964-65|1966-67|1967-68,mufcinfo-transfers
1962-11-01-david-sadler-in,david-sadler:1,david-sadler,David Sadler,1962-11-01,month,1962-63,matt-busby,Sir Matt Busby,,DEF,maidstone-united,Maidstone United,,,unknown,,,,,,false,completed,1973-11-01-david-sadler-out,1973-11-01,25000,fee,11,330,327,27,0,588,0.5612,1964-65|1966-67|1967-68,mufcinfo-transfers
1963-02-01-patrick-crerand-in,paddy-crerand:1,paddy-crerand,Paddy Crerand,1963-02-01,month,1962-63,matt-busby,Sir Matt Busby,,MID,glasgow-celtic,Glasgow Celtic,,56000,fee,2112320,2112320,,,,false,completed,1971-07-01-patrick-crerand-out,1971-07-01,,unknown,9,396,396,15,0,464,0.8534,1962-63|1964-65|1966-67|1967-68,mufcinfo-transfers
1964-05-01-patrick-dunne-in,pat-dunne:1,pat-dunne,Pat Dunne,1964-05-01,month,1964-65,matt-busby,Sir Matt Busby,,GK,everton,Everton,,10500,fee,388920,388920,,,,false,completed,1967-02-01-patrick-dunne-out,1967-02-01,5000,fee,3,67,67,0,0,146,0.4589,1964-65,mufcinfo-transfers
1964-07-01-john-connelly-in,john-connelly:1,john-connelly,John Connelly,1964-07-01,year,1964-65,matt-busby,Sir Matt Busby,,FWD,burnley,Burnley,,56000,fee,2074240,2074240,,,,false,completed,1966-06-01-john-connelly-out,1966-06-01,40000,fee,2,106,105,33,0,118,0.8983,1964-65|1966-67,mufcinfo-transfers
1966-08-01-alex-stepney-in,alex-stepney:1,alex-stepney,Alex Stepney,1966-08-01,month,1966-67,matt-busby,Sir Matt Busby,,GK,chelsea,Chelsea,,55000,fee,1823250,1823250,,,,false,completed,1979-02-01-alex-stepney-out,1979-02-01,,unknown,12,538,538,2,0,653,0.8239,1966-67|1967-68|1976-77,mufcinfo-transfers
1968-08-01-willie-morgan-in,willie-morgan:1,willie-morgan,Willie Morgan,1968-08-01,month,1968-69,matt-busby,Sir Matt Busby,,FWD,burnley,Burnley,,110000,fee,3390200,3390200,,,,false,completed,1975-06-01-willie-morgan-out,1975-06-01,,unknown,7,295,292,34,0,364,0.8104,,mufcinfo-transfers
1969-08-01-ian-ure-in,ian-ure:1,ian-ure,Ian Ure,1969-08-01,month,1969-70,wilf-mcguinness,Wilf McGuinness,,MID,arsenal,Arsenal,,80000,fee,2332000,2332000,,,,false,completed,1972-08-01-ian-ure-out,1972-08-01,,unknown,2,64,64,1,0,163,0.3926,,mufcinfo-transfers
1972-02-29-martin-buchan-in,martin-buchan:1,martin-buchan,Martin Buchan,1972-02-29,day,1971-72,frank-ofarrell,Frank O'Farrell,,DEF,aberdeen,Aberdeen,,125000,fee,2818750,2818750,,,,false,completed,1983-08-01-martin-buchan-out,1983-08-01,,free,12,456,456,4,0,577,0.7903,1976-77,mufcinfo-transfers
1972-03-01-ian-storey-moore-in,ian-storey-moore:1,ian-storey-moore,Ian Storey-Moore,1972-03-01,month,1972-73,frank-ofarrell,Frank O'Farrell,,FWD,nottingham-forest,Nottingham Forest,,200000,fee,4510000,4510000,,,,false,completed,1973-12-01-ian-storey-moore-out,1973-12-01,,unknown,3,43,43,12,0,80,0.5375,,mufcinfo-transfers
1972-09-01-ted-macdougall-in,ted-macdougall:1,ted-macdougall,Ted MacDougall,1972-09-01,month,1972-73,frank-ofarrell,Frank O'Farrell,,FWD,bournemouth,Bournemouth,,194445,fee,4384735,4384735,,,,false,completed,1973-03-01-ted-macdougall-out,1973-03-01,,unknown,1,18,18,5,0,29,0.6207,,mufcinfo-transfers
1972-09-01-wyn-davies-in,wyn-davies:1,wyn-davies,Wyn Davies,1972-09-01,month,1972-73,frank-ofarrell,Frank O'Farrell,,FWD,manchester-city,Manchester City,,60000,fee,1353000,1353000,,,,false,completed,1973-06-01-wyn-davies-out,1973-06-01,,unknown,1,17,16,4,0,41,0.4146,,mufcinfo-transfers
1972-10-01-trevor-anderson-in,trevor-anderson:1,trevor-anderson,Trevor Anderson,1972-10-01,month,1972-73,frank-ofarrell,Frank O'Farrell,,FWD,portadown,Portadown,,10000,fee,225500,225500,,,,false,completed,1974-11-01-trevor-anderson-out,1974-11-01,,unknown,2,17,13,2,0,96,0.1771,,mufcinfo-transfers
1972-12-01-alex-forsyth-in,alex-forsyth:1,alex-forsyth,Alex Forsyth,1972-12-01,month,1972-73,frank-ofarrell,Frank O'Farrell,,DEF,partick-thistle,Partick Thistle,,100000,fee,2255000,2255000,,,,false,completed,1978-08-01-alex-forsyth-out,1978-08-01,,unknown,6,119,116,5,0,284,0.419,,mufcinfo-transfers
1972-12-01-george-graham-in,george-graham:1,george-graham,George Graham,1972-12-01,month,1972-73,frank-ofarrell,Frank O'Farrell,,MID,arsenal,Arsenal,,120000,fee,2706000,2706000,,,,false,completed,1974-11-01-george-graham-out,1974-11-01,,unknown,2,45,44,2,0,86,0.5233,,mufcinfo-transfers
1972-12-01-steve-coppell-in,steve-coppell:1,steve-coppell,Steve Coppell,1972-12-01,month,1972-73,frank-ofarrell,Frank O'Farrell,,FWD,tranmere-rovers,Tranmere Rovers,,60000,fee,1353000,1353000,,,,false,completed,1983-10-01-steve-coppell-out,1983-10-01,,unknown,9,396,393,71,0,549,0.7213,1976-77|1982-83,mufcinfo-transfers
1973-01-01-jim-holton-in,jim-holton:1,jim-holton,Jim Holton,1973-01-01,month,1972-73,tommy-docherty,Tommy Docherty,,DEF,shrewsbury-town,Shrewsbury Town,,84444,fee,1735324,1735324,,,,false,completed,1976-10-01-jim-holton-out,1976-10-01,64000,fee,3,69,69,5,0,179,0.3855,,mufcinfo-transfers
1973-01-01-lou-macari-in,lou-macari:1,lou-macari,Lou Macari,1973-01-01,month,1972-73,tommy-docherty,Tommy Docherty,,MID,glasgow-celtic,Glasgow Celtic,,200000,fee,4110000,4110000,,,,false,completed,1984-07-01-lou-macari-out,1984-07-01,,free,12,390,374,97,0,591,0.6599,1976-77,mufcinfo-transfers
1973-01-01-mick-martin-in,mick-martin:1,mick-martin,Mick Martin,1973-01-01,month,1972-73,tommy-docherty,Tommy Docherty,,MID,bohemians,Bohemians,,20000,fee,411000,411000,,,,false,completed,1975-12-01-mick-martin-out,1975-12-01,,unknown,3,42,36,2,0,138,0.3043,,mufcinfo-transfers
1973-04-01-gerry-daly-in,gerry-daly:1,gerry-daly,Gerry Daly,1973-04-01,month,1973-74,tommy-docherty,Tommy Docherty,,MID,bohemians,Bohemians,,20000,fee,411000,411000,,,,false,completed,1977-03-01-gerry-daly-out,1977-03-01,188888,fee,4,141,137,32,0,195,0.7231,,mufcinfo-transfers
1973-05-01-george-buchan-in,george-buchan:1,george-buchan,George Buchan,1973-05-01,month,1973-74,tommy-docherty,Tommy Docherty,,MID,aberdeen,Aberdeen,,,unknown,,,,,,false,completed,1973-07-01-george-buchan-out,1973-07-01,,unknown,0,0,0,0,0,0,,,mufcinfo-transfers
1973-10-01-paddy-roche-in,paddy-roche:1,paddy-roche,Paddy Roche,1973-10-01,month,1973-74,tommy-docherty,Tommy Docherty,,GK,dublin-shelbourne,Dublin Shelbourne,,15000,fee,308250,308250,,,,false,completed,1982-08-01-paddy-roche-out,1982-08-01,,unknown,7,53,53,0,0,445,0.1191,,mufcinfo-transfers
1973-12-01-stewart-houston-in,stewart-houston:1,stewart-houston,Stewart Houston,1973-12-01,month,1973-74,tommy-docherty,Tommy Docherty,,DEF,brentford,Brentford,,55000,fee,1130250,1130250,,,,false,completed,1980-07-01-stewart-houston-out,1980-07-01,,unknown,7,249,248,16,0,342,0.7281,1976-77,mufcinfo-transfers
1974-03-01-jim-mccalliog-in,jim-mccalliog:1,jim-mccalliog,Jim McCalliog,1974-03-01,month,1974-75,tommy-docherty,Tommy Docherty,,MID,wolverhampton-wanderers,Wolverhampton Wanderers,,,unknown,,,,,,false,completed,1975-07-01-jim-mccalliog-out,1975-07-01,,unknown,2,38,37,7,0,64,0.5938,,mufcinfo-transfers
1974-07-01-steve-paterson-in,steve-paterson:1,steve-paterson,Steve Paterson,1974-07-01,month,1974-75,tommy-docherty,Tommy Docherty,,DEF,nairn-county,Nairn County,,,unknown,,,,,,false,completed,1980-07-01-steve-paterson-out,1980-07-01,,free,3,9,5,0,0,315,0.0286,,mufcinfo-transfers
1974-07-01-stuart-pearson-in,stuart-pearson:1,stuart-pearson,Stuart Pearson,1974-07-01,year,1974-75,tommy-docherty,Tommy Docherty,,FWD,hull-city,Hull City,,200000,fee,3510000,3510000,,,,false,completed,1979-08-01-stuart-pearson-out,1979-08-01,220000,fee,5,180,179,66,0,268,0.6716,1976-77,mufcinfo-transfers
1974-11-01-ron-davies-in,ron-davies:1,ron-davies,Ron Davies,1974-11-01,month,1974-75,tommy-docherty,Tommy Docherty,,FWD,portsmouth,Portsmouth,,43000,fee,754650,754650,,,,false,completed,1975-03-01-ron-davies-out,1975-03-01,,unknown,1,10,0,0,0,24,0.4167,,mufcinfo-transfers
1975-01-01-thomas-baldwin-in,tommy-baldwin:1,tommy-baldwin,Tommy Baldwin,1975-01-01,month,1974-75,tommy-docherty,Tommy Docherty,,FWD,,,,,unknown,,,,,,false,unclosed_record,,,,,1,2,2,0,0,2843,0.0007,,mufcinfo-transfers
1975-07-01-thomas-jackson-in,tommy-jackson:1,tommy-jackson,Tommy Jackson,1975-07-01,month,1975-76,tommy-docherty,Tommy Docherty,,MID,nottingham-forest,Nottingham Forest,,,unknown,,,,,,false,completed,1978-06-01-thomas-jackson-out,1978-06-01,,free,2,22,22,0,0,164,0.1341,,mufcinfo-transfers
1975-11-01-gordon-hill-in,gordon-hill:1,gordon-hill,Gordon Hill,1975-11-01,month,1975-76,tommy-docherty,Tommy Docherty,,MID,millwall,Millwall,,70000,fee,1071000,1071000,,,,false,completed,1978-04-01-gordon-hill-out,1978-04-01,250000,fee,3,134,133,51,0,142,0.9437,1976-77,mufcinfo-transfers
1976-05-01-colin-waldron-in,colin-waldron:1,colin-waldron,Colin Waldron,1976-05-01,month,1976-77,tommy-docherty,Tommy Docherty,,DEF,burnley,Burnley,,,unknown,,,,,,false,completed,1978-04-01-colin-waldron-out,1978-04-01,,unknown,1,4,4,0,0,108,0.037,,mufcinfo-transfers
1976-07-01-alan-foggon-in,alan-foggon:1,alan-foggon,Alan Foggon,1976-07-01,month,1976-77,tommy-docherty,Tommy Docherty,,FWD,hartford-bi-centenials,Hartford Bi-Centenials,,40000,fee,552000,552000,,,,false,completed,1976-09-01-alan-foggon-out,1976-09-01,25000,fee,1,1,0,0,0,4,0.25,,mufcinfo-transfers
1976-10-01-chris-mcgrath-in,chris-mcgrath:1,chris-mcgrath,Chris McGrath,1976-10-01,month,1976-77,tommy-docherty,Tommy Docherty,,MID,tottenham-hotspur,Tottenham Hotspur,,30000,fee,414000,414000,,,,false,completed,1981-02-01-chris-mcgrath-out,1981-02-01,,unknown,4,25,15,1,0,235,0.1064,,mufcinfo-transfers
1976-11-01-jimmy-greenhoff-in,jimmy-greenhoff:1,jimmy-greenhoff,Jimmy Greenhoff,1976-11-01,month,1976-77,tommy-docherty,Tommy Docherty,,FWD,stoke-city,Stoke City,,111111,fee,1533332,1533332,,,,false,completed,1980-12-01-jimmy-greenhoff-out,1980-12-01,,unknown,5,120,118,37,0,216,0.5556,1976-77,mufcinfo-transfers
1977-07-01-ashley-grimes-in,ashley-grimes:1,ashley-grimes,Ashley Grimes,1977-07-01,year,1977-78,tommy-docherty,Tommy Docherty,,MID,bohemians,Bohemians,,27777,fee,355546,355546,,,,false,completed,1983-08-01-ashley-grimes-out,1983-08-01,200000,fee,6,97,77,11,0,306,0.317,1982-83,mufcinfo-transfers
1978-01-04-joe-jordan-in,joe-jordan:1,joe-jordan,Joe Jordan,1978-01-04,day,1977-78,dave-sexton,Dave Sexton,,FWD,leeds-united,Leeds United,,350000,fee,4130000,4130000,,,,false,completed,1981-07-01-joe-jordan-out,1981-07-01,325000,fee,4,126,125,41,0,172,0.7326,,mufcinfo-transfers
1978-02-01-gordon-mcqueen-in,gordon-mcqueen:1,gordon-mcqueen,Gordon McQueen,1978-02-01,month,1977-78,dave-sexton,Dave Sexton,,DEF,leeds-united,Leeds United,,495000,fee,5841000,5841000,,,,false,completed,1985-08-01-gordon-mcqueen-out,1985-08-01,,unknown,8,229,229,26,0,390,0.5872,1982-83|1983-84|1984-85,mufcinfo-transfers
1978-02-01-kevin-moran-in,kevin-moran:1,kevin-moran,Kevin Moran,1978-02-01,month,1977-78,dave-sexton,Dave Sexton,,DEF,pegasus-eire-gaelic,Pegasus (Eire Gaelic),,,unknown,,,,,,false,completed,1988-06-01-kevin-moran-out,1988-06-01,,free,10,288,284,24,0,542,0.5314,1982-83|1983-84|1984-85,mufcinfo-transfers
1978-08-01-thomas-connell-in,tom-connell:1,tom-connell,Tom Connell,1978-08-01,month,1978-79,dave-sexton,Dave Sexton,,DEF,coleraine,Coleraine,,,unknown,,,,,,false,unclosed_record,,,,,1,2,2,0,0,2658,0.0008,,mufcinfo-transfers
1978-11-01-mickey-thomas-in,mickey-thomas:1,mickey-thomas,Mickey Thomas,1978-11-01,month,1978-79,dave-sexton,Dave Sexton,,MID,wrexham,Wrexham,,333,fee,3929,3929,,,,false,completed,1981-07-01-mickey-thomas-out,1981-07-01,450000,fee,3,110,110,15,0,135,0.8148,,mufcinfo-transfers
1979-08-01-ray-wilkins-in,ray-wilkins:1,ray-wilkins,Ray Wilkins,1979-08-01,month,1979-80,dave-sexton,Dave Sexton,,MID,chelsea-777,"Chelsea, £777",,777777,fee,8011103,8011103,,,,false,completed,1984-05-01-ray-wilkins-out,1984-05-01,1500000,fee,5,188,187,10,0,255,0.7373,1982-83|1983-84,mufcinfo-transfers
1980-01-01-nikola-jovanovic-in,nikola-jovanovic:1,nikola-jovanovic,Nikola Jovanović,1980-01-01,month,1979-80,dave-sexton,Dave Sexton,,DEF,red-star-belgrade,Red Star Belgrade,,350000,fee,2971500,2971500,,,,false,unclosed_record,,,,,2,26,25,4,0,2579,0.0101,,mufcinfo-transfers
1980-08-01-tony-whelan-in,transfer:1980-08-01-tony-whelan-in,,Tony Whelan,1980-08-01,month,1980-81,dave-sexton,Dave Sexton,,,bohemains,Bohemains,,30000,fee,254700,254700,,,,false,unresolved,,,,,,,,,,,,,mufcinfo-transfers
1980-10-01-garry-birtles-in,garry-birtles:1,garry-birtles,Garry Birtles,1980-10-01,month,1980-81,dave-sexton,Dave Sexton,,FWD,nottingham-forest,Nottingham Forest,,1250000,fee,10612500,10612500,,,,false,completed,1982-09-01-garry-birtles-out,1982-09-01,250000,fee,2,63,63,12,0,85,0.7412,,mufcinfo-transfers
1981-08-01-frank-stapleton-in,frank-stapleton:1,frank-stapleton,Frank Stapleton,1981-08-01,month,1981-82,ron-atkinson,Ron Atkinson,,FWD,arsenal,Arsenal,,900000,fee,6741000,6741000,,,,false,completed,1987-07-01-frank-stapleton-out,1987-07-01,,unknown,6,283,267,79,0,327,0.8654,1982-83|1983-84|1984-85,mufcinfo-transfers
1981-08-01-john-gidman-in,john-gidman:1,john-gidman,John Gidman,1981-08-01,month,1981-82,ron-atkinson,Ron Atkinson,,DEF,everton,Everton,,450000,fee,3370500,3370500,,,,false,completed,1986-10-01-john-gidman-out,1986-10-01,,free,5,119,116,4,0,288,0.4132,1983-84|1984-85,mufcinfo-transfers
1981-09-01-remi-moses-in,remi-moses:1,remi-moses,Remi Moses,1981-09-01,month,1981-82,ron-atkinson,Ron Atkinson,,MID,west-bromwich-albion,West Bromwich Albion,,650000,fee,4868500,4868500,,,,false,completed,1989-02-06-remi-moses-out,1989-02-06,,unknown,7,198,188,12,0,403,0.4913,1982-83|1984-85,mufcinfo-transfers
1981-10-01-bryan-robson-in,bryan-robson:1,bryan-robson,Bryan Robson,1981-10-01,day,1981-82,ron-atkinson,Ron Atkinson,,MID,west-bromwich-albion,West Bromwich Albion,,1500000,fee,11235000,11235000,,,,false,completed,1994-06-30-bryan-robson-out,1994-06-30,,free,13,459,435,100,0,692,0.6633,1982-83|1983-84|1984-85|1989-90|1990-91|1991-92|1992-93|1993-94,mufcinfo-transfers
1982-04-27-paul-mcgrath-in,paul-mcgrath:1,paul-mcgrath,Paul McGrath,1982-04-27,day,1982-83,ron-atkinson,Ron Atkinson,,DEF,st-patrick-s-athletic-30,"St Patrick's Athletic, £30",,30000,fee,209700,209700,,,,false,completed,1989-08-01-paul-mcgrath-out,1989-08-01,450000,fee,7,197,192,16,0,383,0.5144,1982-83|1984-85,mufcinfo-transfers
1982-08-01-arnold-muhren-in,arnold-muhren:1,arnold-muhren,Arnold Mühren,1982-08-01,month,1982-83,ron-atkinson,Ron Atkinson,,MID,ipswich-town,Ipswich Town,,,unknown,,,,,,false,unclosed_record,,,,,3,96,93,18,0,2464,0.039,1982-83|1983-84|1984-85,mufcinfo-transfers
1982-09-01-peter-beardsley-in,peter-beardsley:1,peter-beardsley,Peter Beardsley,1982-09-01,month,1982-83,ron-atkinson,Ron Atkinson,,FWD,vancover-white-caps-250,"Vancover White Caps, £250",,250000,fee,1747500,1747500,,,,false,completed,1983-05-01-peter-beardsley-out,1983-05-01,,unknown,1,1,1,0,0,52,0.0192,,mufcinfo-transfers
1983-02-01-jeff-wealands-in,jeff-wealands:1,jeff-wealands,Jeff Wealands,1983-02-01,month,1982-83,ron-atkinson,Ron Atkinson,,GK,,,,,unknown,,,,,,true,completed,1983-02-01-jeff-wealands-out,1983-02-01,,unknown,0,0,0,0,0,0,,,mufcinfo-transfers
1983-03-01-laurie-cunningham-in,laurie-cunningham:1,laurie-cunningham,Laurie Cunningham,1983-03-01,month,1983-84,ron-atkinson,Ron Atkinson,,MID,,,,,unknown,,,,,,false,unclosed_record,,,,,1,4,3,1,0,2424,0.0017,,mufcinfo-transfers
1983-07-01-arthur-graham-in,arthur-graham:1,arthur-graham,Arthur Graham,1983-07-01,year,1983-84,ron-atkinson,Ron Atkinson,,MID,leeds-united,Leeds United,,45000,fee,292050,292050,,,,false,completed,1985-06-01-arthur-graham-out,1985-06-01,,unknown,2,49,47,7,0,118,0.4153,1983-84,mufcinfo-transfers
1983-08-01-jeff-wealands-in,jeff-wealands:2,jeff-wealands,Jeff Wealands,1983-08-01,month,1983-84,ron-atkinson,Ron Atkinson,,GK,birmingham-city,Birmingham City,,,unknown,,,,,,true,completed,1985-05-01-jeff-wealands-out,1985-05-01,,unknown,1,3,3,0,0,113,0.0265,,mufcinfo-transfers
1983-11-01-garth-crooks-in,garth-crooks:1,garth-crooks,Garth Crooks,1983-11-01,month,1983-84,ron-atkinson,Ron Atkinson,,FWD,,,,,unknown,,,,,,false,unclosed_record,,,,,1,7,6,2,0,2387,0.0029,,mufcinfo-transfers
1984-05-01-peter-barnes-in,peter-barnes:1,peter-barnes,Peter Barnes,1984-05-01,month,1984-85,ron-atkinson,Ron Atkinson,,MID,,,,,unknown,,,,,,true,unclosed_record,,,,,0,0,0,0,0,64,0,,mufcinfo-transfers
1984-06-01-alan-brazil-in,alan-brazil:1,alan-brazil,Alan Brazil,1984-06-01,month,1984-85,ron-atkinson,Ron Atkinson,,FWD,tottenham-hotspur,Tottenham Hotspur,,625000,fee,3743750,3743750,,,,false,completed,1986-01-01-alan-brazil-out,1986-01-01,,unknown,2,33,24,12,0,93,0.3548,,mufcinfo-transfers
1984-06-29-jesper-olsen-in,jesper-olsen:1,jesper-olsen,Jesper Olsen,1984-06-29,day,1984-85,ron-atkinson,Ron Atkinson,,MID,ajax,Ajax,,350000,fee,2096500,2096500,,,,false,completed,1988-11-18-jesper-olsen-out,1988-11-18,400000,fee,5,171,149,24,0,226,0.7566,1984-85,mufcinfo-transfers
1984-07-01-gordon-strachan-in,gordon-strachan:1,gordon-strachan,Gordon Strachan,1984-07-01,day,1984-85,ron-atkinson,Ron Atkinson,,MID,aberdeen,Aberdeen,,600000,fee,3594000,3594000,,,,false,completed,1989-03-23-gordon-strachan-out,1989-03-23,300000,fee,5,200,195,38,0,248,0.8065,1984-85,mufcinfo-transfers
1985-07-01-peter-barnes-in,peter-barnes:2,peter-barnes,Peter Barnes,1985-07-01,month,1985-86,ron-atkinson,Ron Atkinson,,MID,coventry-city,Coventry City,,50000,fee,264500,264500,,,,true,completed,1987-01-01-peter-barnes-out,1987-01-01,30000,fee,2,25,24,4,0,83,0.3012,,mufcinfo-transfers
1985-08-01-chris-turner-in,chris-turner:1,chris-turner,Chris Turner,1985-08-01,month,1985-86,ron-atkinson,Ron Atkinson,,GK,sunderland,Sunderland,,275000,fee,1454750,1454750,,,,false,completed,1988-09-12-chris-turner-out,1988-09-12,175000,fee,3,79,79,0,0,155,0.5097,,mufcinfo-transfers
1985-11-01-colin-gibson-in,colin-gibson:1,colin-gibson,Colin Gibson,1985-11-01,month,1985-86,ron-atkinson,Ron Atkinson,,DEF,aston-villa,Aston Villa,,275000,fee,1454750,1454750,,,,false,completed,1990-12-01-colin-gibson-out,1990-12-01,100000,fee,5,95,89,10,0,254,0.374,1989-90,mufcinfo-transfers
1985-12-01-mark-higgins-in,mark-higgins:1,mark-higgins,Mark Higgins,1985-12-01,month,1985-86,ron-atkinson,Ron Atkinson,,DEF,everton,Everton,,60000,fee,317400,317400,,,,false,completed,1987-02-01-mark-higgins-out,1987-02-01,10000,fee,1,8,8,0,0,61,0.1311,,mufcinfo-transfers
1986-01-29-terry-gibson-in,terry-gibson:1,terry-gibson,Terry Gibson,1986-01-29,day,1985-86,ron-atkinson,Ron Atkinson,,FWD,coventry-city,Coventry City,,600000,fee,3054000,3054000,,,,false,completed,1987-08-01-terry-gibson-out,1987-08-01,200000,fee,2,24,15,1,0,67,0.3582,,mufcinfo-transfers
1986-02-03-john-sivebaek-in,john-siveb-k:1,john-siveb-k,John Sivebæk,1986-02-03,day,1985-86,ron-atkinson,Ron Atkinson,,DEF,vejle-bk,Vejle BK,,,unknown,,,,,,false,completed,1987-08-01-john-sivebaek-out,1987-08-01,220000,fee,2,33,32,1,0,65,0.5077,,mufcinfo-transfers
1986-03-24-peter-davenport-in,peter-davenport:1,peter-davenport,Peter Davenport,1986-03-24,day,1986-87,ron-atkinson,Ron Atkinson,,MID,nottingham-forest,Nottingham Forest,,570000,fee,2901300,2901300,,,,false,completed,1988-10-31-peter-davenport-out,1988-10-31,,unknown,4,101,80,26,0,116,0.8707,,mufcinfo-transfers
1986-10-07-liam-o-brien-in,liam-o-brien:1,liam-o-brien,Liam O'Brien,1986-10-07,day,1986-87,ron-atkinson,Ron Atkinson,,MID,shamrock-rovers,Shamrock Rovers,,,unknown,,,,,,false,completed,1988-11-10-liam-o-brien-out,1988-11-10,250000,fee,3,36,17,2,0,99,0.3636,,mufcinfo-transfers
1987-07-01-brian-mcclair-in,brian-mcclair:1,brian-mcclair,Brian McClair,1987-07-01,day,1987-88,alex-ferguson,Sir Alex Ferguson,,FWD,celtic,Celtic,,850000,fee,4156500,4156500,,,,false,completed,1998-06-30-brian-mcclair-out,1998-06-30,,free,11,470,397,126,0,587,0.8007,1989-90|1990-91|1991-92|1992-93|1993-94|1994-95|1995-96|1996-97,mufcinfo-transfers
1987-07-01-viv-anderson-in,viv-anderson:1,viv-anderson,Viv Anderson,1987-07-01,day,1987-88,alex-ferguson,Sir Alex Ferguson,,DEF,arsenal,Arsenal,,250000,fee,1222500,1222500,,,,false,completed,1991-01-01-viv-anderson-out,1991-01-01,,free,4,69,64,4,0,175,0.3943,1989-90|1990-91,mufcinfo-transfers
1987-12-17-steve-bruce-in,steve-bruce:1,steve-bruce,Steve Bruce,1987-12-17,day,1987-88,alex-ferguson,Sir Alex Ferguson,,DEF,norwich-city,Norwich City,,825000,fee,4034250,4034250,,,,false,completed,1996-06-01-steve-bruce-out,1996-06-01,,free,9,411,408,49,0,459,0.8954,1989-90|1990-91|1991-92|1992-93|1993-94|1994-95|1995-96,mufcinfo-transfers
1988-05-14-jim-leighton-in,jim-leighton:1,jim-leighton,Jim Leighton,1988-05-14,day,1988-89,alex-ferguson,Sir Alex Ferguson,,GK,aberdeen,Aberdeen,,450000,fee,2110500,2110500,,,,false,completed,1992-02-01-jim-leighton-out,1992-02-01,200000,fee,3,94,94,0,0,195,0.4821,1989-90,mufcinfo-transfers
1988-06-01-lee-sharpe-in,lee-sharpe:1,lee-sharpe,Lee Sharpe,1988-06-01,day,1988-89,alex-ferguson,Sir Alex Ferguson,,MID,torquay-united,Torquay United,,185000,fee,867650,867650,,,,false,completed,1996-08-12-lee-sharpe-out,1996-08-12,4500000,fee,8,261,211,36,0,434,0.6014,1990-91|1991-92|1992-93|1993-94|1994-95|1995-96,mufcinfo-transfers
1988-06-23-mark-hughes-in,mark-hughes:1,mark-hughes,Mark Hughes,1988-06-23,day,1988-89,alex-ferguson,Sir Alex Ferguson,,FWD,fc-barcelona,FC Barcelona,,1800000,fee,8442000,8442000,,,,false,completed,1995-07-05-mark-hughes-out,1995-07-05,1500000,fee,7,347,340,114,0,384,0.9036,1989-90|1990-91|1991-92|1992-93|1993-94|1994-95,mufcinfo-transfers
1988-10-27-mal-donaghy-in,mal-donaghy:1,mal-donaghy,Mal Donaghy,1988-10-27,day,1988-89,alex-ferguson,Sir Alex Ferguson,,DEF,luton-town,Luton Town,,650000,fee,3048500,3048500,,,,false,completed,1992-08-13-mal-donaghy-out,1992-08-13,100000,fee,4,118,98,0,0,205,0.5756,1989-90|1990-91|1991-92,mufcinfo-transfers
1988-11-11-ralph-milne-in,ralph-milne:1,ralph-milne,Ralph Milne,1988-11-11,day,1988-89,alex-ferguson,Sir Alex Ferguson,,MID,dundee-united,Dundee United,,175000,fee,820750,820750,,,,false,completed,1991-06-01-ralph-milne-out,1991-06-01,,unknown,2,30,26,3,0,144,0.2083,,mufcinfo-transfers
1988-11-30-guiliano-maiorana-in,transfer:1988-11-30-guiliano-maiorana-in,,Guiliano Maiorana,1988-11-30,day,1988-89,alex-ferguson,Sir Alex Ferguson,,,histon-fc,Histon FC,,30000,fee,140700,140700,,,,false,unresolved,,,,,,,,,,,,,mufcinfo-transfers
1989-07-01-mike-phelan-in,mike-phelan:1,mike-phelan,Mike Phelan,1989-07-01,day,1989-90,alex-ferguson,Sir Alex Ferguson,,MID,norwich-city,Norwich City,,750000,fee,3217500,3217500,,,,false,completed,1994-06-30-mike-phelan-out,1994-06-30,,free,5,144,126,3,0,277,0.5199,1989-90|1990-91|1991-92|1992-93,mufcinfo-transfers
1989-07-01-neil-webb-in,neil-webb:1,neil-webb,Neil Webb,1989-07-01,day,1989-90,alex-ferguson,Sir Alex Ferguson,,MID,nottingham-forest,Nottingham Forest,,1500000,fee,6435000,6435000,,,,false,completed,1992-11-20-neil-webb-out,1992-11-20,800000,fee,4,110,105,11,0,187,0.5882,1989-90|1990-91|1991-92,mufcinfo-transfers
1989-08-28-gary-pallister-in,gary-pallister:1,gary-pallister,Gary Pallister,1989-08-28,day,1989-90,alex-ferguson,Sir Alex Ferguson,,DEF,middlesbrough,Middlesbrough,,,unknown,,,,,,false,completed,1998-07-01-gary-pallister-out,1998-07-01,2500000,fee,9,435,431,15,0,488,0.8914,1989-90|1990-91|1991-92|1992-93|1993-94|1994-95|1995-96|1996-97|1997-98,mufcinfo-transfers
1989-09-13-paul-ince-in,paul-ince:1,paul-ince,Paul Ince,1989-09-13,day,1989-90,alex-ferguson,Sir Alex Ferguson,,MID,west-ham-united,West Ham United,,,unknown,,,,,,false,completed,1995-07-11-paul-ince-out,1995-07-11,7000000,fee,6,278,273,29,0,331,0.8399,1989-90|1990-91|1991-92|1992-93|1993-94|1994-95,mufcinfo-transfers
1989-09-18-danny-wallace-in,danny-wallace:1,danny-wallace,Danny Wallace,1989-09-18,day,1989-90,alex-ferguson,Sir Alex Ferguson,,FWD,southampton,Southampton,,1300000,fee,5577000,5577000,,,,false,completed,1993-10-15-danny-wallace-out,1993-10-15,400000,fee,4,71,53,11,0,225,0.3156,1989-90|1990-91,mufcinfo-transfers
1989-12-01-les-sealey-in,les-sealey:1,les-sealey,Les Sealey,1989-12-01,month,1989-90,alex-ferguson,Sir Alex Ferguson,,GK,,,,,unknown,,,,,,true,completed,1989-12-01-les-sealey-out,1989-12-01,,unknown,0,0,0,0,0,0,,1989-90,mufcinfo-transfers
1990-06-01-les-sealey-in,les-sealey:2,les-sealey,Les Sealey,1990-06-01,month,1990-91,alex-ferguson,Sir Alex Ferguson,,GK,luton-town,Luton Town,,,unknown,,,,,,true,completed,1991-07-01-les-sealey-out,1991-07-01,,free,1,51,51,0,0,60,0.85,1990-91,mufcinfo-transfers
1990-06-01-neil-whitworth-in,neil-whitworth:1,neil-whitworth,Neil Whitworth,1990-06-01,month,1990-91,alex-ferguson,Sir Alex Ferguson,,DEF,wigan-athletic,Wigan Athletic,,45000,fee,162450,162450,,,,false,completed,1994-09-02-neil-whitworth-out,1994-09-02,,unknown,1,1,1,0,0,233,0.0043,,mufcinfo-transfers
1990-06-08-denis-irwin-in,denis-irwin:1,denis-irwin,Denis Irwin,1990-06-08,day,1990-91,alex-ferguson,Sir Alex Ferguson,,DEF,oldham-athletic-08-06-1990-250,"Oldham Athletic 08/06/1990, £250",,250000,fee,902500,902500,,,,false,completed,2002-07-01-denis-irwin-out,2002-07-01,,free,12,526,508,33,0,679,0.7747,1990-91|1991-92|1992-93|1993-94|1995-96|1996-97|1997-98|1998-99|1999-00|2000-01,mufcinfo-transfers
1991-03-26-andrei-kanchelskis-in,andrei-kanchelskis:1,andrei-kanchelskis,Andrei Kanchelskis,1991-03-26,day,1991-92,alex-ferguson,Sir Alex Ferguson,,FWD,shakhytor-donetsk,Shakhytor Donetsk,,650000,fee,2216500,2216500,,,,false,completed,1995-08-25-andrei-kanchelskis-out,1995-08-25,5800000,fee,5,160,131,35,0,241,0.6639,1991-92|1992-93|1993-94|1994-95,mufcinfo-transfers
1991-08-01-paul-parker-in,paul-parker:1,paul-parker,Paul Parker,1991-08-01,month,1991-92,alex-ferguson,Sir Alex Ferguson,,DEF,queens-park-rangers,Queens Park Rangers,,2000000,fee,6820000,6820000,,,,false,completed,1996-06-30-paul-parker-out,1996-06-30,,free,5,143,134,2,0,276,0.5181,1991-92|1992-93|1993-94|1995-96,mufcinfo-transfers
1991-08-06-peter-schmeichel-in,peter-schmeichel:1,peter-schmeichel,Peter Schmeichel,1991-08-06,day,1991-92,alex-ferguson,Sir Alex Ferguson,,GK,brondby-if,Brondby IF,,500000,fee,1705000,1705000,,,,false,completed,1999-06-01-peter-schmeichel-out,1999-06-01,,free,8,395,395,1,0,445,0.8876,1991-92|1992-93|1993-94|1994-95|1995-96|1996-97|1997-98|1998-99,mufcinfo-transfers
1992-08-01-patrick-mcgibbon-in,transfer:1992-08-01-patrick-mcgibbon-in,,Patrick McGibbon,1992-08-01,day,1992-93,alex-ferguson,Sir Alex Ferguson,,,portadown,Portadown,,,unknown,,,,,,false,unresolved,,,,,,,,,,,,,mufcinfo-transfers
1992-08-07-dion-dublin-in,dion-dublin:1,dion-dublin,Dion Dublin,1992-08-07,day,1992-93,alex-ferguson,Sir Alex Ferguson,,DEF,cambridge-united,Cambridge United,,1000000,fee,3260000,20799550,1.1540933961621778,,,false,completed,1994-09-09-dion-dublin-out,1994-09-09,1950000,fee,2,16,6,3,0,115,0.1391,1992-93|1993-94,mufcinfo-transfers
1992-11-27-eric-cantona-in,eric-cantona:1,eric-cantona,Eric Cantona,1992-11-27,day,1992-93,alex-ferguson,Sir Alex Ferguson,,FWD,leeds-united,Leeds United,,1200000,fee,3912000,24959460,1.3849120753946134,,,false,completed,1997-05-01-eric-cantona-out,1997-05-01,,unknown,5,179,178,82,0,247,0.7247,1992-93|1993-94|1994-95|1995-96|1996-97,mufcinfo-transfers
1993-01-01-les-sealey-in,les-sealey:3,les-sealey,Les Sealey,1993-01-01,month,1992-93,alex-ferguson,Sir Alex Ferguson,,GK,aston-villa,Aston Villa,,,unknown,,,,,,true,completed,1994-06-30-les-sealey-out,1994-06-30,,unknown,1,2,1,0,0,83,0.0241,1993-94,mufcinfo-transfers
1993-07-19-roy-keane-in,roy-keane:1,roy-keane,Roy Keane,1993-07-19,day,1993-94,alex-ferguson,Sir Alex Ferguson,,MID,nottingham-forest,Nottingham Forest,,3750000,fee,11850000,75146095,4.169590012553246,,,false,unclosed_record,,,,,13,478,456,51,0,1869,0.2558,1993-94|1995-96|1996-97|1997-98|1998-99|1999-00|2000-01|2002-03|2003-04,mufcinfo-transfers
1994-06-01-graeme-tomlinson-in,graeme-tomlinson:1,graeme-tomlinson,Graeme Tomlinson,1994-06-01,month,1994-95,alex-ferguson,Sir Alex Ferguson,,FWD,bradford-city,Bradford City,,100000,fee,306000,1747263,0.09694948447111633,,,false,completed,1998-06-01-graeme-tomlinson-out,1998-06-01,,free,1,2,0,0,0,214,0.0093,,mufcinfo-transfers
1994-07-01-david-may-in,david-may:1,david-may,David May,1994-07-01,day,1994-95,alex-ferguson,Sir Alex Ferguson,,DEF,blackburn-rovers,Blackburn Rovers,,1400000,fee,4284000,24461682,1.3572927825956285,,,false,completed,2003-07-01-david-may-out,2003-07-01,,unknown,9,117,98,8,0,514,0.2276,1994-95|1995-96|1996-97|1998-99,mufcinfo-transfers
1995-01-10-andy-cole-in,andy-cole:1,andy-cole,Andy Cole,1995-01-10,day,1994-95,alex-ferguson,Sir Alex Ferguson,,FWD,newcastle-united,Newcastle United,,6000000,fee,18180000,104835779,5.81696906826698,,,false,completed,2001-12-29-andrew-cole-out,2001-12-29,7500000,fee,8,275,231,121,0,388,0.7088,1995-96|1996-97|1997-98|1998-99|1999-00|2000-01,mufcinfo-transfers
1995-09-25-nick-culkin-in,nick-culkin:1,nick-culkin,Nick Culkin,1995-09-25,day,1995-96,alex-ferguson,Sir Alex Ferguson,,GK,york-city,York City,,250000,fee,757500,2604656,0.1445232063802949,,,false,completed,2002-07-01-nick-culkin-out,2002-07-01,,free,1,1,0,0,0,383,0.0026,,mufcinfo-transfers
1996-07-01-karel-poborsky-in,karel-poborsky:1,karel-poborsky,Karel Poborský,1996-07-01,month,1996-97,alex-ferguson,Sir Alex Ferguson,,MID,slavia-prague,Slavia Prague,,3500000,fee,10360000,33549272,1.8615308272164317,,,false,unclosed_record,,,,,2,48,28,6,0,1701,0.0282,1996-97,mufcinfo-transfers
1996-07-01-raimond-van-der-gouw-in,raimond-van-der-gouw:1,raimond-van-der-gouw,Raimond van der Gouw,1996-07-01,day,1996-97,alex-ferguson,Sir Alex Ferguson,,GK,vitesse-arnhem,Vitesse Arnhem,,500000,fee,1480000,4792753,0.2659329753166331,,,false,completed,2002-06-30-raimond-van-der-gouw-out,2002-06-30,,free,6,60,48,0,0,343,0.1749,1998-99|1999-00|2000-01,mufcinfo-transfers
1996-07-01-william-prunier-in,william-prunier:1,william-prunier,William Prunier,1996-07-01,year,1996-97,alex-ferguson,Sir Alex Ferguson,,DEF,,,,,unknown,,,,,,false,unclosed_record,,,,,0,0,0,0,0,1701,0,,mufcinfo-transfers
1996-07-10-ronny-johnsen-in,ronny-johnsen:1,ronny-johnsen,Ronny Johnsen,1996-07-10,day,1996-97,alex-ferguson,Sir Alex Ferguson,,DEF,besiktas,Besiktas,,1200000,fee,3552000,11502608,0.6382391407599194,,,false,completed,2002-06-30-ronny-johnsen-out,2002-06-30,,free,6,150,131,9,0,343,0.4373,1996-97|1997-98|1998-99|2000-01,mufcinfo-transfers
1996-07-29-ole-gunnar-solskjaer-in,ole-gunnar-solskj-r:1,ole-gunnar-solskj-r,Ole Gunnar Solskjær,1996-07-29,day,1996-97,alex-ferguson,Sir Alex Ferguson,,FWD,molde,Molde,,1500000,fee,4440000,14378260,0.7977989259498993,,,false,completed,2007-08-27-ole-gunnar-solskjaer-out,2007-08-27,,unknown,10,366,216,126,0,643,0.5692,1996-97|1998-99|1999-00|2000-01|2002-03|2003-04|2006-07,mufcinfo-transfers
1996-08-09-jordi-cruyff-in,jordi-cruijff:1,jordi-cruijff,Jordi Cruijff,1996-08-09,day,1996-97,alex-ferguson,Sir Alex Ferguson,,MID,fc-barcelona,FC Barcelona,,1500000,fee,4440000,14378260,0.7977989259498993,,,false,completed,2000-06-30-jordi-cruyff-out,2000-06-30,,free,4,53,25,2,0,228,0.2325,1996-97|1998-99|1999-00,mufcinfo-transfers
1997-06-27-teddy-sheringham-in,teddy-sheringham:1,teddy-sheringham,Teddy Sheringham,1997-06-27,day,1997-98,alex-ferguson,Sir Alex Ferguson,,FWD,,,,3500000,fee,10115000,43537499,2.4157423576264985,,,false,completed,2001-06-30-teddy-sheringham-out,2001-06-30,,free,4,153,101,46,0,231,0.6623,1997-98|1998-99|1999-00|2000-01,mufcinfo-transfers
1997-07-02-erik-nevland-in,erik-nevland:1,erik-nevland,Erik Nevland,1997-07-02,day,1997-98,alex-ferguson,Sir Alex Ferguson,,FWD,viking-stavanger,Viking Stavanger,,1500000,fee,4335000,18658928,1.0353181532684994,,,false,completed,1999-12-20-erik-nevland-out,1999-12-20,250000,fee,2,6,2,1,0,144,0.0417,,mufcinfo-transfers
1997-08-11-henning-berg-in,henning-berg:1,henning-berg,Henning Berg,1997-08-11,day,1997-98,alex-ferguson,Sir Alex Ferguson,,DEF,blackburn-rovers,Blackburn Rovers,,5000000,fee,14450000,62196427,3.451060510894998,,,false,completed,2000-12-15-henning-berg-out,2000-12-15,1750000,fee,4,103,81,3,0,200,0.515,1998-99|1999-00,mufcinfo-transfers
1998-03-01-jonathan-greening-in,jonathan-greening:1,jonathan-greening,Jonathan Greening,1998-03-01,month,1998-99,alex-ferguson,Sir Alex Ferguson,,MID,york-city,York City,,750000,fee,2070000,5598228,0.3106260191121977,,,false,completed,2002-07-01-jonathan-greening-out,2002-07-01,2000000,fee,3,27,13,0,0,249,0.1084,1998-99|1999-00|2000-01,mufcinfo-transfers
1998-07-11-jaap-stam-in,jaap-stam:1,jaap-stam,Jaap Stam,1998-07-11,day,1998-99,alex-ferguson,Sir Alex Ferguson,,DEF,psv-eindhoven,PSV Eindhoven,,10750000,fee,29670000,80241274,4.452306273941501,,,false,completed,2001-08-27-jaap-stam-out,2001-08-27,16500000,fee,4,127,125,1,0,183,0.694,1998-99|1999-00|2000-01,mufcinfo-transfers
1998-07-21-jesper-blomqvist-in,jesper-blomqvist:1,jesper-blomqvist,Jesper Blomqvist,1998-07-21,day,1998-99,alex-ferguson,Sir Alex Ferguson,,MID,a-c-parma,A.C. Parma,,,unknown,,,,,,false,completed,2001-11-09-jesper-blomqvist-out,2001-11-09,,free,1,38,29,1,0,198,0.1919,1998-99,mufcinfo-transfers
1998-08-20-dwight-yorke-in,dwight-yorke:1,dwight-yorke,Dwight Yorke,1998-08-20,day,1998-99,alex-ferguson,Sir Alex Ferguson,,FWD,aston-villa,Aston Villa,,12600000,fee,34776000,94050237,5.218517121084921,,,false,completed,2002-07-26-dwight-yorke-out,2002-07-26,2600000,fee,4,152,120,66,0,234,0.6496,1998-99|1999-00|2000-01,mufcinfo-transfers
1999-07-02-mark-bosnich-in,mark-bosnich:1,mark-bosnich,Mark Bosnich,1999-07-02,day,1999-00,alex-ferguson,Sir Alex Ferguson,,GK,aston-villa,Aston Villa,,,free,,,,,,true,unclosed_record,,,,,1,35,35,0,0,1532,0.0228,1999-00,mufcinfo-transfers
1999-08-21-quentin-fortune-in,transfer:1999-08-21-quentin-fortune-in,,Quentin Fortune,1999-08-21,day,1999-00,alex-ferguson,Sir Alex Ferguson,,,club-atlandeacute-tico-de-madrid,Club Atl&eacute;tico de Madrid,,1500000,fee,4035000,11558019,0.6413136840521105,,,false,unresolved,,,,,,,,,,,,,mufcinfo-transfers
1999-08-31-massimo-taibi-in,massimo-taibi:1,massimo-taibi,Massimo Taibi,1999-08-31,day,1999-00,alex-ferguson,Sir Alex Ferguson,,GK,venezia,Venezia,,4900000,fee,13181000,37756194,2.094958034570228,,,false,completed,2000-08-28-massimo-taibi-out,2000-08-28,2500000,fee,1,4,4,0,0,55,0.0727,,mufcinfo-transfers
1999-09-01-mickael-silvestre-in,transfer:1999-09-01-mickael-silvestre-in,,Mickael Silvestre,1999-09-01,month,1999-00,alex-ferguson,Sir Alex Ferguson,,,internazionale-milan-f-c,Internazionale Milan F.C.,,4000000,fee,10760000,30821383,1.7101698241389616,,,false,unresolved,,,,,,,,,,,,,mufcinfo-transfers
2000-05-21-fabien-barthez-in,fabien-barthez:1,fabien-barthez,Fabien Barthez,2000-05-21,day,2000-01,alex-ferguson,Sir Alex Ferguson,,GK,as-monaco,AS Monaco,,7800000,fee,20436000,46647826,2.588323211219784,,,false,unclosed_record,,,,,3,139,139,0,0,1473,0.0944,2000-01|2002-03,mufcinfo-transfers
2001-03-01-andrew-goram-in,andy-goram:1,andy-goram,Andy Goram,2001-03-01,month,2001-02,alex-ferguson,Sir Alex Ferguson,,GK,,,,100000,fee,256000,561360,0.03114788361032627,,,false,unclosed_record,,,,,1,2,2,0,0,1430,0.0014,,mufcinfo-transfers
2001-07-01-ruud-van-nistlerooy-in,transfer:2001-07-01-ruud-van-nistlerooy-in,,Ruud Van Nistlerooy,2001-07-01,day,2001-02,alex-ferguson,Sir Alex Ferguson,,,psv-eindhoven,PSV Eindhoven,,19000000,fee,48640000,106658365,5.918097885961991,,,false,unresolved,,,,,,,,,,,,,mufcinfo-transfers
2001-07-21-juan-sebastian-veron-in,juan-sebastian-veron:1,juan-sebastian-veron,Juan Sebastián Verón,2001-07-21,day,2001-02,alex-ferguson,Sir Alex Ferguson,,MID,s-s-lazio,S.S. Lazio,,28100000,fee,71936000,157742109,8.752555294501683,,,false,completed,2003-08-07-juan-sebastian-veron-out,2003-08-07,15000000,fee,2,82,75,11,0,121,0.6777,2002-03,mufcinfo-transfers
2001-07-23-roy-carroll-in,roy-carroll:1,roy-carroll,Roy Carroll,2001-07-23,day,2001-02,alex-ferguson,Sir Alex Ferguson,,GK,wigan-athletic,Wigan Athletic,,2500000,fee,6400000,14033995,0.7786970902581568,,,false,completed,2005-06-15-roy-carroll-out,2005-06-15,,free,4,72,68,0,0,237,0.3038,2002-03|2003-04,mufcinfo-transfers
2001-08-30-laurent-blanc-in,laurent-blanc:1,laurent-blanc,Laurent Blanc,2001-08-30,day,2001-02,alex-ferguson,Sir Alex Ferguson,,DEF,fc-internazionale-milan,FC Internazionale Milan,,,free,,,,,,false,completed,2003-07-01-laurent-blanc-out,2003-07-01,,unknown,2,75,71,4,0,117,0.641,2002-03,mufcinfo-transfers
2002-01-22-diego-forlan-in,diego-forlan:1,diego-forlan,Diego Forlán,2002-01-22,day,2001-02,alex-ferguson,Sir Alex Ferguson,,FWD,club-atlandeacute-tico-independiente,Club Atl&eacute;tico Independiente,,7500000,fee,18750000,42101986,2.3360912707744705,,,false,completed,2004-08-21-diego-forlan-out,2004-08-21,,unknown,4,98,37,17,0,146,0.6712,2002-03|2003-04,mufcinfo-transfers
2002-07-21-rio-ferdinand-in,rio-ferdinand:1,rio-ferdinand,Rio Ferdinand,2002-07-21,day,2002-03,alex-ferguson,Sir Alex Ferguson,,DEF,leeds-united,Leeds United,,30000000,fee,75000000,161703719,8.972370482336693,,,false,completed,2014-07-17-rio-ferdinand-out,2014-07-17,,free,12,455,444,8,2,697,0.6528,2002-03|2003-04|2005-06|2006-07|2007-08|2008-09|2009-10|2010-11|2011-12|2012-13,mufcinfo-transfers
2002-08-01-mads-timm-in,mads-timm:1,mads-timm,Mads Timm,2002-08-01,day,2002-03,alex-ferguson,Sir Alex Ferguson,,FWD,ob-odense,OB Odense,,,unknown,,,,,,false,completed,2006-06-01-mads-timm-out,2006-06-01,,free,1,1,0,0,0,235,0.0043,,mufcinfo-transfers
2002-08-30-ricardo-lopez-in,transfer:2002-08-30-ricardo-lopez-in,,Ricardo Lopez,2002-08-30,day,2002-03,alex-ferguson,Sir Alex Ferguson,,,real-valladolid,Real Valladolid,,1500000,fee,3750000,8085186,0.4486185241168346,,,false,unresolved,,,,,,,,,,,,,mufcinfo-transfers
2003-07-01-david-bellion-in,david-bellion:1,david-bellion,David Bellion,2003-07-01,day,2003-04,alex-ferguson,Sir Alex Ferguson,,FWD,afc-sunderland,AFC Sunderland,,2000000,fee,4880000,10792831,0.5988561846872473,,,false,completed,2006-07-01-david-bellion-out,2006-07-01,,free,2,40,15,8,0,172,0.2326,2003-04,mufcinfo-transfers
2003-07-15-tim-howard-in,tim-howard:1,tim-howard,Tim Howard,2003-07-15,day,2003-04,alex-ferguson,Sir Alex Ferguson,,GK,new-jersey-metrostars,New Jersey Metrostars,,1200000,fee,2928000,6475699,0.3593137108123484,,,false,completed,2007-02-14-tim-howard-out,2007-02-14,3000000,fee,3,77,76,0,0,209,0.3684,2003-04|2005-06,mufcinfo-transfers
2003-08-12-cristiano-ronaldo-in,cristiano-ronaldo:1,cristiano-ronaldo,Cristiano Ronaldo,2003-08-12,day,2003-04,alex-ferguson,Sir Alex Ferguson,,FWD,sporting-lisbon,Sporting Lisbon,,12240000,fee,29865600,66052127,3.664999850285954,,,true,completed,2009-07-01-cristiano-ronaldo-out,2009-07-01,80000000,fee,6,292,244,118,0,354,0.8249,2003-04|2005-06|2006-07|2007-08|2008-09,mufcinfo-transfers
2003-08-12-jose-pereira-kleberson-in,transfer:2003-08-12-jose-pereira-kleberson-in,,Jose Pereira Kleberson,2003-08-12,day,2003-04,alex-ferguson,Sir Alex Ferguson,,,atletico-paranaense,Atletico Paranaense,,5930000,fee,14469200,32000744,1.7756085875976884,,,false,unresolved,,,,,,,,,,,,,mufcinfo-transfers
2004-01-01-liam-miller-in,liam-miller:1,liam-miller,Liam Miller,2004-01-01,month,2003-04,alex-ferguson,Sir Alex Ferguson,,MID,celtic-f-c,Celtic F.C,,,free,,,,,,false,completed,2006-08-31-liam-miller-out,2006-08-31,,free,2,22,11,2,0,147,0.1497,2005-06,mufcinfo-transfers
2004-01-13-fangzou-dong-in,transfer:2004-01-13-fangzou-dong-in,,Fangzou Dong,2004-01-13,day,2003-04,alex-ferguson,Sir Alex Ferguson,,,dalian-shide,Dalian Shide,,3500000,fee,8330000,18887455,1.0479983232026828,,,false,unresolved,,,,,,,,,,,,,mufcinfo-transfers
2004-01-23-louis-saha-in,louis-saha:1,louis-saha,Louis Saha,2004-01-23,day,2003-04,alex-ferguson,Sir Alex Ferguson,,FWD,fulham-fc,Fulham FC,,12825000,fee,30523500,69209030,3.840165284306974,,,false,completed,2008-09-01-louis-saha-out,2008-09-01,,undisclosed,5,124,76,42,0,261,0.4751,2005-06|2006-07|2007-08,mufcinfo-transfers
2004-05-01-gerard-pique-in,gerard-pique:1,gerard-pique,Gerard Piqué,2004-05-01,month,2004-05,alex-ferguson,Sir Alex Ferguson,,DEF,fc-barcelona,FC Barcelona,,,unknown,,,,,,false,completed,2008-05-27-gerard-pique-out,2008-05-27,5000000,fee,3,23,14,2,0,238,0.0966,2005-06|2007-08,mufcinfo-transfers
2004-05-26-alan-smith-in,alan-smith:1,alan-smith,Alan Smith,2004-05-26,day,2004-05,alex-ferguson,Sir Alex Ferguson,,MID,leeds-united,Leeds United,,7050000,fee,16779000,41551870,2.305567110643675,,,false,completed,2007-08-03-alan-smith-out,2007-08-03,6000000,fee,3,93,61,12,0,177,0.5254,2005-06|2006-07,mufcinfo-transfers
2004-06-11-gabriel-heinze-in,gabriel-heinze:1,gabriel-heinze,Gabriel Heinze,2004-06-11,day,2004-05,alex-ferguson,Sir Alex Ferguson,,DEF,paris-saint-germain-fc,Paris Saint Germain FC,,6900000,fee,16422000,40667788,2.256512491268278,,,false,completed,2007-08-23-gabriel-heinze-out,2007-08-23,,unknown,3,83,75,4,0,181,0.4586,2006-07,mufcinfo-transfers
2004-07-01-giuseppe-rossi-in,giuseppe-rossi:1,giuseppe-rossi,Giuseppe Rossi,2004-07-01,month,2004-05,alex-ferguson,Sir Alex Ferguson,,FWD,ac-parma,AC Parma,,,unknown,,,,,,false,completed,2007-08-03-giuseppe-rossi-out,2007-08-03,6000000,fee,2,14,6,4,0,177,0.0791,2005-06,mufcinfo-transfers
2004-08-31-wayne-rooney-in,wayne-rooney:1,wayne-rooney,Wayne Rooney,2004-08-31,day,2004-05,alex-ferguson,Sir Alex Ferguson,,FWD,everton-fc,Everton FC,,20000000,fee,47600000,117877646,6.540615916719646,,37000000,false,completed,2017-07-09-wayne-rooney-out,2017-07-09,,undisclosed,13,559,497,253,55,739,0.7564,2005-06|2006-07|2007-08|2008-09|2009-10|2010-11|2011-12|2012-13|2015-16|2016-17,mufcinfo-transfers|transfermarkt-datasets
2005-07-01-ben-foster-in,ben-foster:1,ben-foster,Ben Foster,2005-07-01,month,2005-06,alex-ferguson,Sir Alex Ferguson,,GK,stoke-city,Stoke City,,1000000,fee,2330000,5327836,0.29562288925257074,,,false,completed,2010-05-19-ben-foster-out,2010-05-19,,undisclosed,3,23,23,0,0,295,0.078,2008-09|2009-10,mufcinfo-transfers
2005-07-01-edwin-van-der-sar-in,edwin-van-der-sar:1,edwin-van-der-sar,Edwin van der Sar,2005-07-01,month,2005-06,alex-ferguson,Sir Alex Ferguson,,GK,fulham,Fulham,,,undisclosed,,,,,,false,completed,2011-05-28-edwin-van-der-sar-out,2011-05-28,,unknown,6,266,266,0,0,355,0.7493,2005-06|2006-07|2007-08|2008-09|2009-10|2010-11,mufcinfo-transfers
2005-07-08-ji-sung-park-in,transfer:2005-07-08-ji-sung-park-in,,Ji-Sung Park,2005-07-08,day,2005-06,alex-ferguson,Sir Alex Ferguson,,,psv-eindhoven,PSV Eindhoven,,4000000,fee,9320000,21311344,1.182491557010283,,,false,unresolved,,,,,,,,,,,,,mufcinfo-transfers
2006-01-05-nemanja-vidic-in,nemanja-vidic:1,nemanja-vidic,Nemanja Vidić,2006-01-05,day,2005-06,alex-ferguson,Sir Alex Ferguson,,DEF,spartak-moscow,Spartak Moscow,,7200000,fee,16416000,38360420,2.1284848026185093,,8500000,false,completed,2014-07-01-nemanja-vidic-out,2014-07-01,,free,9,300,290,21,0,486,0.6173,2005-06|2006-07|2007-08|2008-09|2009-10|2010-11|2011-12|2012-13|2013-14,mufcinfo-transfers|transfermarkt-datasets
2006-01-10-patrice-evra-in,patrice-evra:1,patrice-evra,Patrice Evra,2006-01-10,day,2005-06,alex-ferguson,Sir Alex Ferguson,,DEF,as-monaco,AS Monaco,,5500000,fee,12540000,29303099,1.625925890889139,,,false,completed,2014-07-21-patrice-evra-out,2014-07-21,1500000,fee,9,379,357,10,13,485,0.7814,2005-06|2006-07|2007-08|2008-09|2009-10|2010-11|2011-12|2012-13|2013-14,mufcinfo-transfers
2006-07-31-michael-carrick-in,michael-carrick:1,michael-carrick,Michael Carrick,2006-07-31,day,2006-07,alex-ferguson,Sir Alex Ferguson,,MID,tottenham-hotspur,Tottenham Hotspur,,18600000,fee,42408000,107148903,5.945314612624396,,26500000,false,completed,2018-05-13-michael-carrick-out,2018-05-13,,unknown,12,464,395,24,10,684,0.6784,2006-07|2007-08|2008-09|2009-10|2010-11|2011-12|2012-13|2013-14|2015-16|2016-17,mufcinfo-transfers|transfermarkt-datasets
2006-08-10-tomasz-kuszczak-in,tomasz-kuszczak:1,tomasz-kuszczak,Tomasz Kuszczak,2006-08-10,day,2006-07,alex-ferguson,Sir Alex Ferguson,,GK,,,,,unknown,,,,,,true,unclosed_record,,,,,1,13,13,0,0,60,0.2167,2006-07|2007-08,mufcinfo-transfers
2007-01-01-henrik-larsson-in,henrik-larsson:1,henrik-larsson,Henrik Larsson,2007-01-01,day,2006-07,alex-ferguson,Sir Alex Ferguson,,FWD,,,,,unknown,,,,,,false,unclosed_record,,,,,1,13,10,3,0,1094,0.0119,2006-07,mufcinfo-transfers
2007-07-01-owen-hargreaves-in,owen-hargreaves:1,owen-hargreaves,Owen Hargreaves,2007-07-01,day,2007-08,alex-ferguson,Sir Alex Ferguson,,MID,fc-bayern-munchen,FC Bayern Munchen,,17000000,fee,37910000,73418947,4.073759001210146,,,false,completed,2011-06-01-owen-hargreaves-out,2011-06-01,,unknown,4,39,26,2,0,239,0.1632,2007-08,mufcinfo-transfers
2007-07-01-tomasz-kuszczak-in,tomasz-kuszczak:2,tomasz-kuszczak,Tomasz Kuszczak,2007-07-01,day,2007-08,alex-ferguson,Sir Alex Ferguson,,GK,west-bromwich-albion,West Bromwich Albion,,4000000,fee,8920000,17275046,0.9585315296965049,,,true,completed,2012-06-19-tomasz-kuszczak-out,2012-06-19,,unknown,4,48,43,0,0,293,0.1638,2007-08|2008-09|2009-10|2010-11,mufcinfo-transfers
2007-07-02-anderson-in,anderson:1,anderson,Anderson,2007-07-02,day,2007-08,alex-ferguson,Sir Alex Ferguson,,MID,fc-porto,FC Porto,,20400000,fee,45492000,88102737,4.888510801452175,,31500000,false,completed,2015-02-03-anderson-out,2015-02-03,,free,8,181,128,9,2,429,0.4219,2007-08|2008-09|2009-10|2010-11|2011-12|2012-13|2013-14,mufcinfo-transfers|transfermarkt-datasets
2007-07-02-nani-in,nani:1,nani,Nani,2007-07-02,day,2007-08,alex-ferguson,Sir Alex Ferguson,,FWD,sporting-lisbon,Sporting Lisbon,,17,fee,38,73,0.000004073759001210146,,25000000,false,completed,2015-07-06-nani-out,2015-07-06,4250000,fee,8,230,178,40,5,446,0.5157,2007-08|2008-09|2009-10|2010-11|2011-12|2012-13,mufcinfo-transfers|transfermarkt-datasets
2007-08-10-carlos-tevez-in,carlos-tevez:1,carlos-tevez,Carlos Tevez,2007-08-10,day,2007-08,alex-ferguson,Sir Alex Ferguson,,FWD,,,,,unknown,,,,,,false,unclosed_record,,,,,2,99,73,34,0,1062,0.0932,2007-08|2008-09,mufcinfo-transfers
2008-01-01-fabio-da-silva-in,transfer:2008-01-01-fabio-da-silva-in,,Fabio Da Silva,2008-01-01,month,2007-08,alex-ferguson,Sir Alex Ferguson,,,fluminense,Fluminense,,,unknown,,,,,,false,unresolved,,,,,,,,,,,,,mufcinfo-transfers
2008-01-01-manucho-in,manucho:1,manucho,Manucho,2008-01-01,month,2007-08,alex-ferguson,Sir Alex Ferguson,,FWD,petro-atletico-luanda,Petro Atletico Luanda,,,unknown,,,,,,false,completed,2009-07-17-manucho-out,2009-07-17,,undisclosed,1,3,0,0,0,95,0.0316,2008-09,mufcinfo-transfers
2008-01-01-rafael-da-silva-in,transfer:2008-01-01-rafael-da-silva-in,,Rafael Da Silva,2008-01-01,month,2007-08,alex-ferguson,Sir Alex Ferguson,,,fluminense,Fluminense,,,unknown,,,,,,false,unresolved,,,,,,,,,,,,,mufcinfo-transfers
2008-01-01-rodrigo-possebon-in,rodrigo-possebon:1,rodrigo-possebon,Rodrigo Possebon,2008-01-01,month,2007-08,alex-ferguson,Sir Alex Ferguson,,MID,internacional,Internacional,,,unknown,,,,,,false,completed,2010-08-20-rodrigo-possebon-out,2010-08-20,,unknown,1,8,3,0,0,153,0.0523,2008-09,mufcinfo-transfers
2008-09-01-dimitar-berbatov-in,dimitar-berbatov:1,dimitar-berbatov,Dimitar Berbatov,2008-09-01,day,2008-09,alex-ferguson,Sir Alex Ferguson,,FWD,tottenham-hotspur,Tottenham Hotspur,,30750000,fee,65497500,113136276,6.277533107097165,,,false,completed,2012-08-31-dimitar-berbatov-out,2012-08-31,4000000,fee,4,149,108,56,0,234,0.6368,2008-09|2009-10|2010-11|2011-12,mufcinfo-transfers
2009-01-01-ritchie-de-laet-in,ritchie-de-laet:1,ritchie-de-laet,Ritchie De Laet,2009-01-01,month,2008-09,alex-ferguson,Sir Alex Ferguson,,DEF,stoke-city,Stoke City,,,unknown,,,,,,false,completed,2012-05-15-ritchie-de-laet-out,2012-05-15,,undisclosed,2,6,4,0,0,205,0.0293,2009-10,mufcinfo-transfers
2009-01-02-zoran-tosic-in,zoran-tosic:1,zoran-tosic,Zoran Tošić,2009-01-02,day,2008-09,alex-ferguson,Sir Alex Ferguson,,MID,fk-partizan-belgrade,FK Partizan Belgrade,,7000000,fee,14560000,25754600,1.4290319268188667,,,false,completed,2010-06-15-zoran-tosic-out,2010-06-15,,undisclosed,2,5,0,0,0,91,0.0549,2009-10,mufcinfo-transfers
2009-06-30-antonio-valencia-in,antonio-valencia:1,antonio-valencia,Antonio Valencia,2009-06-30,day,2009-10,alex-ferguson,Sir Alex Ferguson,,FWD,wigan-athletic,Wigan Athletic,,16000000,fee,33280000,44030501,2.4430975851049226,,11000000,false,completed,2019-06-28-antonio-valencia-out,2019-06-28,,free,10,339,277,25,26,555,0.6108,2009-10|2010-11|2012-13|2013-14|2015-16|2016-17,mufcinfo-transfers|transfermarkt-datasets
2009-07-03-michael-owen-in,michael-owen:1,michael-owen,Michael Owen,2009-07-03,day,2009-10,alex-ferguson,Sir Alex Ferguson,,FWD,newcastle-united,Newcastle United,,,free,,,,,,false,completed,2012-05-17-michael-owen-out,2012-05-17,,unknown,3,52,18,17,0,170,0.3059,2009-10|2010-11,mufcinfo-transfers
2009-07-08-gabriel-obertan-in,gabriel-obertan:1,gabriel-obertan,Gabriel Obertan,2009-07-08,day,2009-10,alex-ferguson,Sir Alex Ferguson,,MID,fc-girondins-de-bordeaux,FC Girondins de Bordeaux,,,unknown,,,,,,false,completed,2011-08-09-gabriel-obertan-out,2011-08-09,,undisclosed,2,28,13,1,0,117,0.2393,2009-10|2010-11,mufcinfo-transfers
2009-07-30-mama-biram-diouf-in,transfer:2009-07-30-mama-biram-diouf-in,,Mama Biram Diouf,2009-07-30,day,2009-10,alex-ferguson,Sir Alex Ferguson,,,molde-fk,Molde FK,,,unknown,,,,,,false,unresolved,,,,,,,,,,,,,mufcinfo-transfers
2010-01-01-chris-smalling-in,chris-smalling:1,chris-smalling,Chris Smalling,2010-01-01,month,2009-10,alex-ferguson,Sir Alex Ferguson,,DEF,fulham,Fulham,,,unknown,,,,,2000000,false,completed,2020-10-05-chris-smalling-out,2020-10-05,13600000,fee,9,322,281,18,2,591,0.5448,2010-11|2011-12|2012-13|2013-14|2015-16|2016-17,mufcinfo-transfers|transfermarkt-datasets
2010-07-01-javier-hernandez-in,chicharito:1,chicharito,Chicharito,2010-07-01,day,2010-11,alex-ferguson,Sir Alex Ferguson,,FWD,club-deportivo-guadalajara,Club Deportivo Guadalajara,,,undisclosed,,,,,8000000,false,completed,2015-08-31-javier-hernandez-out,2015-08-31,7300000,fee,6,154,84,22,9,273,0.5641,2010-11|2012-13,mufcinfo-transfers|transfermarkt-datasets
2010-08-16-bebe-in,bebe:1,bebe,Bébé,2010-08-16,day,2010-11,alex-ferguson,Sir Alex Ferguson,,MID,vitoria-de-guimaraes,Vitoria de Guimaraes,,7400000,fee,13690000,28497109,1.5812043520726704,,,false,completed,2014-07-25-bebe-out,2014-07-25,2250000,fee,1,7,3,2,0,222,0.0315,,mufcinfo-transfers
2010-11-27-anders-lindegaard-in,anders-lindegaard:1,anders-lindegaard,Anders Lindegaard,2010-11-27,day,2010-11,alex-ferguson,Sir Alex Ferguson,,GK,aalesund-fk,Aalesund FK,,,unknown,,,,,3200000,false,completed,2015-08-31-anders-lindegaard-out,2015-08-31,,free,4,29,29,0,0,251,0.1155,2012-13,mufcinfo-transfers|transfermarkt-datasets
2011-03-01-adnan-januzaj-in,adnan-januzaj:1,adnan-januzaj,Adnan Januzaj,2011-03-01,day,2011-12,alex-ferguson,Sir Alex Ferguson,,MID,rsc-anderlecht,RSC Anderlecht,,575000,fee,1023500,1952145,0.10831766651721968,,,false,completed,2017-07-12-adnan-januzaj-out,2017-07-12,9800000,fee,3,63,31,5,4,349,0.1805,2013-14,mufcinfo-transfers
2011-06-01-phil-jones-in,phil-jones:1,phil-jones,Phil Jones,2011-06-01,month,2011-12,alex-ferguson,Sir Alex Ferguson,,DEF,blackburn-rovers,Blackburn Rovers,,17000000,fee,30260000,57715601,3.202435357900408,,10000000,false,completed,2023-06-30-phil-jones-out,2023-06-30,,unknown,10,229,198,6,5,672,0.3408,2011-12|2012-13|2013-14|2016-17,mufcinfo-transfers|transfermarkt-datasets
2011-06-22-ashley-young-in,ashley-young:1,ashley-young,Ashley Young,2011-06-22,day,2011-12,alex-ferguson,Sir Alex Ferguson,,DEF,aston-villa,Aston Villa,,16000000,fee,28480000,54320566,3.014056807435678,,20000000,false,completed,2020-01-17-ashley-young-out,2020-01-17,1280000,fee,9,261,202,19,26,473,0.5518,2011-12|2012-13|2015-16|2016-17,mufcinfo-transfers|transfermarkt-datasets
2011-06-29-david-de-gea-in,david-de-gea:1,david-de-gea,David de Gea,2011-06-29,day,2011-12,alex-ferguson,Sir Alex Ferguson,,GK,atletico-madrid,Atletico Madrid,,18000000,fee,32040000,61110636,3.390813908365138,,18000000,false,unclosed_record,,,,,12,545,545,0,2,824,0.6614,2011-12|2012-13|2013-14|2015-16|2016-17|2022-23,mufcinfo-transfers|transfermarkt-datasets
2012-01-08-paul-scholes-in,paul-scholes:1,paul-scholes,Paul Scholes,2012-01-08,day,2011-12,alex-ferguson,Sir Alex Ferguson,,MID,,,,,unknown,,,,,,false,unclosed_record,,,,,2,42,25,5,1,794,0.0529,2012-13,mufcinfo-transfers
2012-06-12-nick-powell-in,nick-powell:1,nick-powell,Nick Powell,2012-06-12,day,2012-13,alex-ferguson,Sir Alex Ferguson,,MID,crewe-alexandra,Crewe Alexandra,,4000000,fee,7000000,13173593,0.7309562149917658,,3000000,false,completed,2016-07-13-nick-powell-out,2016-07-13,,free,3,9,3,1,0,212,0.0425,,mufcinfo-transfers|transfermarkt-datasets
2012-06-22-shinji-kagawa-in,shinji-kagawa:1,shinji-kagawa,Shinji Kagawa,2012-06-22,day,2012-13,alex-ferguson,Sir Alex Ferguson,,MID,borussia-dortmund,Borussia Dortmund,,,unknown,,,,,22000000,false,completed,2014-08-31-shinji-kagawa-out,2014-08-31,6300000,fee,3,57,46,6,10,113,0.5044,2012-13|2013-14,mufcinfo-transfers|transfermarkt-datasets
2012-08-17-robin-van-persie-in,robin-van-persie:1,robin-van-persie,Robin van Persie,2012-08-17,day,2012-13,alex-ferguson,Sir Alex Ferguson,,FWD,arsenal,Arsenal,,24000000,fee,42000000,79041556,4.385737289950595,,47500000,false,completed,2015-07-01-robin-van-persie-out,2015-07-01,4700000,fee,3,105,89,58,20,153,0.6863,2012-13|2013-14,mufcinfo-transfers|transfermarkt-datasets
2012-08-21-alexander-buttner-in,alexander-buttner:1,alexander-buttner,Alexander Büttner,2012-08-21,day,2012-13,alex-ferguson,Sir Alex Ferguson,,DEF,vitesse-arnhem,Vitesse Arnhem,,,unknown,,,,,6000000,false,completed,2014-06-24-alex-buttner-out,2014-06-24,4400000,fee,2,28,23,2,2,108,0.2593,2012-13,mufcinfo-transfers|transfermarkt-datasets
2013-01-26-wilfred-zaha-in,transfer:2013-01-26-wilfred-zaha-in,,Wilfred Zaha,2013-01-26,day,2012-13,alex-ferguson,Sir Alex Ferguson,,,crystal-palace,Crystal Palace,,,unknown,,,,,,false,unresolved,,,,,,,,,,,,,mufcinfo-transfers
2013-06-11-guillermo-varela-in,guillermo-varela:1,guillermo-varela,Guillermo Varela,2013-06-11,day,2013-14,,,,DEF,penarol,Penarol,,2800000,fee,4816000,7028727,0.3899993035726722,,1750000,false,completed,2017-08-11-guillermo-varela-out,2017-08-11,,unknown,1,11,10,0,1,223,0.0493,2015-16,mufcinfo-transfers|transfermarkt-datasets
2013-09-02-marouane-fellaini-in,marouane-fellaini:1,marouane-fellaini,Marouane Fellaini,2013-09-02,day,2013-14,david-moyes,David Moyes,,MID,everton,Everton,,27500000,fee,47300000,69032140,3.8303503029458876,,28000000,false,completed,2019-02-01-marouane-fellaini-out,2019-02-01,,unknown,6,177,106,22,11,307,0.5765,2015-16|2016-17,mufcinfo-transfers|transfermarkt-datasets
2013-09-02-saidy-janko-in,saidy-janko:1,saidy-janko,Saidy Janko,2013-09-02,day,2013-14,david-moyes,David Moyes,,DEF,fc-zurich,FC Zurich,,,unknown,,,,,,false,completed,2015-07-01-saidy-janko-out,2015-07-01,,free,1,1,1,0,0,95,0.0105,,mufcinfo-transfers
2014-01-23-juan-mata-in,juan-mata:1,juan-mata,Juan Mata,2014-01-23,day,2013-14,david-moyes,David Moyes,,FWD,chelsea,Chelsea,,37100000,fee,62328000,93130633,5.167490772337906,,38000000,false,unclosed_record,,,,,9,285,213,51,46,681,0.4185,2015-16|2016-17,mufcinfo-transfers|transfermarkt-datasets
2014-06-26-ander-herrera-in,ander-herrera:1,ander-herrera,Ander Herrera,2014-06-26,day,2014-15,,,,FWD,athletic-bilbao,Athletic Bilbao,,29000000,fee,48720000,61925154,3.436008779594847,,27000000,false,completed,2019-07-04-ander-herrera-out,2019-07-04,,free,5,189,140,20,24,276,0.6848,2015-16|2016-17,mufcinfo-transfers|transfermarkt-datasets
2014-06-27-luke-shaw-in,luke-shaw:1,luke-shaw,Luke Shaw,2014-06-27,day,2014-15,,,,DEF,southampton,Southampton,,27000000,fee,45360000,57654453,3.199042656864168,,22000000,false,active_candidate,,,,,12,325,291,5,28,661,0.4917,2016-17|2022-23|2023-24,mufcinfo-transfers|transfermarkt-datasets
2014-08-19-marcos-rojo-in,marcos-rojo:1,marcos-rojo,Marcos Rojo,2014-08-19,day,2014-15,louis-van-gaal,Louis van Gaal,,DEF,sporting-lisbon,Sporting Lisbon,,16000000,fee,26880000,34165602,1.8957289818454328,,12000000,false,completed,2021-02-02-marcos-rojo-out,2021-02-02,,undisclosed,6,122,105,2,3,370,0.3297,2015-16|2016-17,mufcinfo-transfers|transfermarkt-datasets
2014-08-26-angel-di-maria-in,angel-di-maria:1,angel-di-maria,Ángel Di María,2014-08-26,day,2014-15,louis-van-gaal,Louis van Gaal,,MID,real-madrid,Real Madrid,,59700000,fee,100296000,127480403,7.073438763510771,,50000000,false,completed,2015-08-06-angel-di-maria-out,2015-08-06,44300000,fee,1,32,24,4,11,42,0.7619,,mufcinfo-transfers|transfermarkt-datasets
2014-08-31-daley-blind-in,daley-blind:1,daley-blind,Daley Blind,2014-08-31,day,2014-15,louis-van-gaal,Louis van Gaal,,DEF,ajax,Ajax,,13800000,fee,23184000,29467832,1.6350662468416859,,12000000,false,completed,2018-07-17-daley-blind-out,2018-07-17,14000000,fee,4,141,132,6,7,219,0.6438,2015-16|2016-17,mufcinfo-transfers|transfermarkt-datasets
2014-09-01-radamel-falcao-in,radamel-falcao:1,radamel-falcao,Radamel Falcao,2014-09-01,day,2014-15,louis-van-gaal,Louis van Gaal,,FWD,,,,,unknown,,,,,55000000,false,unclosed_record,,,,,1,29,17,4,5,657,0.0441,,mufcinfo-transfers|transfermarkt-datasets
2015-01-08-victor-valdes-in,victor-valdes:1,victor-valdes,Víctor Valdés,2015-01-08,day,2014-15,louis-van-gaal,Louis van Gaal,,GK,,,,,free,,,,,5000000,false,completed,2016-07-07-victor-valdes-out,2016-07-07,,free,1,2,1,0,0,81,0.0247,,mufcinfo-transfers|transfermarkt-datasets
2015-06-12-memphis-depay-in,memphis-depay:1,memphis-depay,Memphis Depay,2015-06-12,day,2015-16,louis-van-gaal,Louis van Gaal,,FWD,psv-eindhoven,PSV Eindhoven,,31000000,fee,40610000,71955157,3.992538332231736,,28000000,false,completed,2017-01-20-memphis-depay-out,2017-01-20,16000000,fee,2,53,28,7,3,92,0.5761,2015-16|2016-17,mufcinfo-transfers|transfermarkt-datasets
2015-07-11-matteo-darmian-in,matteo-darmian:1,matteo-darmian,Matteo Darmian,2015-07-11,day,2015-16,louis-van-gaal,Louis van Gaal,,DEF,torino,Torino,,13600000,fee,17816000,31567424,1.751565203817794,,12000000,false,completed,2019-09-02-matteo-darmian-out,2019-09-02,3600000,fee,4,92,76,1,1,236,0.3898,2015-16|2016-17,mufcinfo-transfers|transfermarkt-datasets
2015-07-13-bastian-schweinsteiger-in,bastian-schweinsteiger:1,bastian-schweinsteiger,Bastian Schweinsteiger,2015-07-13,day,2015-16,louis-van-gaal,Louis van Gaal,,MID,bayern-munich,Bayern Munich,,14400000,fee,18864000,33424331,1.8545984511011935,,22000000,false,completed,2017-03-29-bastian-schweinsteiger-out,2017-03-29,,unknown,2,35,22,2,2,107,0.3271,2015-16|2016-17,mufcinfo-transfers|transfermarkt-datasets
2015-07-13-morgan-schneiderlin-in,morgan-schneiderlin:1,morgan-schneiderlin,Morgan Schneiderlin,2015-07-13,day,2015-16,louis-van-gaal,Louis van Gaal,,MID,southampton,Southampton,,25000000,fee,32750000,58028352,3.219788977606239,,28000000,false,completed,2017-01-12-morgan-schneiderlin-out,2017-01-12,20000000,fee,2,47,36,1,1,91,0.5165,2015-16|2016-17,mufcinfo-transfers|transfermarkt-datasets
2015-07-27-sergio-romero-in,sergio-romero:1,sergio-romero,Sergio Romero,2015-07-27,day,2015-16,louis-van-gaal,Louis van Gaal,,GK,as-monaco,AS Monaco,,,free,,,,,5000000,false,completed,2021-06-04-sergio-romero-out,2021-06-04,,unknown,5,61,61,0,0,354,0.1723,2015-16|2016-17,mufcinfo-transfers|transfermarkt-datasets
2015-08-31-anthony-martial-in,anthony-martial:1,anthony-martial,Anthony Martial,2015-08-31,day,2015-16,louis-van-gaal,Louis van Gaal,,FWD,as-monaco,AS Monaco,,36000000,fee,47160000,83560828,4.636496127752984,,25000000,false,completed,2024-07-01-anthony-martial-out,2024-07-01,,unknown,9,317,221,90,48,511,0.6204,2015-16|2016-17|2022-23,mufcinfo-transfers|transfermarkt-datasets
2015-09-01-reagan-poole-in,transfer:2015-09-01-reagan-poole-in,,Reagan Poole,2015-09-01,day,2015-16,louis-van-gaal,Louis van Gaal,,,newport-county,Newport County,,,undisclosed,,,,,,false,unresolved,,,,,,,,,,,,,mufcinfo-transfers
2016-06-08-eric-bailly-in,eric-bailly:1,eric-bailly,Eric Bailly,2016-06-08,day,2016-17,jose-mourinho,José Mourinho,,DEF,villarreal,Villarreal,,30000000,fee,38400000,52714913,2.9249647103007703,,20000000,false,completed,2023-09-05-eric-bailly-out,2023-09-05,,undisclosed,6,113,99,1,1,410,0.2756,2016-17,mufcinfo-transfers|transfermarkt-datasets
2016-07-01-zlatan-ibrahimovic-in,zlatan-ibrahimovic:1,zlatan-ibrahimovic,Zlatan Ibrahimović,2016-07-01,day,2016-17,jose-mourinho,José Mourinho,,FWD,paris-saint-germain,Paris Saint Germain,,,free,,,,,15000000,true,unclosed_record,,,,,2,53,43,29,8,558,0.095,2016-17,mufcinfo-transfers|transfermarkt-datasets
2016-07-06-henrikh-mkhitaryan-in,henrikh-mkhitaryan:1,henrikh-mkhitaryan,Henrikh Mkhitaryan,2016-07-06,day,2016-17,jose-mourinho,José Mourinho,,MID,borrusia-dortmund,Borrusia Dortmund,,26000000,fee,33280000,45686258,2.534969415594001,,37000000,false,completed,2018-01-22-henrikh-mkhitaryan-out,2018-01-22,,unknown,2,63,46,13,7,99,0.6364,2016-17,mufcinfo-transfers|transfermarkt-datasets
2016-07-27-tahith-chong-in,tahith-chong:1,tahith-chong,Tahith Chong,2016-07-27,day,2016-17,jose-mourinho,José Mourinho,,FWD,feyenoord,Feyenoord,,,unknown,,,,,,false,completed,2022-09-01-tahith-chong-out,2022-09-01,,unknown,2,16,4,0,2,349,0.0458,,mufcinfo-transfers
2016-08-09-paul-pogba-in,paul-pogba:1,paul-pogba,Paul Pogba,2016-08-09,day,2016-17,jose-mourinho,José Mourinho,,MID,fc-juventus,FC Juventus,,92250000,fee,118080000,162098357,8.994266484174869,,70000000,true,completed,2022-07-11-paul-pogba-out,2022-07-11,,free,6,226,195,39,48,343,0.6589,2016-17,mufcinfo-transfers|transfermarkt-datasets
2017-07-01-victor-lindelof-in,victor-lindelof:1,victor-lindelof,Victor Lindelöf,2017-07-01,day,2017-18,jose-mourinho,José Mourinho,,DEF,sl-benfica,SL Benfica,,31000000,fee,38750000,43901927,2.435963241157532,,22000000,false,completed,2025-06-30-victor-lindelof-out,2025-06-30,,unknown,8,284,247,4,7,454,0.6256,2022-23|2023-24,mufcinfo-transfers|transfermarkt-datasets
2017-07-10-romelu-lukaku-in,romelu-lukaku:1,romelu-lukaku,Romelu Lukaku,2017-07-10,day,2017-18,jose-mourinho,José Mourinho,,FWD,everton,Everton,,75000000,fee,93750000,106214341,5.893459454413384,,50000000,false,completed,2019-08-08-romelu-lukaku-out,2019-08-08,74000000,fee,2,96,77,42,13,109,0.8807,,mufcinfo-transfers|transfermarkt-datasets
2017-07-31-nemanja-matic-in,nemanja-matic:1,nemanja-matic,Nemanja Matić,2017-07-31,day,2017-18,jose-mourinho,José Mourinho,,MID,chelsea,Chelsea,,40000000,fee,50000000,56647648,3.143178375687138,,35000000,false,completed,2022-06-14-nemanja-matic-out,2022-06-14,,free,5,189,152,4,9,280,0.675,,mufcinfo-transfers|transfermarkt-datasets
2018-01-22-alexis-sanchez-in,alexis-sanchez:1,alexis-sanchez,Alexis Sánchez,2018-01-22,day,2017-18,jose-mourinho,José Mourinho,,MID,arsenal,Arsenal,,,unknown,,,,,70000000,false,completed,2020-08-06-alexis-sanchez-out,2020-08-06,,free,2,45,31,5,9,133,0.3383,,mufcinfo-transfers|transfermarkt-datasets
2018-06-06-diogo-dalot-in,diogo-dalot:1,diogo-dalot,Diogo Dalot,2018-06-06,day,2018-19,jose-mourinho,José Mourinho,,DEF,fc-porto,FC Porto,,19000000,fee,23180000,28568377,1.5851586435113367,,15000000,false,active_candidate,,,,,8,246,215,10,16,438,0.5616,2022-23|2023-24,mufcinfo-transfers|transfermarkt-datasets
2018-06-21-fred-in,fred:1,fred,Fred,2018-06-21,day,2018-19,jose-mourinho,José Mourinho,,MID,shaktar-donetsk,Shaktar Donetsk,,47000000,fee,57340000,70669142,3.9211819076333065,,32000000,false,completed,2023-08-13-fred-out,2023-08-13,,unknown,5,213,154,14,17,286,0.7448,2022-23,mufcinfo-transfers|transfermarkt-datasets
2018-07-01-dan-gore-in,dan-gore:1,dan-gore,Dan Gore,2018-07-01,year,2018-19,jose-mourinho,José Mourinho,,,burnley,Burnley,,,unknown,,,,,,false,unclosed_record,,,,,0,0,0,0,0,438,0,,mufcinfo-transfers
2018-07-03-lee-grant-in,lee-grant:1,lee-grant,Lee Grant,2018-07-03,day,2018-19,jose-mourinho,José Mourinho,,GK,stoke-city,Stoke City,,1500000,fee,1830000,2255398,0.1251441034351055,,1000000,false,completed,2022-05-26-lee-grant-out,2022-05-26,,unknown,2,2,1,0,0,224,0.0089,,mufcinfo-transfers|transfermarkt-datasets
2019-06-11-daniel-james-in,daniel-james:1,daniel-james,Daniel James,2019-06-11,day,2019-20,ole-gunnar-solskjaer,Ole Gunnar Solskjær,,FWD,swansea-city,Swansea City,,15000000,fee,17850000,17464588,0.9690484628888678,,12000000,false,completed,2021-08-31-daniel-james-out,2021-08-31,25000000,fee,3,74,55,9,8,125,0.592,,mufcinfo-transfers|transfermarkt-datasets
2019-06-28-aaron-wan-bissaka-in,aaron-wan-bissaka:1,aaron-wan-bissaka,Aaron Wan-Bissaka,2019-06-28,day,2019-20,ole-gunnar-solskjaer,Ole Gunnar Solskjær,,DEF,crystal-palace,Crystal Palace,,50000000,fee,59500000,58215292,3.2301615429628927,,35000000,false,completed,2024-08-13-aaron-wan-bissaka-out,2024-08-13,,unknown,5,190,178,2,12,286,0.6643,2022-23|2023-24,mufcinfo-transfers|transfermarkt-datasets
2019-08-05-harry-maguire-in,harry-maguire:1,harry-maguire,Harry Maguire,2019-08-05,day,2019-20,ole-gunnar-solskjaer,Ole Gunnar Solskjær,,DEF,leicester-city,Leicester City,,80000000,fee,95200000,93144467,5.168258468740628,,70000000,false,active_candidate,,,,,7,271,232,17,10,385,0.7039,2022-23|2023-24,mufcinfo-transfers|transfermarkt-datasets
2019-09-14-hannibal-mejbri-in,hannibal:1,hannibal,Hannibal,2019-09-14,day,2019-20,ole-gunnar-solskjaer,Ole Gunnar Solskjær,,MID,as-monaco,AS Monaco,,9300000,fee,11067000,10828044,0.6008100469910981,,,false,unclosed_record,,,,,3,13,5,1,0,381,0.0341,2023-24,mufcinfo-transfers
2020-01-30-bruno-fernandes-in,bruno-fernandes:1,bruno-fernandes,Bruno Fernandes,2020-01-30,day,2019-20,ole-gunnar-solskjaer,Ole Gunnar Solskjær,,MID,sporting-lisbon,Sporting Lisbon,,47000000,fee,56400000,54722374,3.0363518503851195,,60000000,false,active_candidate,,,,,7,327,311,107,103,347,0.9424,2022-23|2023-24,mufcinfo-transfers|transfermarkt-datasets
2020-01-31-odion-ighalo-in,odion-ighalo:1,odion-ighalo,Odion Ighalo,2020-01-31,day,2019-20,ole-gunnar-solskjaer,Ole Gunnar Solskjær,,FWD,,,,,unknown,,,,,6500000,false,unclosed_record,,,,,2,23,7,5,1,347,0.0663,,mufcinfo-transfers|transfermarkt-datasets
2020-07-01-willy-kambwala-in,willy-kambwala:1,willy-kambwala,Willy Kambwala,2020-07-01,year,2020-21,ole-gunnar-solskjaer,Ole Gunnar Solskjær,,DEF,fc-sochaux-montbeliard,FC Sochaux-Montbeliard,,3500000,fee,4200000,4289256,0.23799568466224572,,,false,completed,2024-07-15-willy-kambwala-out,2024-07-15,5200000,fee,1,10,3,0,0,234,0.0427,2023-24,mufcinfo-transfers
2020-09-02-donny-van-de-beek-in,donny-van-de-beek:1,donny-van-de-beek,Donny van de Beek,2020-09-02,day,2020-21,ole-gunnar-solskjaer,Ole Gunnar Solskjær,,MID,ajax,Ajax,,35000000,fee,42000000,42892555,2.379956846622457,,44000000,false,completed,2024-07-11-donny-van-de-beek-out,2024-07-11,,unknown,4,62,23,2,1,224,0.2768,2022-23,mufcinfo-transfers|transfermarkt-datasets
2020-09-11-charlie-mcneill-in,charlie-mcneill:1,charlie-mcneill,Charlie McNeill,2020-09-11,day,2020-21,ole-gunnar-solskjaer,Ole Gunnar Solskjær,,,manchester-city,Manchester City,,,unknown,,,,,,false,completed,2024-07-10-charlie-mcneill-out,2024-07-10,,free,1,1,0,0,0,224,0.0045,,mufcinfo-transfers
2020-10-02-alejandro-garnacho-in,alejandro-garnacho:1,alejandro-garnacho,Alejandro Garnacho,2020-10-02,day,2020-21,ole-gunnar-solskjaer,Ole Gunnar Solskjær,,FWD,atletico-madrid,Atletico Madrid,,,unknown,,,,,,false,completed,2025-08-30-alejandro-garnacho-out,2025-08-30,40000000,fee,4,144,88,26,15,284,0.507,2022-23|2023-24,mufcinfo-transfers
2020-10-05-alex-telles-in,alex-telles:1,alex-telles,Alex Telles,2020-10-05,day,2020-21,ole-gunnar-solskjaer,Ole Gunnar Solskjær,,DEF,fc-porto,FC Porto,,13600000,fee,16320000,16666821,0.9247832318304404,,40000000,false,completed,2023-07-23-alex-telles-out,2023-07-23,,unknown,2,50,42,1,7,167,0.2994,,mufcinfo-transfers|transfermarkt-datasets
2020-10-05-amad-diallo-in,amad-diallo:1,amad-diallo,Amad Diallo,2020-10-05,day,2020-21,ole-gunnar-solskjaer,Ole Gunnar Solskjær,,FWD,atalanta,Atalanta,,37,fee,44,45,0.000002515954380715169,,15000000,false,active_candidate,,,,,5,97,62,16,15,319,0.3041,2023-24,mufcinfo-transfers|transfermarkt-datasets
2020-10-05-edinson-cavani-in,edinson-cavani:1,edinson-cavani,Edinson Cavani,2020-10-05,day,2020-21,ole-gunnar-solskjaer,Ole Gunnar Solskjær,,FWD,paris-saint-germain,Paris Saint Germain,,,free,,,,,12000000,false,completed,2022-08-29-edinson-cavani-out,2022-08-29,,free,2,59,29,19,6,109,0.5413,,mufcinfo-transfers|transfermarkt-datasets
2020-10-05-facundo-pellistri-in,facundo-pellistri:1,facundo-pellistri,Facundo Pellistri,2020-10-05,day,2020-21,ole-gunnar-solskjaer,Ole Gunnar Solskjær,,MID,club-atletico-penarol,Club Atletico Penarol,,9000000,fee,10800000,11029514,0.6119889034172032,,7000000,false,completed,2024-08-21-facundo-pellistri-out,2024-08-21,5100000,fee,3,25,4,0,1,221,0.1131,2022-23|2023-24,mufcinfo-transfers|transfermarkt-datasets
2021-07-02-tom-heaton-in,tom-heaton:1,tom-heaton,Tom Heaton,2021-07-02,day,2021-22,ole-gunnar-solskjaer,Ole Gunnar Solskjær,,GK,aston-villa,Aston Villa,,,free,,,,,1000000,false,unclosed_record,,,,,2,3,2,0,0,263,0.0114,2022-23,mufcinfo-transfers|transfermarkt-datasets
2021-07-23-jadon-sancho-in,jadon-sancho:1,jadon-sancho,Jadon Sancho,2021-07-23,day,2021-22,ole-gunnar-solskjaer,Ole Gunnar Solskjær,,FWD,borrusia-dortmund,Borrusia Dortmund,,73000000,fee,83950000,86895205,4.821508737267337,,100000000,false,completed,2025-06-30-jadon-sancho-out,2025-06-30,,unknown,4,83,56,12,6,223,0.3722,2022-23,mufcinfo-transfers|transfermarkt-datasets
2021-08-14-raphael-varane-in,raphael-varane:1,raphael-varane,Raphaël Varane,2021-08-14,day,2021-22,ole-gunnar-solskjaer,Ole Gunnar Solskjær,,DEF,real-madrid,Real Madrid,,34000000,fee,39100000,40471739,2.2456342063984858,,70000000,false,completed,2024-07-28-raphael-varane-out,2024-07-28,,free,3,95,82,2,1,163,0.5828,2022-23|2023-24,mufcinfo-transfers|transfermarkt-datasets
2021-08-31-cristiano-ronaldo-in,cristiano-ronaldo:2,cristiano-ronaldo,Cristiano Ronaldo,2021-08-31,day,2021-22,ole-gunnar-solskjaer,Ole Gunnar Solskjær,,FWD,juventus,Juventus,,12850000,fee,14777500,15295937,0.8487176338888394,,45000000,true,unclosed_record,,,,,2,54,45,27,5,260,0.2077,,mufcinfo-transfers|transfermarkt-datasets
2022-07-05-tyrell-malacia-in,tyrell-malacia:1,tyrell-malacia,Tyrell Malacia,2022-07-05,day,2022-23,erik-ten-hag,Erik ten Hag,,DEF,feyenoord,Feyenoord,,,unknown,,,,,17000000,false,completed,2026-06-30-tyrell-malacia-out,2026-06-30,,unknown,3,50,34,0,0,214,0.2336,2022-23,mufcinfo-transfers|transfermarkt-datasets
2022-07-15-christian-eriksen-in,christian-eriksen:1,christian-eriksen,Christian Eriksen,2022-07-15,day,2022-23,erik-ten-hag,Erik ten Hag,,MID,brentford,Brentford,,,free,,,,,20000000,false,completed,2025-06-30-christian-eriksen-out,2025-06-30,,unknown,3,107,70,8,17,174,0.6149,2022-23|2023-24,mufcinfo-transfers|transfermarkt-datasets
2022-07-27-lisandro-martinez-in,lisandro-martinez:1,lisandro-martinez,Lisandro Martínez,2022-07-27,day,2022-23,erik-ten-hag,Erik ten Hag,,DEF,ajax,Ajax,,,unknown,,,,,32000000,false,active_candidate,,,,,4,110,94,3,3,214,0.514,2022-23|2023-24,mufcinfo-transfers|transfermarkt-datasets
2022-08-22-casemiro-in,casemiro:1,casemiro,Casemiro,2022-08-22,day,2022-23,erik-ten-hag,Erik ten Hag,,,real-madrid,Real Madrid,,,unknown,,,,,50000000,false,completed,2026-06-30-casemiro-out,2026-06-30,,unknown,4,160,138,26,12,212,0.7547,2022-23|2023-24,mufcinfo-transfers|transfermarkt-datasets
2022-08-28-antony-in,antony:1,antony,Antony,2022-08-28,day,2022-23,erik-ten-hag,Erik ten Hag,,FWD,ajax,Ajax,,,unknown,,,,,75000000,false,completed,2025-09-01-antony-out,2025-09-01,19060000,fee,3,96,63,12,5,174,0.5517,2022-23|2023-24,mufcinfo-transfers|transfermarkt-datasets
2022-09-01-martin-dubravka-in,martin-dubravka:1,martin-dubravka,Martin Dúbravka,2022-09-01,day,2022-23,erik-ten-hag,Erik ten Hag,,GK,,,,,unknown,,,,,4000000,false,unclosed_record,,,,,1,2,2,0,0,210,0.0095,2022-23,mufcinfo-transfers|transfermarkt-datasets
2023-01-12-wout-weghorst-in,wout-weghorst:1,wout-weghorst,Wout Weghorst,2023-01-12,day,2022-23,erik-ten-hag,Erik ten Hag,,FWD,,,,,unknown,,,,,14000000,false,unclosed_record,,,,,1,31,20,2,2,187,0.1658,2022-23,mufcinfo-transfers|transfermarkt-datasets
2023-01-31-marcel-sabitzer-in,marcel-sabitzer:1,marcel-sabitzer,Marcel Sabitzer,2023-01-31,day,2022-23,erik-ten-hag,Erik ten Hag,,FWD,,,,,unknown,,,,,20000000,false,unclosed_record,,,,,1,18,11,3,1,182,0.0989,2022-23,mufcinfo-transfers|transfermarkt-datasets
2023-07-05-mason-mount-in,mason-mount:1,mason-mount,Mason Mount,2023-07-05,day,2023-24,erik-ten-hag,Erik ten Hag,,MID,chelsea,Chelsea,,,unknown,,,,,60000000,false,active_candidate,,,,,3,72,32,7,2,152,0.4737,2023-24,mufcinfo-transfers|transfermarkt-datasets
2023-07-20-andre-onana-in,andre-onana:1,andre-onana,André Onana,2023-07-20,day,2023-24,erik-ten-hag,Erik ten Hag,,GK,inter-milan,Inter Milan,,,unknown,,,,,35000000,false,active_candidate,,,,,3,102,102,0,0,152,0.6711,2023-24,mufcinfo-transfers|transfermarkt-datasets
2023-08-01-harry-amass-in,harry-amass:1,harry-amass,Harry Amass,2023-08-01,month,2023-24,erik-ten-hag,Erik ten Hag,,,watford,Watford,,,unknown,,,,,,false,unclosed_record,,,,,1,7,4,0,0,152,0.0461,,mufcinfo-transfers
2023-08-05-rasmus-hojlund-in,rasmus-h-jlund:1,rasmus-h-jlund,Rasmus Højlund,2023-08-05,day,2023-24,erik-ten-hag,Erik ten Hag,,FWD,atalanta,Atalanta,,,unknown,,,,,45000000,false,unclosed_record,,,,,2,95,73,26,6,152,0.625,2023-24,mufcinfo-transfers|transfermarkt-datasets
2023-09-01-altay-bayindir-in,transfer:2023-09-01-altay-bayindir-in,,Altay Bayindir,2023-09-01,day,2023-24,erik-ten-hag,Erik ten Hag,,,fenerbache,Fenerbache,,,unknown,,,,,,false,unresolved,,,,,,,,,,,,,mufcinfo-transfers
2023-09-01-jonny-evans-in,jonny-evans:1,jonny-evans,Jonny Evans,2023-09-01,day,2023-24,erik-ten-hag,Erik ten Hag,,DEF,leicester-city,Leicester City,,,free,,,,,2000000,false,completed,2025-05-31-jonny-evans-out,2025-05-31,,unknown,2,43,23,1,1,109,0.3945,2023-24,mufcinfo-transfers|transfermarkt-datasets
2023-09-01-sergio-reguilon-in,sergio-reguilon:1,sergio-reguilon,Sergio Reguilón,2023-09-01,day,2023-24,erik-ten-hag,Erik ten Hag,,DEF,,,,,unknown,,,,,10000000,false,unclosed_record,,,,,1,12,7,0,0,149,0.0805,,mufcinfo-transfers|transfermarkt-datasets
2023-09-01-sofyan-amrabat-in,sofyan-amrabat:1,sofyan-amrabat,Sofyan Amrabat,2023-09-01,day,2023-24,erik-ten-hag,Erik ten Hag,,MID,,,,,unknown,,,,,30000000,false,unclosed_record,,,,,1,30,17,0,0,149,0.2013,2023-24,mufcinfo-transfers|transfermarkt-datasets
2024-07-14-joshua-zirkzee-in,joshua-zirkzee:1,joshua-zirkzee,Joshua Zirkzee,2024-07-14,day,2024-25,erik-ten-hag,Erik ten Hag,,FWD,bologna,Bologna,,,unknown,,,,,50000000,false,active_candidate,,,,,2,75,27,9,4,100,0.75,,mufcinfo-transfers|transfermarkt-datasets
2024-07-18-leny-yoro-in,leny-yoro:1,leny-yoro,Leny Yoro,2024-07-18,day,2024-25,erik-ten-hag,Erik ten Hag,,,lille-osc,Lille OSC,,,unknown,,,,,50000000,false,active_candidate,,,,,2,66,41,1,2,100,0.66,,mufcinfo-transfers|transfermarkt-datasets
2024-08-13-matthijs-de-ligt-in,matthijs-de-ligt:1,matthijs-de-ligt,Matthijs de Ligt,2024-08-13,day,2024-25,erik-ten-hag,Erik ten Hag,,DEF,bayern-munich,Bayern Munich,,38500000,fee,38500000,38500000,2.1362294019628565,,65000000,false,active_candidate,,,,,2,56,49,3,0,99,0.5657,,mufcinfo-transfers|transfermarkt-datasets
2024-08-13-noussair-mazraoui-in,noussair-mazraoui:1,noussair-mazraoui,Noussair Mazraoui,2024-08-13,day,2024-25,erik-ten-hag,Erik ten Hag,,DEF,bayern-munich,Bayern Munich,,12800000,fee,12800000,12800000,0.7102269180551835,,30000000,false,active_candidate,,,,,2,77,63,0,2,99,0.7778,,mufcinfo-transfers|transfermarkt-datasets
2024-08-30-manuel-ugarte-in,manuel-ugarte:1,manuel-ugarte,Manuel Ugarte,2024-08-30,day,2024-25,erik-ten-hag,Erik ten Hag,,MID,paris-saint-germain,Paris Saint-Germain,,42100000,fee,42100000,42100000,2.3359807226658766,,50000000,false,active_candidate,,,,,2,69,46,2,6,97,0.7113,,mufcinfo-transfers|transfermarkt-datasets
2024-10-29-chidozie-obi-martin-in,transfer:2024-10-29-chidozie-obi-martin-in,,Chidozie Obi-Martin,2024-10-29,day,2024-25,ruud-van-nistelrooy,Ruud van Nistelrooy,,,arsenal,Arsenal,,,unknown,,,,,,false,unresolved,,,,,,,,,,,,,mufcinfo-transfers
2025-02-01-ayden-heaven-in,ayden-heaven:1,ayden-heaven,Ayden Heaven,2025-02-01,day,2024-25,ruben-amorim,Rúben Amorim,,,arsenal,Arsenal,,,undisclosed,,,,,1500000,false,active_candidate,,,,,2,24,15,0,1,64,0.375,,mufcinfo-transfers|transfermarkt-datasets
2025-02-02-patrick-dorgu-in,patrick-dorgu:1,patrick-dorgu,Patrick Dorgu,2025-02-02,day,2024-25,ruben-amorim,Rúben Amorim,,,lecce,Lecce,,25200000,fee,25200000,25200000,1.3982592449211424,,25000000,false,active_candidate,,,,,2,48,35,4,5,64,0.75,,mufcinfo-transfers|transfermarkt-datasets
2025-06-01-matheus-cunha-in,matheus-cunha:1,matheus-cunha,Matheus Cunha,2025-06-01,day,2025-26,ruben-amorim,Rúben Amorim,,,wolverhampton-wanderers,Wolverhampton Wanderers,,62500000,fee,62500000,62500000,,,,false,active_candidate,,,,,1,35,31,10,4,40,0.875,,mufcinfo-transfers
2025-07-05-diego-leon-in,diego-leon:1,diego-leon,Diego León,2025-07-05,day,2025-26,ruben-amorim,Rúben Amorim,,,cerro-porteno,Cerro Porteno,,,unknown,,,,,,false,unclosed_record,,,,,0,0,0,0,0,40,0,,mufcinfo-transfers
2025-07-21-bryan-mbeumo-in,bryan-mbeumo:1,bryan-mbeumo,Bryan Mbeumo,2025-07-21,day,2025-26,ruben-amorim,Rúben Amorim,,FWD,brentford,Brentford,,65000000,fee,65000000,65000000,,,,false,active_candidate,,,,,1,34,31,12,3,40,0.85,,mufcinfo-transfers
2025-08-09-benjamin-sesko-in,benjamin-sesko:1,benjamin-sesko,Benjamin Šeško,2025-08-09,day,2025-26,ruben-amorim,Rúben Amorim,,FWD,rb-leipzig,RB Leipzig,,66300000,fee,66300000,66300000,,,,false,active_candidate,,,,,1,32,19,12,1,40,0.8,,mufcinfo-transfers
2025-09-01-senne-lammens-in,senne-lammens:1,senne-lammens,Senne Lammens,2025-09-01,day,2025-26,ruben-amorim,Rúben Amorim,,,royal-antwerp,Royal Antwerp,,18100000,fee,18100000,18100000,,,20000000,false,active_candidate,,,,,1,33,33,0,0,36,0.9167,,mufcinfo-transfers|transfermarkt-datasets
undated-arthur-lochhead-in,arthur-lochhead:1,arthur-lochhead,Arthur Lochhead,,,,,,,FWD,,,,,unknown,,,,,,false,unresolved,,,,,,,,,,,,,mufcinfo-transfers
undated-charles-moore-in,transfer:undated-charles-moore-in,,Charles Moore,,,,,,,,,,,,unknown,,,,,,false,unresolved,,,,,,,,,,,,,mufcinfo-transfers
undated-eric-djemba-djemba-in,eric-djemba-djemba:1,eric-djemba-djemba,Eric Djemba-Djemba,,,,,,,MID,,,,,unknown,,,,,,false,unresolved,,,,,,,,,,,,2003-04,mufcinfo-transfers
undated-george-haslam-in,george-haslam:1,george-haslam,George Haslam,,,,,,,MID,,,,,unknown,,,,,,false,unresolved,,,,,,,,,,,,,mufcinfo-transfers
undated-jack-ball-in,jack-ball:1,jack-ball,Jack Ball,,,,,,,FWD,,,,,unknown,,,,,,false,unresolved,,,,,,,,,,,,,mufcinfo-transfers
undated-james-weir-in,james-weir:1,james-weir,James Weir,,,,,,,MID,,,,,unknown,,,,,,false,unresolved,,,,,,,,,,,,,mufcinfo-transfers
undated-john-howarth-in,john-howarth:1,john-howarth,John Howarth,,,,,,,DEF,,,,,unknown,,,,,,false,unresolved,,,,,,,,,,,,,mufcinfo-transfers
undated-mark-bosnich-in,mark-bosnich:2,mark-bosnich,Mark Bosnich,,,,,,,GK,,,,,unknown,,,,,,true,unresolved,,,,,,,,,,,,1999-00,mufcinfo-transfers
undated-maurice-setters-in,maurice-setters:1,maurice-setters,Maurice Setters,,,,,,,MID,west-bromwich-albion-30,"West Bromwich Albion, £30",,30000,fee,30000,30000,,,,false,unresolved,,,,,,,,,,,,1962-63|1964-65,mufcinfo-transfers
undated-paul-pogba-in,paul-pogba:2,paul-pogba,Paul Pogba,,,,,,,MID,,,,,unknown,,,,,,true,unresolved,,,,,,,,,,,,2016-17,mufcinfo-transfers
undated-thomas-lang-in,transfer:undated-thomas-lang-in,,Thomas Lang,,,,,,,,,,,,unknown,,,,,,false,unresolved,,,,,,,,,,,,,mufcinfo-transfers
undated-thomas-sloan-in,transfer:undated-thomas-sloan-in,,Thomas Sloan,,,,,,,,,,,,unknown,,,,,,false,unresolved,,,,,,,,,,,,,mufcinfo-transfers
undated-william-ridding-in,transfer:undated-william-ridding-in,,William Ridding,,,,,,,,,,,,unknown,,,,,,false,unresolved,,,,,,,,,,,,,mufcinfo-transfers
undated-zlatan-ibrahimovic-in,zlatan-ibrahimovic:2,zlatan-ibrahimovic,Zlatan Ibrahimović,,,,,,,FWD,,,,,unknown,,,,,,true,unresolved,,,,,,,,,,,,2016-17,mufcinfo-transfers
