match_id,date,elo_pre,elo_post,opp_elo_pre,expected
1886-10-30-fleetwood-rangers-a,1886-10-30,1500,1502.39,1500,0.4145
1890-01-18-preston-north-end-a,1890-01-18,1502.39,1478.99,1500,0.4178
1892-09-03-blackburn-rovers-a,1892-09-03,1478.99,1469.74,1500,0.3855
1892-09-10-burnley-h,1892-09-10,1469.74,1468.72,1500,0.5427
1892-09-17-burnley-a,1892-09-17,1468.72,1455.39,1501.02,0.3702
1892-09-24-everton-a,1892-09-24,1455.39,1436.28,1500,0.3538
1892-10-01-west-bromwich-albion-a,1892-10-01,1436.28,1440.38,1500,0.3291
1892-10-08-west-bromwich-albion-h,1892-10-08,1440.38,1425.19,1495.9,0.5065
1892-10-15-wolverhampton-wanderers-h,1892-10-15,1425.19,1462.72,1500,0.4787
1892-10-19-everton-h,1892-10-19,1462.72,1450.6,1519.11,0.5052
1892-10-22-sheffield-wednesday-a,1892-10-22,1450.6,1442.26,1500,0.3476
1892-10-29-nottingham-forest-a,1892-10-29,1442.26,1446.18,1500,0.3368
1892-11-05-blackburn-rovers-h,1892-11-05,1446.18,1446.28,1509.25,0.4956
1892-11-12-notts-county-h,1892-11-12,1446.28,1431.01,1500,0.509
1892-11-19-aston-villa-h,1892-11-19,1431.01,1446.4,1500,0.4871
1892-11-26-accrington-f-c-a,1892-11-26,1446.4,1450.19,1500,0.3421
1892-12-03-bolton-wanderers-a,1892-12-03,1450.19,1437.7,1500,0.347
1892-12-10-bolton-wanderers-h,1892-12-10,1437.7,1450.21,1512.49,0.4787
1892-12-17-wolverhampton-wanderers-a,1892-12-17,1450.21,1438.28,1462.47,0.3975
1892-12-24-sheffield-wednesday-h,1892-12-24,1438.28,1417.89,1508.34,0.4855
1892-12-26-preston-north-end-a,1892-12-26,1417.89,1411.21,1523.4,0.2783
1892-12-31-derby-county-h,1892-12-31,1411.21,1440.44,1500,0.4587
1893-01-07-stoke-city-a,1893-01-07,1440.44,1422.38,1500,0.3344
1893-01-14-nottingham-forest-h,1893-01-14,1422.38,1407.97,1496.08,0.4803
1893-01-21-blackburn-rovers-a,1893-01-21,1407.97,1394.09,1509.15,0.2834
1893-01-26-notts-county-a,1893-01-26,1394.09,1383.14,1515.27,0.2606
1893-02-11-derby-county-a,1893-02-11,1383.14,1370.57,1470.77,0.2995
1893-03-04-sunderland-h,1893-03-04,1370.57,1351.3,1500,0.4014
1893-03-06-aston-villa-a,1893-03-06,1351.3,1343.88,1484.61,0.2474
1893-03-31-stoke-city-h,1893-03-31,1343.88,1359.69,1518.06,0.3414
1893-04-01-preston-north-end-h,1893-04-01,1359.69,1375.38,1530.08,0.3463
1893-04-04-sunderland-a,1893-04-04,1375.38,1362.62,1519.27,0.2362
1893-04-08-accrington-f-c-h,1893-04-08,1362.62,1365.13,1496.21,0.3957
1893-04-22-birmingham-city-n,1893-04-22,1365.13,1369.56,1500,0.3151
1893-04-27-birmingham-city-n,1893-04-27,1369.56,1393.82,1495.56,0.3262
1893-09-02-burnley-h,1893-09-02,1393.82,1407.89,1514.35,0.4138
1893-09-09-west-bromwich-albion-a,1893-09-09,1407.89,1399.46,1511.09,0.281
1893-09-16-sheffield-wednesday-a,1893-09-16,1399.46,1417.42,1528.73,0.2517
1893-09-23-nottingham-forest-h,1893-09-23,1417.42,1418.56,1510.49,0.4525
1893-09-30-darwen-a,1893-09-30,1418.56,1411.19,1500,0.307
1893-10-07-derby-county-a,1893-10-07,1411.19,1401.63,1483.35,0.3185
1893-10-14-west-bromwich-albion-h,1893-10-14,1401.63,1422.61,1519.52,0.4175
1893-10-21-burnley-a,1893-10-21,1422.61,1411.39,1500.28,0.3116
1893-10-28-wolverhampton-wanderers-a,1893-10-28,1411.39,1401.49,1474.39,0.33
1893-11-04-darwen-h,1893-11-04,1401.49,1391.06,1507.37,0.4344
1893-11-11-wolverhampton-wanderers-h,1893-11-11,1391.06,1404.21,1484.29,0.4523
1893-11-25-sheffield-united-a,1893-11-25,1404.21,1395.52,1500,0.2897
1893-12-02-everton-h,1893-12-02,1395.52,1381.38,1531.23,0.3927
1893-12-06-sunderland-a,1893-12-06,1381.38,1373.12,1532.02,0.2292
1893-12-09-bolton-wanderers-a,1893-12-09,1373.12,1365.49,1499.98,0.2543
1893-12-16-aston-villa-h,1893-12-16,1365.49,1353.33,1492.03,0.4054
1893-12-23-preston-north-end-a,1893-12-23,1353.33,1346.77,1514.39,0.2188
1894-01-06-everton-a,1894-01-06,1346.77,1341.24,1545.37,0.1841
1894-01-13-sheffield-wednesday-h,1894-01-13,1341.24,1332.91,1510.77,0.3474
1894-01-27-middlesbrough-h,1894-01-27,1332.91,1364.73,1500,0.3506
1894-02-03-aston-villa-a,1894-02-03,1364.73,1354.61,1504.19,0.2408
1894-02-10-blackburn-rovers-h,1894-02-10,1354.61,1358.85,1523.03,0.3488
1894-02-17-blackburn-rovers-a,1894-02-17,1358.85,1348.07,1518.8,0.2199
1894-03-03-sunderland-h,1894-03-03,1348.07,1338.52,1540.27,0.3184
1894-03-10-sheffield-united-h,1894-03-10,1338.52,1328.12,1508.69,0.3466
1894-03-12-blackburn-rovers-h,1894-03-12,1328.12,1357.23,1529.57,0.307
1894-03-17-derby-county-h,1894-03-17,1357.23,1340.73,1492.9,0.3928
1894-03-23-stoke-city-h,1894-03-23,1340.73,1367.7,1502.25,0.3579
1894-03-24-bolton-wanderers-h,1894-03-24,1367.7,1370.41,1507.61,0.387
1894-03-26-blackburn-rovers-a,1894-03-26,1370.41,1359.87,1500.47,0.2509
1894-03-31-stoke-city-a,1894-03-31,1359.87,1351.86,1475.28,0.267
1894-04-07-nottingham-forest-a,1894-04-07,1351.86,1345.19,1509.35,0.2224
1894-04-14-preston-north-end-h,1894-04-14,1345.19,1335.01,1520.95,0.3393
1894-04-28-liverpool-n,1894-04-28,1335.01,1326.65,1500,0.2789
1894-09-08-burton-wanderers-a,1894-09-08,1326.65,1321.68,1500,0.207
1894-09-15-crewe-alexandra-h,1894-09-15,1321.68,1353.55,1500,0.336
1894-09-22-leicester-city-a,1894-09-22,1353.55,1371.94,1500,0.2335
1894-10-06-darwen-a,1894-10-06,1371.94,1378.32,1517.79,0.2342
1894-10-13-arsenal-h,1894-10-13,1378.32,1380.43,1500,0.4122
1894-10-20-burton-swifts-a,1894-10-20,1380.43,1398.14,1500,0.2624
1894-10-27-leicester-city-h,1894-10-27,1398.14,1398.95,1481.6,0.4663
1894-11-03-manchester-city-a,1894-11-03,1398.95,1424.74,1500,0.2835
1894-11-10-rotherham-town-h,1894-11-10,1424.74,1437.27,1500,0.4781
1894-11-17-grimsby-town-a,1894-11-17,1437.27,1429.34,1500,0.3304
1894-11-24-darwen-h,1894-11-24,1429.34,1430.1,1511.41,0.4683
1894-12-01-crewe-alexandra-a,1894-12-01,1430.1,1449.22,1468.13,0.3626
1894-12-08-burton-swifts-h,1894-12-08,1449.22,1468.6,1482.3,0.5387
1894-12-15-notts-county-a,1894-12-15,1468.6,1472.51,1526.22,0.3369
1894-12-22-lincoln-city-h,1894-12-22,1472.51,1488.83,1500,0.5467
1894-12-24-port-vale-a,1894-12-24,1488.83,1510.47,1500,0.399
1894-12-26-walsall-a,1894-12-26,1510.47,1524.17,1500,0.4292
1894-12-29-lincoln-city-a,1894-12-29,1524.17,1507.18,1483.68,0.4719
1895-01-01-port-vale-h,1895-01-01,1507.18,1520.67,1478.36,0.6251
1895-01-05-manchester-city-h,1895-01-05,1520.67,1533.32,1474.21,0.6486
1895-01-12-rotherham-town-a,1895-01-12,1533.32,1521.81,1487.47,0.4796
1895-02-02-stoke-city-h,1895-02-02,1521.81,1503.95,1483.3,0.6381
1895-03-02-burton-wanderers-h,1895-03-02,1503.95,1501.93,1504.97,0.5841
1895-03-23-grimsby-town-h,1895-03-23,1501.93,1514.62,1507.93,0.5771
1895-03-30-arsenal-a,1895-03-30,1514.62,1504.1,1497.89,0.438
1895-04-03-walsall-h,1895-04-03,1504.1,1532.17,1486.3,0.6101
1895-04-06-newcastle-united-h,1895-04-06,1532.17,1547.73,1500,0.6296
1895-04-12-bury-h,1895-04-12,1547.73,1544.12,1500,0.6502
1895-04-13-newcastle-united-a,1895-04-13,1544.12,1526.14,1484.44,0.4995
1895-04-15-bury-a,1895-04-15,1526.14,1515.43,1503.61,0.4463
1895-04-20-notts-county-h,1895-04-20,1515.43,1513.61,1522.3,0.5759
1895-04-27-stoke-city-n,1895-04-27,1513.61,1494.96,1501.16,0.5179
1895-09-07-crewe-alexandra-h,1895-09-07,1494.96,1511.86,1449.01,0.6479
1895-09-14-loughborough-a,1895-09-14,1511.86,1513.51,1500,0.4312
1895-09-21-burton-swifts-h,1895-09-21,1513.51,1530.12,1462.92,0.654
1895-09-28-crewe-alexandra-a,1895-09-28,1530.12,1543.49,1432.11,0.5545
1895-10-05-manchester-city-h,1895-10-05,1543.49,1538.84,1461.56,0.6936
1895-10-12-liverpool-a,1895-10-12,1538.84,1514.13,1508.37,0.4576
1895-10-19-newcastle-united-h,1895-10-19,1514.13,1523.69,1502.43,0.6017
1895-10-26-newcastle-united-a,1895-10-26,1523.69,1512.69,1492.87,0.4581
1895-11-02-liverpool-h,1895-11-02,1512.69,1528.65,1533.08,0.5568
1895-11-09-arsenal-a,1895-11-09,1528.65,1518.02,1508.4,0.443
1895-11-16-lincoln-city-h,1895-11-16,1518.02,1515.39,1500.67,0.6095
1895-11-23-notts-county-a,1895-11-23,1515.39,1533.32,1524.12,0.4024
1895-11-30-arsenal-h,1895-11-30,1533.32,1549.9,1519.04,0.6053
1895-12-07-manchester-city-a,1895-12-07,1549.9,1537.08,1466.2,0.534
1895-12-14-notts-county-h,1895-12-14,1537.08,1550.48,1506.19,0.6279
1895-12-21-darwen-a,1895-12-21,1550.48,1533.52,1510.65,0.471
1896-01-01-grimsby-town-h,1896-01-01,1533.52,1542.21,1495.24,0.6378
1896-01-04-leicester-city-a,1896-01-04,1542.21,1524.14,1480.8,0.502
1896-01-11-rotherham-town-h,1896-01-11,1524.14,1537.81,1498.98,0.6202
1896-02-01-kettering-h,1896-02-01,1537.81,1547.97,1500,0.6372
1896-02-03-leicester-city-h,1896-02-03,1547.97,1558.41,1498.87,0.652
1896-02-08-burton-swifts-a,1896-02-08,1558.41,1537.73,1446.31,0.5744
1896-02-15-derby-county-h,1896-02-15,1537.73,1534.25,1509.4,0.6245
1896-02-19-derby-county-a,1896-02-19,1534.25,1512.46,1512.88,0.4446
1896-02-29-burton-wanderers-h,1896-02-29,1512.46,1498.23,1506.98,0.5931
1896-03-07-rotherham-town-a,1896-03-07,1498.23,1511.84,1485.31,0.4327
1896-03-14-grimsby-town-a,1896-03-14,1511.84,1498.34,1486.55,0.4502
1896-03-18-burton-wanderers-a,1896-03-18,1498.34,1482.25,1521.22,0.3829
1896-03-23-port-vale-a,1896-03-23,1482.25,1466.45,1464.87,0.439
1896-04-03-darwen-h,1896-04-03,1466.45,1487.52,1527.61,0.4983
1896-04-04-loughborough-h,1896-04-04,1487.52,1500.41,1498.35,0.5703
1896-04-06-port-vale-h,1896-04-06,1500.41,1509.7,1480.67,0.6128
1896-04-11-lincoln-city-a,1896-04-11,1509.7,1497,1503.3,0.4235
1896-09-01-gainsborough-trinity-h,1896-09-01,1497,1509.56,1500,0.5813
1896-09-05-burton-swifts-a,1896-09-05,1509.56,1525.31,1466.99,0.4749
1896-09-07-walsall-h,1896-09-07,1525.31,1535.06,1458.23,0.6751
1896-09-12-lincoln-city-h,1896-09-12,1535.06,1546.7,1516,0.6118
1896-09-19-grimsby-town-a,1896-09-19,1546.7,1532.28,1500.05,0.4808
1896-09-21-walsall-a,1896-09-21,1532.28,1543.46,1448.48,0.5342
1896-09-26-newcastle-united-h,1896-09-26,1543.46,1558.6,1503.86,0.6395
1896-10-03-manchester-city-a,1896-10-03,1558.6,1557.92,1479.02,0.5281
1896-10-10-birmingham-city-h,1896-10-10,1557.92,1553.14,1471.31,0.6993
1896-10-17-blackpool-a,1896-10-17,1553.14,1538.44,1500,0.4901
1896-10-21-gainsborough-trinity-a,1896-10-21,1538.44,1523.82,1487.44,0.487
1896-10-24-burton-wanderers-h,1896-10-24,1523.82,1539.43,1537.3,0.5666
1896-11-07-grimsby-town-h,1896-11-07,1539.43,1550.83,1514.48,0.6199
1896-11-28-birmingham-city-a,1896-11-28,1550.83,1538.32,1476.09,0.5212
1896-12-19-notts-county-a,1896-12-19,1538.32,1521.07,1492.8,0.4792
1896-12-25-manchester-city-h,1896-12-25,1521.07,1529.67,1479.7,0.6419
1896-12-26-blackpool-h,1896-12-26,1529.67,1541.48,1514.7,0.6062
1896-12-28-leicester-city-a,1896-12-28,1541.48,1529.72,1488.43,0.49
1897-01-01-newcastle-united-a,1897-01-01,1529.72,1515.54,1488.72,0.4727
1897-01-09-burton-swifts-h,1897-01-09,1515.54,1511.42,1451.24,0.6716
1897-01-30-kettering-h,1897-01-30,1511.42,1530.27,1489.84,0.6153
1897-02-06-loughborough-h,1897-02-06,1530.27,1549.36,1485.46,0.6464
1897-02-13-southampton-a,1897-02-13,1549.36,1549.79,1500,0.4847
1897-02-17-southampton-h,1897-02-17,1549.79,1561.92,1499.57,0.6535
1897-02-20-leicester-city-h,1897-02-20,1561.92,1569.88,1500.19,0.6684
1897-02-27-derby-county-a,1897-02-27,1569.88,1553.63,1534.67,0.4644
1897-03-02-darwen-h,1897-03-02,1553.63,1564.14,1506.54,0.6494
1897-03-13-darwen-a,1897-03-13,1564.14,1578.79,1496.02,0.5117
1897-03-20-burton-wanderers-a,1897-03-20,1578.79,1590.89,1521.7,0.4958
1897-03-22-arsenal-h,1897-03-22,1590.89,1586.06,1502.46,0.7015
1897-03-27-notts-county-h,1897-03-27,1586.06,1581.59,1510.05,0.6863
1897-04-01-lincoln-city-a,1897-04-01,1581.59,1595.84,1504.36,0.5248
1897-04-03-arsenal-a,1897-04-03,1595.84,1609.61,1507.3,0.541
1897-04-10-loughborough-a,1897-04-10,1609.61,1591.09,1466.36,0.6176
1897-04-19-burnley-a,1897-04-19,1591.09,1575.24,1511.5,0.5282
1897-04-21-burnley-h,1897-04-21,1575.24,1585.73,1527.35,0.6505
1897-04-24-sunderland-h,1897-04-24,1585.73,1582.5,1549.83,0.6346
1897-04-26-sunderland-a,1897-04-26,1582.5,1568.81,1553.06,0.4561
1897-09-04-lincoln-city-h,1897-09-04,1568.81,1583.71,1490.1,0.6897
1897-09-11-burton-swifts-a,1897-09-11,1583.71,1600.63,1455.36,0.5971
1897-09-18-luton-town-h,1897-09-18,1600.63,1583.45,1500,0.716
1897-09-25-blackpool-a,1897-09-25,1583.45,1594.74,1502.89,0.5295
1897-10-02-leicester-city-h,1897-10-02,1594.74,1603.19,1492.23,0.7182
1897-10-09-newcastle-united-a,1897-10-09,1603.19,1586.46,1502.9,0.5577
1897-10-16-manchester-city-h,1897-10-16,1586.46,1580.87,1471.1,0.7329
1897-10-23-birmingham-city-a,1897-10-23,1580.87,1567.76,1488.6,0.5463
1897-10-30-walsall-h,1897-10-30,1567.76,1581.28,1437.31,0.7496
1897-11-06-lincoln-city-a,1897-11-06,1581.28,1567.7,1475.2,0.5659
1897-11-13-newcastle-united-h,1897-11-13,1567.7,1552.08,1519.64,0.6507
1897-11-20-leicester-city-a,1897-11-20,1552.08,1551.8,1483.78,0.512
1897-11-27-grimsby-town-h,1897-11-27,1551.8,1560.16,1503.07,0.6515
1897-12-11-walsall-a,1897-12-11,1560.16,1557.56,1423.78,0.6082
1897-12-25-manchester-city-a,1897-12-25,1557.56,1568.84,1476.69,0.53
1897-12-27-gainsborough-trinity-a,1897-12-27,1568.84,1556.61,1502.05,0.5098
1898-01-01-burton-swifts-h,1898-01-01,1556.61,1567.69,1438.44,0.7361
1898-01-08-arsenal-a,1898-01-08,1567.69,1545.84,1493.53,0.5204
1898-01-12-burnley-h,1898-01-12,1545.84,1542.83,1516.86,0.6253
1898-01-15-blackpool-h,1898-01-15,1542.83,1557.33,1491.6,0.6548
1898-01-29-walsall-h,1898-01-29,1557.33,1564.32,1426.38,0.7501
1898-02-12-liverpool-h,1898-02-12,1564.32,1560.14,1517.12,0.6496
1898-02-16-liverpool-a,1898-02-16,1560.14,1546.99,1521.31,0.4696
1898-02-26-arsenal-h,1898-02-26,1546.99,1562.58,1515.38,0.6289
1898-03-07-burnley-a,1898-03-07,1562.58,1545.47,1519.87,0.4751
1898-03-19-darwen-a,1898-03-19,1545.47,1557.33,1481.37,0.5059
1898-03-21-luton-town-a,1898-03-21,1557.33,1558.02,1517.18,0.4715
1898-03-29-loughborough-h,1898-03-29,1558.02,1571.34,1484.89,0.6827
1898-04-02-grimsby-town-a,1898-04-02,1571.34,1585.62,1494.71,0.5239
1898-04-08-gainsborough-trinity-h,1898-04-08,1585.62,1593.29,1514.28,0.6805
1898-04-09-birmingham-city-h,1898-04-09,1593.29,1602.13,1501.71,0.7053
1898-04-16-loughborough-a,1898-04-16,1602.13,1599.73,1471.57,0.6002
1898-04-23-darwen-h,1898-04-23,1599.73,1605.75,1469.51,0.7493
1898-09-03-gainsborough-trinity-a,1898-09-03,1605.75,1619.06,1506.62,0.5561
1898-09-10-manchester-city-h,1898-09-10,1619.06,1627.21,1465.41,0.7738
1898-09-17-glossop-a,1898-09-17,1627.21,1636.91,1500,0.5955
1898-09-24-walsall-h,1898-09-24,1636.91,1640.95,1419.38,0.8317
1898-10-01-burton-swifts-a,1898-10-01,1640.95,1611.23,1427.35,0.7077
1898-10-08-port-vale-h,1898-10-08,1611.23,1617,1471.38,0.7596
1898-10-15-birmingham-city-a,1898-10-15,1617,1595.71,1492.87,0.5913
1898-10-22-loughborough-h,1898-10-22,1595.71,1608.19,1473.97,0.74
1898-11-05-grimsby-town-h,1898-11-05,1608.19,1614.27,1480.43,0.7467
1898-11-12-barnsley-h,1898-11-12,1614.27,1608.71,1500,0.7317
1898-11-19-new-brighton-tower-a,1898-11-19,1608.71,1624.2,1500,0.5696
1898-11-26-lincoln-city-h,1898-11-26,1624.2,1630.09,1488.79,0.7549
1898-12-03-arsenal-a,1898-12-03,1630.09,1604.9,1499.79,0.5998
1898-12-10-blackpool-h,1898-12-10,1604.9,1612.49,1477.1,0.7467
1898-12-17-leicester-city-a,1898-12-17,1612.49,1598.16,1484.06,0.5972
1898-12-24-darwen-h,1898-12-24,1598.16,1615.87,1463.5,0.7541
1898-12-26-manchester-city-a,1898-12-26,1615.87,1589.06,1457.27,0.6382
1898-12-31-gainsborough-trinity-h,1898-12-31,1589.06,1602.97,1493.3,0.7103
1899-01-02-burton-swifts-h,1899-01-02,1602.97,1596.59,1457.08,0.7659
1899-01-14-glossop-h,1899-01-14,1596.59,1606.58,1490.29,0.7226
1899-01-21-walsall-a,1899-01-21,1606.58,1586.16,1415.34,0.6804
1899-01-28-tottenham-hotspur-a,1899-01-28,1586.16,1585.11,1500,0.5376
1899-02-01-tottenham-hotspur-h,1899-02-01,1585.11,1560.75,1501.05,0.6962
1899-02-04-port-vale-a,1899-02-04,1560.75,1547.54,1465.61,0.5504
1899-02-18-loughborough-a,1899-02-18,1547.54,1558.64,1461.49,0.5374
1899-02-25-birmingham-city-h,1899-02-25,1558.64,1569.26,1514.15,0.646
1899-03-04-grimsby-town-a,1899-03-04,1569.26,1549.46,1474.35,0.5501
1899-03-18-new-brighton-tower-h,1899-03-18,1549.46,1533.32,1484.51,0.6724
1899-03-25-lincoln-city-a,1899-03-25,1533.32,1518.73,1482.9,0.4862
1899-04-01-arsenal-h,1899-04-01,1518.73,1516.89,1524.99,0.5767
1899-04-03-blackpool-a,1899-04-03,1516.89,1529.32,1469.5,0.4819
1899-04-04-barnsley-a,1899-04-04,1529.32,1545.88,1505.56,0.448
1899-04-08-luton-town-a,1899-04-08,1545.88,1558.94,1516.5,0.4561
1899-04-12-luton-town-h,1899-04-12,1558.94,1575.24,1503.44,0.6603
1899-04-15-leicester-city-h,1899-04-15,1575.24,1570.75,1498.4,0.6873
1899-04-22-darwen-a,1899-04-22,1570.75,1568.53,1445.79,0.5924
1899-09-02-gainsborough-trinity-h,1899-09-02,1568.53,1563.67,1479.39,0.7023
1899-09-09-bolton-wanderers-a,1899-09-09,1563.67,1551.71,1504.9,0.4982
1899-09-16-loughborough-h,1899-09-16,1551.71,1563.61,1450.39,0.7168
1899-09-23-burton-swifts-a,1899-09-23,1563.61,1562.23,1463.46,0.5575
1899-09-30-sheffield-wednesday-a,1899-09-30,1562.23,1550.81,1519.11,0.4757
1899-10-07-lincoln-city-h,1899-10-07,1550.81,1559.03,1497.49,0.6575
1899-10-14-birmingham-city-a,1899-10-14,1559.03,1547.18,1503.53,0.4935
1899-10-21-new-brighton-tower-h,1899-10-21,1547.18,1555.62,1500.65,0.6487
1899-11-04-arsenal-h,1899-11-04,1555.62,1566.86,1526.83,0.6251
1899-11-11-barnsley-a,1899-11-11,1566.86,1566.25,1489,0.5257
1899-11-25-luton-town-a,1899-11-25,1566.25,1577.59,1487.14,0.5275
1899-12-02-port-vale-h,1899-12-02,1577.59,1587.89,1478.82,0.7138
1899-12-16-middlesbrough-h,1899-12-16,1587.89,1594.18,1468.18,0.7378
1899-12-23-chesterfield-a,1899-12-23,1594.18,1581.01,1500,0.549
1899-12-26-grimsby-town-a,1899-12-26,1581.01,1608.69,1494.15,0.5386
1899-12-30-gainsborough-trinity-a,1899-12-30,1608.69,1618.49,1484.25,0.5917
1900-01-06-bolton-wanderers-h,1900-01-06,1618.49,1601.28,1516.86,0.7172
1900-01-13-loughborough-a,1900-01-13,1601.28,1611.97,1438.5,0.6438
1900-01-20-burton-swifts-h,1900-01-20,1611.97,1621.75,1464.84,0.7672
1900-02-03-sheffield-wednesday-h,1900-02-03,1621.75,1628.83,1530.53,0.7048
1900-02-10-lincoln-city-a,1900-02-10,1628.83,1614.13,1489.27,0.6125
1900-02-17-birmingham-city-h,1900-02-17,1614.13,1621,1515.38,0.7138
1900-02-24-new-brighton-tower-a,1900-02-24,1621,1635.48,1492.21,0.5977
1900-03-03-grimsby-town-h,1900-03-03,1635.48,1640.55,1466.47,0.7889
1900-03-10-arsenal-a,1900-03-10,1640.55,1626.33,1515.58,0.5924
1900-03-17-barnsley-h,1900-03-17,1626.33,1635.1,1489.62,0.7563
1900-03-24-leicester-city-a,1900-03-24,1635.1,1617.03,1502.89,0.6024
1900-03-31-luton-town-h,1900-03-31,1617.03,1628.5,1475.8,0.761
1900-04-07-port-vale-a,1900-04-07,1628.5,1613.14,1468.51,0.64
1900-04-13-leicester-city-h,1900-04-13,1613.14,1620.2,1520.97,0.706
1900-04-14-walsall-h,1900-04-14,1620.2,1629.64,1435.75,0.8033
1900-04-17-walsall-a,1900-04-17,1629.64,1624.95,1426.31,0.6953
1900-04-21-middlesbrough-a,1900-04-21,1624.95,1605.63,1461.89,0.6441
1900-04-28-chesterfield-h,1900-04-28,1605.63,1612.67,1513.18,0.7063
1900-09-01-glossop-a,1900-09-01,1612.67,1598.21,1480.31,0.6027
1900-09-08-middlesbrough-h,1900-09-08,1598.21,1609.35,1481.21,0.7348
1900-09-15-burnley-a,1900-09-15,1609.35,1596.92,1536.97,0.5178
1900-09-22-port-vale-h,1900-09-22,1596.92,1608.25,1483.88,0.7303
1900-09-29-leicester-city-a,1900-09-29,1608.25,1595.07,1513.91,0.5493
1900-10-06-new-brighton-tower-h,1900-10-06,1595.07,1601.42,1477.73,0.7351
1900-10-13-gainsborough-trinity-a,1900-10-13,1601.42,1611.14,1474.45,0.5952
1900-10-20-walsall-h,1900-10-20,1611.14,1603.96,1431,0.7994
1900-10-27-burton-swifts-a,1900-10-27,1603.96,1585.2,1455.06,0.6252
1900-11-10-arsenal-a,1900-11-10,1585.2,1573.36,1529.8,0.4934
1900-11-24-stockport-county-a,1900-11-24,1573.36,1560.9,1500,0.5192
1900-12-01-birmingham-city-h,1900-12-01,1560.9,1545.14,1508.51,0.6563
1900-12-08-grimsby-town-a,1900-12-08,1545.14,1529.12,1461.4,0.5341
1900-12-15-lincoln-city-h,1900-12-15,1529.12,1542.8,1503.97,0.6201
1900-12-22-chesterfield-a,1900-12-22,1542.8,1531.6,1506.13,0.4665
1900-12-26-blackpool-h,1900-12-26,1531.6,1544.85,1457.07,0.6845
1900-12-29-glossop-h,1900-12-29,1544.85,1557.33,1494.77,0.6533
1901-01-01-middlesbrough-a,1901-01-01,1557.33,1568.39,1470.07,0.5392
1901-01-12-burnley-h,1901-01-12,1568.39,1553.71,1549.4,0.6118
1901-01-19-port-vale-a,1901-01-19,1553.71,1537.8,1472.55,0.5304
1901-02-09-burnley-h,1901-02-09,1537.8,1536.44,1564.08,0.5484
1901-02-13-burnley-a,1901-02-13,1536.44,1512.84,1565.44,0.3747
1901-02-16-gainsborough-trinity-h,1901-02-16,1512.84,1509.22,1464.73,0.6507
1901-02-19-new-brighton-tower-a,1901-02-19,1509.22,1495.18,1471.38,0.4682
1901-02-25-walsall-a,1901-02-25,1495.18,1495.28,1438.18,0.4957
1901-03-02-burton-swifts-h,1901-03-02,1495.28,1492.52,1473.81,0.6151
1901-03-13-barnsley-h,1901-03-13,1492.52,1502.08,1480.84,0.6017
1901-03-16-arsenal-h,1901-03-16,1502.08,1513.37,1541.64,0.5294
1901-03-20-leicester-city-h,1901-03-20,1513.37,1499.78,1527.09,0.5662
1901-03-23-blackpool-a,1901-03-23,1499.78,1511.92,1443.82,0.4942
1901-03-30-stockport-county-h,1901-03-30,1511.92,1524.38,1512.46,0.5847
1901-04-05-lincoln-city-a,1901-04-05,1524.38,1510.5,1490.3,0.4628
1901-04-06-birmingham-city-a,1901-04-06,1510.5,1501.01,1524.26,0.3954
1901-04-09-barnsley-a,1901-04-09,1501.01,1481.83,1471.28,0.4565
1901-04-13-grimsby-town-h,1901-04-13,1481.83,1491.63,1477.42,0.5916
1901-04-27-chesterfield-h,1901-04-27,1491.63,1502.45,1517.32,0.5492
1901-09-07-gainsborough-trinity-h,1901-09-07,1502.45,1515.69,1468.35,0.6322
1901-09-14-middlesbrough-a,1901-09-14,1515.69,1491.92,1459.01,0.4952
1901-09-21-bristol-city-h,1901-09-21,1491.92,1502.14,1500,0.5742
1901-09-28-blackpool-a,1901-09-28,1502.14,1516.69,1431.68,0.5151
1901-10-05-stockport-county-h,1901-10-05,1516.69,1514.08,1500,0.6086
1901-10-12-burton-united-a,1901-10-12,1514.08,1515.66,1500,0.4343
1901-10-19-glossop-a,1901-10-19,1515.66,1516.58,1482.29,0.4618
1901-10-26-doncaster-rovers-h,1901-10-26,1516.58,1537.72,1500,0.6085
1901-11-09-west-bromwich-albion-h,1901-11-09,1537.72,1522.39,1498.55,0.639
1901-11-16-arsenal-a,1901-11-16,1522.39,1510.28,1530.34,0.4034
1901-11-23-barnsley-h,1901-11-23,1510.28,1519.57,1490.46,0.6129
1901-11-30-leicester-city-a,1901-11-30,1519.57,1510.33,1540.68,0.3854
1901-12-07-preston-north-end-a,1901-12-07,1510.33,1494.12,1531.13,0.3858
1901-12-21-port-vale-h,1901-12-21,1494.12,1503.88,1488.46,0.5934
1901-12-26-lincoln-city-a,1901-12-26,1503.88,1491.46,1504.18,0.4141
1902-01-01-preston-north-end-h,1902-01-01,1491.46,1476.28,1547.34,0.5059
1902-01-04-gainsborough-trinity-a,1902-01-04,1476.28,1477.62,1455.11,0.4444
1902-01-18-bristol-city-a,1902-01-18,1477.62,1460.92,1489.78,0.3976
1902-01-25-blackpool-h,1902-01-25,1460.92,1445.44,1417.13,0.6451
1902-02-01-stockport-county-a,1902-02-01,1445.44,1437.34,1502.61,0.3375
1902-02-11-burnley-h,1902-02-11,1437.34,1456.21,1589.04,0.371
1902-02-15-glossop-h,1902-02-15,1456.21,1467.01,1481.37,0.55
1902-02-22-doncaster-rovers-a,1902-02-22,1467.01,1450.29,1478.86,0.398
1902-03-01-lincoln-city-h,1902-03-01,1450.29,1450.51,1516.6,0.4909
1902-03-08-west-bromwich-albion-a,1902-03-08,1450.51,1436.67,1513.89,0.3295
1902-03-15-arsenal-h,1902-03-15,1436.67,1426.24,1542.45,0.4345
1902-03-17-chesterfield-a,1902-03-17,1426.24,1415.13,1506.5,0.3084
1902-03-22-barnsley-a,1902-03-22,1415.13,1407.31,1481.17,0.3262
1902-03-28-burnley-a,1902-03-28,1407.31,1402.1,1570.17,0.2171
1902-03-29-leicester-city-h,1902-03-29,1402.1,1420.81,1549.93,0.3762
1902-04-07-middlesbrough-h,1902-04-07,1420.81,1408.88,1482.78,0.4972
1902-04-19-port-vale-a,1902-04-19,1408.88,1413.16,1478.7,0.3214
1902-04-21-burton-united-h,1902-04-21,1413.16,1429.25,1498.42,0.4637
1902-04-23-chesterfield-h,1902-04-23,1429.25,1445.47,1517.61,0.4593
1902-09-06-gainsborough-trinity-a,1902-09-06,1445.47,1459.8,1453.78,0.403
1902-09-13-burton-united-h,1902-09-13,1459.8,1470.51,1482.33,0.5537
1902-09-20-bristol-city-a,1902-09-20,1470.51,1459.55,1506.48,0.3653
1902-09-27-glossop-h,1902-09-27,1459.55,1457.87,1470.57,0.57
1902-10-04-chesterfield-h,1902-10-04,1457.87,1469.31,1501.39,0.5237
1902-10-11-stockport-county-a,1902-10-11,1469.31,1460.71,1510.71,0.3581
1902-10-25-arsenal-a,1902-10-25,1460.71,1477.65,1552.87,0.294
1902-11-08-lincoln-city-a,1902-11-08,1477.65,1496.81,1516.38,0.3616
1902-11-15-birmingham-city-h,1902-11-15,1496.81,1484.01,1533.75,0.5331
1902-11-22-leicester-city-a,1902-11-22,1484.01,1487.6,1531.22,0.3504
1902-12-06-burnley-a,1902-12-06,1487.6,1508.62,1575.38,0.2993
1902-12-20-port-vale-a,1902-12-20,1508.62,1509.51,1474.42,0.4629
1902-12-25-manchester-city-h,1902-12-25,1509.51,1506.62,1484.07,0.6205
1902-12-26-blackpool-h,1902-12-26,1506.62,1502.21,1432.61,0.6838
1902-12-27-barnsley-h,1902-12-27,1502.21,1511.71,1489,0.6038
1903-01-03-gainsborough-trinity-h,1903-01-03,1511.71,1521.26,1439.45,0.6817
1903-01-10-burton-united-a,1903-01-10,1521.26,1506.71,1471.62,0.4851
1903-01-17-bristol-city-h,1903-01-17,1506.71,1493.02,1517.44,0.5704
1903-01-24-glossop-a,1903-01-24,1493.02,1509.71,1472.25,0.4438
1903-01-31-chesterfield-a,1903-01-31,1509.71,1496.44,1489.96,0.4423
1903-02-07-liverpool-h,1903-02-07,1496.44,1509.55,1534.46,0.5316
1903-02-14-blackpool-a,1903-02-14,1509.55,1494.01,1437.02,0.518
1903-02-21-everton-a,1903-02-21,1494.01,1482.19,1550.89,0.3379
1903-02-28-doncaster-rovers-a,1903-02-28,1482.19,1484.69,1495.57,0.3959
1903-03-07-lincoln-city-h,1903-03-07,1484.69,1471.06,1497.23,0.5679
1903-03-09-arsenal-h,1903-03-09,1471.06,1489.31,1535.93,0.493
1903-03-21-leicester-city-h,1903-03-21,1489.31,1509,1527.63,0.5312
1903-03-23-stockport-county-h,1903-03-23,1509,1507.3,1519.3,0.571
1903-03-30-preston-north-end-h,1903-03-30,1507.3,1495.13,1562.51,0.5069
1903-04-04-burnley-h,1903-04-04,1495.13,1516.08,1554.36,0.5011
1903-04-10-manchester-city-a,1903-04-10,1516.08,1532.41,1486.96,0.4557
1903-04-11-preston-north-end-a,1903-04-11,1532.41,1521.71,1574.68,0.3569
1903-04-13-doncaster-rovers-h,1903-04-13,1521.71,1537.46,1493.08,0.6248
1903-04-18-port-vale-h,1903-04-18,1537.46,1545.35,1473.53,0.6712
1903-04-20-birmingham-city-a,1903-04-20,1545.35,1535.45,1546.55,0.4128
1903-04-25-barnsley-a,1903-04-25,1535.45,1535.59,1479.49,0.4942
1903-09-05-bristol-city-h,1903-09-05,1535.59,1533.38,1531.13,0.5917
1903-09-07-burnley-a,1903-09-07,1533.38,1520.95,1533.4,0.4145
1903-09-12-port-vale-a,1903-09-12,1520.95,1509.11,1465.63,0.4933
1903-09-19-glossop-a,1903-09-19,1509.11,1533.56,1455.56,0.4907
1903-09-26-bradford-city-h,1903-09-26,1533.56,1544.61,1500,0.6315
1903-10-03-arsenal-a,1903-10-03,1544.61,1525.61,1517.68,0.4526
1903-10-10-barnsley-h,1903-10-10,1525.61,1540.38,1479.35,0.6483
1903-10-17-lincoln-city-a,1903-10-17,1540.38,1541.43,1510.86,0.4562
1903-10-24-stockport-county-h,1903-10-24,1541.43,1553.02,1521.01,0.6137
1903-11-07-bolton-wanderers-h,1903-11-07,1553.02,1550.33,1534.07,0.6117
1903-11-21-preston-north-end-h,1903-11-21,1550.33,1534.26,1585.39,0.5358
1903-12-19-gainsborough-trinity-h,1903-12-19,1534.26,1542.65,1429.9,0.7203
1903-12-25-chesterfield-h,1903-12-25,1542.65,1553.47,1503.23,0.6393
1903-12-26-burton-united-a,1903-12-26,1553.47,1553.22,1486.18,0.5105
1904-01-02-bristol-city-a,1904-01-02,1553.22,1554.6,1533.33,0.4425
1904-01-09-port-vale-h,1904-01-09,1554.6,1563.97,1477.47,0.6877
1904-01-16-glossop-h,1904-01-16,1563.97,1571.4,1431.12,0.7522
1904-01-23-bradford-city-a,1904-01-23,1571.4,1570.63,1488.94,0.5323
1904-01-30-arsenal-h,1904-01-30,1570.63,1579.46,1536.69,0.632
1904-02-06-notts-county-a,1904-02-06,1579.46,1579.26,1514.52,0.5071
1904-02-10-notts-county-h,1904-02-10,1579.26,1588.45,1514.72,0.6719
1904-02-13-lincoln-city-h,1904-02-13,1588.45,1597.76,1509.81,0.6896
1904-02-20-sheffield-wednesday-a,1904-02-20,1597.76,1564.96,1523.45,0.5206
1904-03-09-blackpool-a,1904-03-09,1564.96,1551.17,1452.56,0.5748
1904-03-12-burnley-h,1904-03-12,1551.17,1563.38,1545.84,0.5929
1904-03-19-preston-north-end-a,1904-03-19,1563.38,1566.68,1601.46,0.3625
1904-03-26-grimsby-town-h,1904-03-26,1566.68,1575.26,1467.62,0.7141
1904-03-28-stockport-county-a,1904-03-28,1575.26,1592.95,1509.42,0.5084
1904-04-01-chesterfield-a,1904-04-01,1592.95,1606.21,1492.41,0.5581
1904-04-02-leicester-city-a,1904-04-02,1606.21,1616.89,1507.94,0.5549
1904-04-05-barnsley-a,1904-04-05,1616.89,1628,1464.58,0.6298
1904-04-09-blackpool-h,1904-04-09,1628,1634.55,1466.36,0.7817
1904-04-12-grimsby-town-a,1904-04-12,1634.55,1614.74,1459.05,0.6604
1904-04-16-gainsborough-trinity-a,1904-04-16,1614.74,1622.35,1421.51,0.6829
1904-04-23-burton-united-h,1904-04-23,1622.35,1629.68,1486.43,0.7554
1904-04-25-bolton-wanderers-a,1904-04-25,1629.68,1628.55,1536.75,0.5473
1904-04-30-leicester-city-h,1904-04-30,1628.55,1637.53,1497.25,0.7505
1904-09-03-port-vale-a,1904-09-03,1637.53,1633.87,1468.1,0.6525
1904-09-10-bristol-city-h,1904-09-10,1633.87,1644.04,1531.95,0.7175
1904-09-17-bolton-wanderers-h,1904-09-17,1644.04,1626.71,1537.88,0.7224
1904-09-24-glossop-a,1904-09-24,1626.71,1634.03,1423.68,0.6949
1904-10-08-bradford-city-a,1904-10-08,1634.03,1631.17,1489.72,0.619
1904-10-15-lincoln-city-h,1904-10-15,1631.17,1638.68,1500.5,0.7498
1904-10-22-leicester-city-a,1904-10-22,1638.68,1652.1,1488.27,0.6272
1904-10-29-barnsley-h,1904-10-29,1652.1,1659.83,1453.47,0.8159
1904-11-05-west-bromwich-albion-a,1904-11-05,1659.83,1671.76,1527.73,0.6023
1904-11-12-burnley-h,1904-11-12,1671.76,1677.57,1533.63,0.7578
1904-11-19-grimsby-town-a,1904-11-19,1677.57,1685.02,1478.86,0.6897
1904-12-03-doncaster-rovers-a,1904-12-03,1685.02,1692.21,1477.32,0.7006
1904-12-10-gainsborough-trinity-h,1904-12-10,1692.21,1695.95,1413.89,0.8752
1904-12-17-burton-united-a,1904-12-17,1695.95,1702.87,1479.09,0.7116
1904-12-24-liverpool-h,1904-12-24,1702.87,1708.85,1521.34,0.8007
1904-12-26-chesterfield-h,1904-12-26,1708.85,1714.57,1479.15,0.8413
1904-12-31-port-vale-h,1904-12-31,1714.57,1721.72,1471.76,0.8511
1905-01-02-bradford-city-h,1905-01-02,1721.72,1731.27,1492.57,0.8408
1905-01-03-bolton-wanderers-a,1905-01-03,1731.27,1741.44,1555.22,0.6611
1905-01-07-bristol-city-a,1905-01-07,1741.44,1736.28,1521.78,0.7148
1905-01-21-glossop-h,1905-01-21,1736.28,1739.91,1416.36,0.8991
1905-02-11-lincoln-city-a,1905-02-11,1739.91,1713.07,1492.99,0.7457
1905-02-18-leicester-city-h,1905-02-18,1713.07,1718.55,1474.85,0.8477
1905-02-25-barnsley-a,1905-02-25,1718.55,1712,1445.74,0.7729
1905-03-04-west-bromwich-albion-h,1905-03-04,1712,1717.58,1515.8,0.8138
1905-03-11-burnley-a,1905-03-11,1717.58,1697.23,1527.81,0.6785
1905-03-18-grimsby-town-h,1905-03-18,1697.23,1701.11,1471.41,0.8383
1905-03-25-blackpool-a,1905-03-25,1701.11,1707.36,1459.81,0.7396
1905-04-01-doncaster-rovers-h,1905-04-01,1707.36,1715.63,1470.14,0.847
1905-04-08-gainsborough-trinity-a,1905-04-08,1715.63,1708.32,1410.15,0.8042
1905-04-15-burton-united-h,1905-04-15,1708.32,1715.71,1472.17,0.8462
1905-04-21-chesterfield-a,1905-04-21,1715.71,1693.49,1473.43,0.7406
1905-04-22-liverpool-a,1905-04-22,1693.49,1665.61,1515.36,0.6637
1905-04-24-blackpool-h,1905-04-24,1665.61,1670.79,1453.56,0.8272
1905-09-02-bristol-city-h,1905-09-02,1670.79,1680.72,1526.94,0.7638
1905-09-04-blackpool-h,1905-09-04,1680.72,1684.48,1448.38,0.8433
1905-09-09-grimsby-town-a,1905-09-09,1684.48,1691.4,1467.53,0.7117
1905-09-16-glossop-a,1905-09-16,1691.4,1696.71,1412.73,0.7788
1905-09-23-stockport-county-h,1905-09-23,1696.71,1702.07,1491.72,0.8213
1905-09-30-blackpool-a,1905-09-30,1702.07,1707.9,1444.62,0.7571
1905-10-07-bradford-city-h,1905-10-07,1707.9,1699.8,1483.02,0.8375
1905-10-14-west-bromwich-albion-a,1905-10-14,1699.8,1683.52,1510.21,0.6783
1905-10-21-leicester-city-h,1905-10-21,1683.52,1687.62,1469.37,0.8289
1905-10-25-gainsborough-trinity-a,1905-10-25,1687.62,1681.14,1417.45,0.7703
1905-10-28-hull-city-a,1905-10-28,1681.14,1689.11,1500,0.6676
1905-11-04-lincoln-city-h,1905-11-04,1689.11,1694.17,1519.84,0.7892
1905-11-11-chesterfield-a,1905-11-11,1694.17,1677.63,1495.65,0.6894
1905-11-18-port-vale-h,1905-11-18,1677.63,1683.82,1464.61,0.828
1905-11-25-barnsley-a,1905-11-25,1683.82,1693.59,1452.29,0.7286
1905-12-02-leyton-orient-h,1905-12-02,1693.59,1701.51,1500,0.8115
1905-12-09-burnley-a,1905-12-09,1701.51,1712.57,1548.17,0.6312
1905-12-23-burton-united-a,1905-12-23,1712.57,1720.17,1464.78,0.7467
1905-12-25-chelsea-h,1905-12-25,1720.17,1712.16,1500,0.8338
1905-12-30-bristol-city-a,1905-12-30,1712.16,1707.72,1517.02,0.6852
1906-01-06-grimsby-town-h,1906-01-06,1707.72,1714.71,1460.61,0.8542
1906-01-13-staple-hill-h,1906-01-13,1714.71,1724.27,1500,0.8294
1906-01-15-leeds-city-h,1906-01-15,1724.27,1694.13,1500,0.837
1906-01-20-glossop-h,1906-01-20,1694.13,1698.44,1407.42,0.8804
1906-01-27-stockport-county-a,1906-01-27,1698.44,1705.5,1486.36,0.7059
1906-02-03-norwich-city-h,1906-02-03,1705.5,1712.99,1500,0.8218
1906-02-10-bradford-city-a,1906-02-10,1712.99,1724.85,1491.13,0.7174
1906-02-17-west-bromwich-albion-h,1906-02-17,1724.85,1717.28,1526.49,0.8157
1906-02-24-aston-villa-h,1906-02-24,1717.28,1726.12,1514.31,0.8196
1906-03-03-hull-city-h,1906-03-03,1726.12,1733.58,1492.02,0.8446
1906-03-10-arsenal-h,1906-03-10,1733.58,1710.56,1527.85,0.822
1906-03-17-chesterfield-h,1906-03-17,1710.56,1717.2,1512.2,0.8157
1906-03-24-port-vale-a,1906-03-24,1717.2,1698.99,1458.42,0.7585
1906-03-29-leicester-city-a,1906-03-29,1698.99,1708.68,1465.26,0.7311
1906-03-31-barnsley-h,1906-03-31,1708.68,1714.25,1442.52,0.8673
1906-04-07-leyton-orient-a,1906-04-07,1714.25,1721.02,1492.08,0.7178
1906-04-13-chelsea-a,1906-04-13,1721.02,1716.05,1508.01,0.707
1906-04-14-burnley-h,1906-04-14,1716.05,1720.89,1537.1,0.7983
1906-04-16-gainsborough-trinity-h,1906-04-16,1720.89,1724.3,1423.94,0.8864
1906-04-21-leeds-city-a,1906-04-21,1724.3,1733.78,1530.13,0.684
1906-04-25-lincoln-city-a,1906-04-25,1733.78,1740.64,1514.78,0.7141
1906-04-28-burton-united-h,1906-04-28,1740.64,1747.21,1457.19,0.8784
1906-09-01-bristol-city-a,1906-09-01,1747.21,1753.88,1521.46,0.7219
1906-09-03-derby-county-a,1906-09-03,1753.88,1749.21,1550.92,0.6949
1906-09-08-notts-county-h,1906-09-08,1749.21,1740.77,1505.53,0.8517
1906-09-15-sheffield-united-a,1906-09-15,1740.77,1749.25,1519.09,0.7172
1906-09-22-bolton-wanderers-h,1906-09-22,1749.25,1729.55,1545.05,0.8207
1906-09-29-derby-county-h,1906-09-29,1729.55,1722.51,1555.6,0.7936
1906-10-06-stoke-city-a,1906-10-06,1722.51,1729.84,1519.81,0.6945
1906-10-13-blackburn-rovers-h,1906-10-13,1729.84,1721.85,1511,0.8327
1906-10-20-sunderland-a,1906-10-20,1721.85,1699.05,1566.74,0.6336
1906-10-27-birmingham-city-h,1906-10-27,1699.05,1704.75,1556.45,0.7625
1906-11-03-everton-a,1906-11-03,1704.75,1682.57,1562.72,0.6159
1906-11-10-arsenal-h,1906-11-10,1682.57,1688.55,1550.87,0.7509
1906-11-17-sheffield-wednesday-a,1906-11-17,1688.55,1666.86,1556.24,0.6026
1906-11-24-bury-h,1906-11-24,1666.86,1643.68,1514.32,0.7727
1906-12-01-manchester-city-a,1906-12-01,1643.68,1620.02,1470.63,0.6572
1906-12-08-middlesbrough-h,1906-12-08,1620.02,1627.7,1494.71,0.744
1906-12-15-preston-north-end-a,1906-12-15,1627.7,1614.01,1598.16,0.4563
1906-12-22-newcastle-united-h,1906-12-22,1614.01,1593.32,1535.25,0.6897
1906-12-25-liverpool-h,1906-12-25,1593.32,1589.64,1543.24,0.6533
1906-12-26-aston-villa-a,1906-12-26,1589.64,1573.6,1505.47,0.5347
1906-12-29-bristol-city-h,1906-12-29,1573.6,1569.65,1514.79,0.6646
1907-01-01-aston-villa-h,1907-01-01,1569.65,1578.03,1521.51,0.6508
1907-01-05-notts-county-a,1907-01-05,1578.03,1559.82,1513.97,0.5058
1907-01-12-portsmouth-a,1907-01-12,1559.82,1559.83,1500,0.4997
1907-01-16-portsmouth-h,1907-01-16,1559.83,1541.18,1499.99,0.6659
1907-01-19-sheffield-united-h,1907-01-19,1541.18,1552.36,1510.6,0.6275
1907-01-26-bolton-wanderers-a,1907-01-26,1552.36,1566.82,1564.75,0.3973
1907-02-02-newcastle-united-a,1907-02-02,1566.82,1546.19,1555.94,0.4298
1907-02-09-stoke-city-h,1907-02-09,1546.19,1559.45,1512.48,0.6317
1907-02-16-blackburn-rovers-a,1907-02-16,1559.45,1575.29,1518.99,0.4719
1907-02-23-preston-north-end-h,1907-02-23,1575.29,1592.08,1611.85,0.5337
1907-03-02-birmingham-city-a,1907-03-02,1592.08,1592.73,1550.75,0.4732
1907-03-16-arsenal-a,1907-03-16,1592.73,1572.46,1544.89,0.4825
1907-03-25-sunderland-h,1907-03-25,1572.46,1585.62,1589.55,0.5614
1907-03-30-bury-a,1907-03-30,1585.62,1598.03,1537.5,0.4829
1907-04-01-liverpool-a,1907-04-01,1598.03,1610.33,1546.92,0.4872
1907-04-06-manchester-city-h,1907-04-06,1610.33,1604.73,1494.29,0.7337
1907-04-10-sheffield-wednesday-h,1907-04-10,1604.73,1622.85,1577.94,0.6224
1907-04-13-middlesbrough-a,1907-04-13,1622.85,1604.63,1487.03,0.6074
1907-04-22-everton-h,1907-04-22,1604.63,1618.57,1584.89,0.6128
1907-09-02-aston-villa-a,1907-09-02,1618.57,1634.23,1513.13,0.565
1907-09-07-liverpool-h,1907-09-07,1634.23,1646.21,1534.61,0.7148
1907-09-09-middlesbrough-h,1907-09-09,1646.21,1651.95,1505.25,0.7607
1907-09-14-middlesbrough-a,1907-09-14,1651.95,1636.83,1499.51,0.63
1907-09-21-sheffield-united-h,1907-09-21,1636.83,1642.66,1499.43,0.757
1907-09-28-chelsea-a,1907-09-28,1642.66,1657.1,1512.98,0.599
1907-10-05-nottingham-forest-h,1907-10-05,1657.1,1667.14,1516.02,0.7609
1907-10-12-newcastle-united-a,1907-10-12,1667.14,1689.04,1576.57,0.5439
1907-10-19-blackburn-rovers-a,1907-10-19,1689.04,1702.74,1503.15,0.6736
1907-10-26-bolton-wanderers-h,1907-10-26,1702.74,1708.2,1550.28,0.7726
1907-11-02-birmingham-city-a,1907-11-02,1708.2,1716.9,1550.11,0.6375
1907-11-09-everton-h,1907-11-09,1716.9,1722.52,1570.95,0.7659
1907-11-16-sunderland-a,1907-11-16,1722.52,1731.6,1576.39,0.6215
1907-11-23-arsenal-h,1907-11-23,1731.6,1738.01,1565.16,0.7864
1907-11-30-sheffield-wednesday-a,1907-11-30,1738.01,1718.1,1559.81,0.6638
1907-12-07-bristol-city-h,1907-12-07,1718.1,1722.5,1518.74,0.8165
1907-12-14-notts-county-a,1907-12-14,1722.5,1718.2,1532.18,0.6792
1907-12-21-manchester-city-h,1907-12-21,1718.2,1723.23,1499.9,0.8323
1907-12-25-bury-h,1907-12-25,1723.23,1727.66,1525.09,0.8155
1907-12-28-preston-north-end-a,1907-12-28,1727.66,1725.19,1595.06,0.603
1908-01-01-bury-a,1908-01-01,1725.19,1732.46,1520.66,0.6968
1908-01-11-blackpool-h,1908-01-11,1732.46,1736.5,1438.79,0.8845
1908-01-18-sheffield-united-a,1908-01-18,1736.5,1714.27,1493.6,0.7413
1908-01-25-chelsea-h,1908-01-25,1714.27,1718.34,1498.54,0.8302
1908-02-01-chelsea-h,1908-02-01,1718.34,1722.91,1494.47,0.8367
1908-02-08-newcastle-united-h,1908-02-08,1722.91,1716,1554.68,0.7881
1908-02-15-blackburn-rovers-h,1908-02-15,1716,1695.86,1489.44,0.8388
1908-02-22-aston-villa-a,1908-02-22,1695.86,1706.74,1497.47,0.6893
1908-02-29-birmingham-city-h,1908-02-29,1706.74,1711.89,1541.41,0.7853
1908-03-07-fulham-a,1908-03-07,1711.89,1692.13,1500,0.7057
1908-03-14-sunderland-h,1908-03-14,1692.13,1701.37,1567.31,0.7434
1908-03-21-arsenal-a,1908-03-21,1701.37,1686.57,1558.75,0.6167
1908-03-25-liverpool-a,1908-03-25,1686.57,1663.34,1522.63,0.6453
1908-03-28-sheffield-wednesday-h,1908-03-28,1663.34,1674.29,1579.72,0.6957
1908-04-04-bristol-city-a,1908-04-04,1674.29,1670.93,1514.34,0.64
1908-04-08-everton-a,1908-04-08,1670.93,1683.98,1565.33,0.5652
1908-04-11-notts-county-h,1908-04-11,1683.98,1665.56,1536.48,0.7675
1908-04-17-nottingham-forest-a,1908-04-17,1665.56,1646.37,1505.98,0.6395
1908-04-18-manchester-city-a,1908-04-18,1646.37,1643.28,1494.87,0.6287
1908-04-20-aston-villa-h,1908-04-20,1643.28,1624.64,1486.6,0.7768
1908-04-22-bolton-wanderers-a,1908-04-22,1624.64,1623.95,1544.83,0.5285
1908-04-25-preston-north-end-h,1908-04-25,1623.95,1633.03,1597.53,0.6219
1908-04-27-queens-park-rangers-n,1908-04-27,1633.03,1629.38,1500,0.6826
1908-08-29-queens-park-rangers-n,1908-08-29,1629.38,1640.81,1503.65,0.6734
1908-09-05-preston-north-end-a,1908-09-05,1640.81,1659.2,1588.46,0.489
1908-09-07-bury-h,1908-09-07,1659.2,1664.82,1513.38,0.7658
1908-09-12-middlesbrough-h,1908-09-12,1664.82,1673.09,1514.63,0.7703
1908-09-19-manchester-city-a,1908-09-19,1673.09,1681.26,1497.96,0.6599
1908-09-26-liverpool-h,1908-09-26,1681.26,1687.14,1545.86,0.7549
1908-10-03-bury-a,1908-10-03,1687.14,1683.17,1507.76,0.6653
1908-10-10-sheffield-united-h,1908-10-10,1683.17,1688.28,1515.84,0.7873
1908-10-17-aston-villa-a,1908-10-17,1688.28,1668.18,1505.24,0.67
1908-10-24-nottingham-forest-h,1908-10-24,1668.18,1661.87,1525.16,0.7629
1908-10-31-sunderland-a,1908-10-31,1661.87,1634.86,1558.07,0.5627
1908-11-07-chelsea-h,1908-11-07,1634.86,1616.5,1489.9,0.7649
1908-11-14-blackburn-rovers-a,1908-11-14,1616.5,1629.49,1509.57,0.5671
1908-11-21-bradford-city-h,1908-11-21,1629.49,1636.38,1479.26,0.7703
1908-11-28-sheffield-wednesday-h,1908-11-28,1636.38,1646.1,1568.77,0.6758
1908-12-05-everton-a,1908-12-05,1646.1,1632.94,1552.29,0.5485
1908-12-12-leicester-city-h,1908-12-12,1632.94,1639.03,1455.58,0.7968
1908-12-19-arsenal-a,1908-12-19,1639.03,1650.84,1573.55,0.5079
1908-12-25-newcastle-united-a,1908-12-25,1650.84,1637.84,1561.59,0.542
1908-12-26-newcastle-united-h,1908-12-26,1637.84,1645.75,1574.6,0.6703
1909-01-01-notts-county-h,1909-01-01,1645.75,1652.84,1554.91,0.7044
1909-01-02-preston-north-end-h,1909-01-02,1652.84,1632.01,1570.06,0.6946
1909-01-09-middlesbrough-a,1909-01-09,1632.01,1603.52,1506.36,0.5934
1909-01-16-brighton-and-hove-albion-h,1909-01-16,1603.52,1611.38,1500,0.7194
1909-01-23-manchester-city-h,1909-01-23,1611.38,1619.19,1489.8,0.7399
1909-01-30-liverpool-a,1909-01-30,1619.19,1603.36,1539.98,0.5276
1909-02-06-everton-h,1909-02-06,1603.36,1613.51,1565.46,0.6373
1909-02-13-sheffield-united-a,1909-02-13,1613.51,1612.04,1510.73,0.5613
1909-02-20-blackburn-rovers-h,1909-02-20,1612.04,1626.99,1496.59,0.733
1909-02-27-nottingham-forest-a,1909-02-27,1626.99,1610.47,1531.47,0.5509
1909-03-10-burnley-a,1909-03-10,1610.47,1623.73,1532.26,0.5262
1909-03-13-chelsea-a,1909-03-13,1623.73,1621.83,1508.25,0.5792
1909-03-15-sunderland-h,1909-03-15,1621.83,1618.57,1585.08,0.6357
1909-03-20-blackburn-rovers-h,1909-03-20,1618.57,1591.34,1481.63,0.7565
1909-03-27-newcastle-united-n,1909-03-27,1591.34,1604.35,1566.69,0.5354
1909-03-31-aston-villa-h,1909-03-31,1604.35,1583.65,1525.34,0.69
1909-04-03-sheffield-wednesday-a,1909-04-03,1583.65,1570.17,1559.04,0.4492
1909-04-09-bristol-city-h,1909-04-09,1570.17,1554.42,1517.7,0.6564
1909-04-10-everton-h,1909-04-10,1554.42,1552.39,1555.3,0.5843
1909-04-12-bristol-city-a,1909-04-12,1552.39,1553.81,1533.45,0.4412
1909-04-13-notts-county-a,1909-04-13,1553.81,1567.66,1547.81,0.4229
1909-04-17-leicester-city-a,1909-04-17,1567.66,1553.67,1449.48,0.5829
1909-04-24-bristol-city-n,1909-04-24,1553.67,1566.8,1532.04,0.5311
1909-04-27-arsenal-h,1909-04-27,1566.8,1545.46,1561.74,0.5925
1909-04-29-bradford-city-a,1909-04-29,1545.46,1533.01,1472.37,0.5188
1909-09-01-bradford-city-h,1909-09-01,1533.01,1541.39,1484.82,0.6509
1909-09-04-bury-h,1909-09-04,1541.39,1552.6,1511.73,0.6262
1909-09-06-notts-county-h,1909-09-06,1552.6,1561.93,1533.96,0.6113
1909-09-11-tottenham-hotspur-a,1909-09-11,1561.93,1562.74,1525.42,0.4663
1909-09-18-preston-north-end-h,1909-09-18,1562.74,1561.65,1590.9,0.5457
1909-09-25-notts-county-a,1909-09-25,1561.65,1550.44,1524.63,0.467
1909-10-02-newcastle-united-h,1909-10-02,1550.44,1548.5,1553.68,0.581
1909-10-09-liverpool-a,1909-10-09,1548.5,1538.79,1555.81,0.4043
1909-10-16-aston-villa-h,1909-10-16,1538.79,1551.53,1546.04,0.5753
1909-10-23-sheffield-united-a,1909-10-23,1551.53,1564.24,1512.2,0.4703
1909-10-30-arsenal-h,1909-10-30,1564.24,1574.83,1583.07,0.559
1909-11-06-bolton-wanderers-a,1909-11-06,1574.83,1587.89,1545.51,0.456
1909-11-13-chelsea-h,1909-11-13,1587.89,1597.23,1510.15,0.6884
1909-11-20-blackburn-rovers-a,1909-11-20,1597.23,1584.26,1508.87,0.5407
1909-11-27-nottingham-forest-h,1909-11-27,1584.26,1557.58,1548,0.6351
1909-12-04-sunderland-a,1909-12-04,1557.58,1544.18,1588.34,0.3723
1909-12-18-middlesbrough-a,1909-12-18,1544.18,1557.92,1534.84,0.4276
1909-12-25-sheffield-wednesday-h,1909-12-25,1557.92,1537.58,1572.52,0.565
1909-12-27-sheffield-wednesday-a,1909-12-27,1537.58,1525.34,1592.86,0.3399
1910-01-01-bradford-city-a,1910-01-01,1525.34,1540.82,1476.44,0.484
1910-01-08-bury-a,1910-01-08,1540.82,1541.5,1500.52,0.4717
1910-01-15-burnley-a,1910-01-15,1541.5,1525.88,1519,0.4462
1910-01-22-tottenham-hotspur-h,1910-01-22,1525.88,1545.69,1524.61,0.5873
1910-02-05-preston-north-end-a,1910-02-05,1545.69,1537.25,1592,0.3516
1910-02-12-newcastle-united-a,1910-02-12,1537.25,1551.92,1555.62,0.3891
1910-02-19-liverpool-h,1910-02-19,1551.92,1538.32,1565.51,0.5664
1910-02-26-aston-villa-a,1910-02-26,1538.32,1515.56,1533.3,0.4215
1910-03-05-sheffield-united-h,1910-03-05,1515.56,1524.97,1499.49,0.6078
1910-03-12-arsenal-a,1910-03-12,1524.97,1528.57,1572.49,0.35
1910-03-19-bolton-wanderers-h,1910-03-19,1528.57,1548.73,1532.45,0.5801
1910-03-25-bristol-city-h,1910-03-25,1548.73,1557.69,1518.91,0.6265
1910-03-26-chelsea-a,1910-03-26,1557.69,1557.8,1500.81,0.4955
1910-03-28-bristol-city-a,1910-03-28,1557.8,1546.22,1509.94,0.4825
1910-04-02-blackburn-rovers-h,1910-04-02,1546.22,1557.65,1521.85,0.6191
1910-04-06-everton-h,1910-04-06,1557.65,1567.59,1557.32,0.586
1910-04-09-nottingham-forest-a,1910-04-09,1567.59,1555.45,1574.68,0.4046
1910-04-16-sunderland-h,1910-04-16,1555.45,1569.85,1601.74,0.5197
1910-04-23-everton-a,1910-04-23,1569.85,1571.15,1547.39,0.4462
1910-04-30-middlesbrough-h,1910-04-30,1571.15,1583.63,1521.1,0.6533
1910-09-01-arsenal-a,1910-09-01,1583.63,1597.18,1568.89,0.4352
1910-09-03-blackburn-rovers-h,1910-09-03,1597.18,1604.4,1510.42,0.6995
1910-09-10-nottingham-forest-a,1910-09-10,1604.4,1593.85,1586.81,0.4393
1910-09-17-manchester-city-h,1910-09-17,1593.85,1600.36,1481.99,0.729
1910-09-24-everton-a,1910-09-24,1600.36,1612.56,1546.09,0.4917
1910-10-01-sheffield-wednesday-h,1910-10-01,1612.56,1622.26,1605.1,0.5959
1910-10-08-bristol-city-a,1910-10-08,1622.26,1632.85,1521.53,0.5583
1910-10-15-newcastle-united-h,1910-10-15,1632.85,1641.69,1540.96,0.7057
1910-10-22-tottenham-hotspur-a,1910-10-22,1641.69,1639.07,1504.8,0.6089
1910-10-29-middlesbrough-h,1910-10-29,1639.07,1621.08,1508.62,0.7496
1910-11-05-preston-north-end-a,1910-11-05,1621.08,1637.77,1600.44,0.4436
1910-11-12-notts-county-h,1910-11-12,1637.77,1632.55,1535.84,0.7175
1910-11-19-oldham-athletic-a,1910-11-19,1632.55,1644.47,1500,0.6029
1910-11-26-liverpool-a,1910-11-26,1644.47,1632.28,1579.11,0.5077
1910-12-03-bury-h,1910-12-03,1632.28,1638.24,1499.84,0.7517
1910-12-10-sheffield-united-a,1910-12-10,1638.24,1619.51,1490.07,0.6242
1910-12-17-aston-villa-h,1910-12-17,1619.51,1629.4,1556.06,0.6705
1910-12-24-sunderland-a,1910-12-24,1629.4,1642.02,1587.33,0.4742
1910-12-26-arsenal-h,1910-12-26,1642.02,1656.45,1555.33,0.6994
1910-12-27-bradford-city-a,1910-12-27,1656.45,1639.99,1460.96,0.6857
1910-12-31-blackburn-rovers-a,1910-12-31,1639.99,1625.38,1503.21,0.6087
1911-01-02-bradford-city-h,1911-01-02,1625.38,1630.95,1477.42,0.768
1911-01-07-nottingham-forest-h,1911-01-07,1630.95,1642,1597.36,0.6315
1911-01-14-blackpool-h,1911-01-14,1642,1646.95,1434.74,0.8232
1911-01-21-manchester-city-a,1911-01-21,1646.95,1643.23,1475.49,0.6551
1911-01-28-everton-h,1911-01-28,1643.23,1637.8,1533.9,0.7261
1911-02-04-aston-villa-h,1911-02-04,1637.8,1646.05,1546.18,0.7053
1911-02-11-bristol-city-h,1911-02-11,1646.05,1653.42,1510.93,0.7546
1911-02-18-newcastle-united-a,1911-02-18,1653.42,1663.32,1532.13,0.5873
1911-02-25-west-ham-united-a,1911-02-25,1663.32,1645.28,1500,0.6445
1911-03-04-middlesbrough-a,1911-03-04,1645.28,1643.27,1526.61,0.5836
1911-03-11-preston-north-end-h,1911-03-11,1643.27,1659.32,1583.75,0.6655
1911-03-15-tottenham-hotspur-h,1911-03-15,1659.32,1664.79,1507.41,0.772
1911-03-18-notts-county-a,1911-03-18,1664.79,1650.62,1541.06,0.5907
1911-03-25-oldham-athletic-h,1911-03-25,1650.62,1643.83,1488.09,0.7826
1911-04-01-liverpool-h,1911-04-01,1643.83,1654.14,1591.29,0.6565
1911-04-08-bury-a,1911-04-08,1654.14,1667.08,1493.88,0.6404
1911-04-15-sheffield-united-h,1911-04-15,1667.08,1660.4,1508.8,0.7784
1911-04-17-sheffield-wednesday-a,1911-04-17,1660.4,1660.23,1595.4,0.5072
1911-04-22-aston-villa-a,1911-04-22,1660.23,1642.57,1537.93,0.5887
1911-04-29-sunderland-h,1911-04-29,1642.57,1656.17,1574.71,0.6761
1911-09-02-manchester-city-a,1911-09-02,1656.17,1652.28,1479.21,0.6622
1911-09-09-everton-h,1911-09-09,1652.28,1658.75,1539.32,0.7302
1911-09-16-west-bromwich-albion-a,1911-09-16,1658.75,1644.54,1534.06,0.592
1911-09-23-sunderland-h,1911-09-23,1644.54,1639.85,1561.11,0.6954
1911-09-25-swindon-town-n,1911-09-25,1639.85,1650.67,1500,0.6911
1911-09-30-blackburn-rovers-a,1911-09-30,1650.67,1648.19,1517.82,0.6033
1911-10-07-sheffield-wednesday-h,1911-10-07,1648.19,1658.49,1595.57,0.6566
1911-10-14-bury-a,1911-10-14,1658.49,1666.58,1480.93,0.663
1911-10-21-middlesbrough-h,1911-10-21,1666.58,1648.39,1528.62,0.7576
1911-10-28-notts-county-a,1911-10-28,1648.39,1659.25,1555.24,0.5476
1911-11-04-tottenham-hotspur-h,1911-11-04,1659.25,1640.59,1501.94,0.7775
1911-11-11-preston-north-end-h,1911-11-11,1640.59,1636.21,1567.69,0.6824
1911-11-18-liverpool-a,1911-11-18,1636.21,1624.38,1580.99,0.4931
1911-11-25-aston-villa-h,1911-11-25,1624.38,1634.06,1555.59,0.6773
1911-12-02-newcastle-united-a,1911-12-02,1634.06,1644.28,1522.23,0.574
1911-12-09-sheffield-united-h,1911-12-09,1644.28,1650.34,1515.48,0.7478
1911-12-16-oldham-athletic-a,1911-12-16,1650.34,1647.12,1494.87,0.634
1911-12-23-bolton-wanderers-h,1911-12-23,1647.12,1654.49,1512.3,0.7543
1911-12-25-bradford-city-h,1911-12-25,1654.49,1635.25,1471.85,0.8017
1911-12-26-bradford-city-a,1911-12-26,1635.25,1644.4,1491.09,0.6188
1911-12-30-manchester-city-h,1911-12-30,1644.4,1637.65,1483.1,0.7814
1912-01-01-arsenal-h,1912-01-01,1637.65,1646.3,1540.9,0.7114
1912-01-06-everton-a,1912-01-06,1646.3,1622.1,1532.85,0.5763
1912-01-13-huddersfield-town-h,1912-01-13,1622.1,1631.18,1500,0.7404
1912-01-20-west-bromwich-albion-h,1912-01-20,1631.18,1614.51,1548.27,0.6948
1912-01-27-sunderland-a,1912-01-27,1614.51,1591.29,1565.8,0.4838
1912-02-03-coventry-city-a,1912-02-03,1591.29,1613.59,1500,0.5449
1912-02-10-sheffield-wednesday-a,1912-02-10,1613.59,1597.22,1585.27,0.4545
1912-02-17-bury-h,1912-02-17,1597.22,1591.39,1472.84,0.743
1912-02-24-reading-a,1912-02-24,1591.39,1590.13,1500,0.5451
1912-02-29-reading-h,1912-02-29,1590.13,1602.65,1501.26,0.702
1912-03-02-notts-county-h,1912-03-02,1602.65,1612.73,1544.38,0.6639
1912-03-09-blackburn-rovers-h,1912-03-09,1612.73,1606.95,1520.3,0.7063
1912-03-14-blackburn-rovers-a,1912-03-14,1606.95,1588.4,1526.07,0.53
1912-03-16-preston-north-end-a,1912-03-16,1588.4,1589.9,1572.07,0.4375
1912-03-23-liverpool-h,1912-03-23,1589.9,1587.95,1592.82,0.5814
1912-03-30-aston-villa-a,1912-03-30,1587.95,1562.34,1545.91,0.4742
1912-04-05-arsenal-a,1912-04-05,1562.34,1551.37,1532.25,0.4571
1912-04-06-newcastle-united-h,1912-04-06,1551.37,1532.2,1512,0.6392
1912-04-09-tottenham-hotspur-a,1912-04-09,1532.2,1533.86,1520.6,0.4308
1912-04-13-sheffield-united-a,1912-04-13,1533.86,1512.31,1509.43,0.449
1912-04-17-middlesbrough-a,1912-04-17,1512.31,1499.08,1546.8,0.3673
1912-04-20-oldham-athletic-h,1912-04-20,1499.08,1511.48,1498.09,0.5869
1912-04-27-bolton-wanderers-a,1912-04-27,1511.48,1513.31,1504.92,0.4237
1912-04-29-blackburn-rovers-h,1912-04-29,1513.31,1527.07,1544.62,0.5412
1912-09-02-arsenal-a,1912-09-02,1527.07,1529.66,1543.22,0.3921
1912-09-07-manchester-city-h,1912-09-07,1529.66,1514.31,1489.86,0.6398
1912-09-14-west-bromwich-albion-a,1912-09-14,1514.31,1530,1564.95,0.3459
1912-09-21-everton-h,1912-09-21,1530,1543.59,1557.05,0.5473
1912-09-28-sheffield-wednesday-a,1912-09-28,1543.59,1547.51,1601.63,0.3364
1912-10-05-blackburn-rovers-h,1912-10-05,1547.51,1544.91,1530.86,0.6086
1912-10-12-derby-county-a,1912-10-12,1544.91,1535.55,1562.65,0.39
1912-10-19-tottenham-hotspur-h,1912-10-19,1535.55,1547.29,1518.94,0.6085
1912-10-26-middlesbrough-a,1912-10-26,1547.29,1537.77,1560.02,0.3968
1912-11-02-notts-county-h,1912-11-02,1537.77,1547.6,1534.3,0.5903
1912-11-09-sunderland-a,1912-11-09,1547.6,1536.86,1589.02,0.3581
1912-11-16-aston-villa-a,1912-11-16,1536.86,1525.85,1571.51,0.3671
1912-11-23-liverpool-h,1912-11-23,1525.85,1541.23,1594.78,0.4872
1912-11-30-bolton-wanderers-a,1912-11-30,1541.23,1529.99,1503.09,0.4686
1912-12-07-sheffield-united-h,1912-12-07,1529.99,1547.45,1530.98,0.5841
1912-12-14-newcastle-united-a,1912-12-14,1547.45,1564.33,1531.18,0.4374
1912-12-21-oldham-athletic-h,1912-12-21,1564.33,1559.78,1485.69,0.6896
1912-12-25-chelsea-a,1912-12-25,1559.78,1577.83,1500.7,0.4987
1912-12-26-chelsea-h,1912-12-26,1577.83,1586.54,1482.65,0.7096
1912-12-28-manchester-city-a,1912-12-28,1586.54,1600.62,1505.21,0.5307
1913-01-01-bradford-city-h,1913-01-01,1600.62,1608.52,1481.94,0.7366
1913-01-04-west-bromwich-albion-h,1913-01-04,1608.52,1604.56,1549.25,0.6652
1913-01-11-coventry-city-h,1913-01-11,1604.56,1597.68,1477.7,0.7457
1913-01-16-coventry-city-a,1913-01-16,1597.68,1609.56,1484.58,0.5758
1913-01-18-everton-a,1913-01-18,1609.56,1591.24,1543.47,0.5088
1913-01-25-sheffield-wednesday-h,1913-01-25,1591.24,1603.95,1597.7,0.5764
1913-02-01-plymouth-argyle-a,1913-02-01,1603.95,1619.25,1500,0.5629
1913-02-08-blackburn-rovers-a,1913-02-08,1619.25,1618.36,1533.46,0.537
1913-02-15-derby-county-h,1913-02-15,1618.36,1633.12,1572,0.6484
1913-02-22-oldham-athletic-a,1913-02-22,1633.12,1629.85,1490.24,0.6171
1913-02-26-oldham-athletic-h,1913-02-26,1629.85,1608.68,1493.52,0.7559
1913-03-01-middlesbrough-h,1913-03-01,1608.68,1593.35,1569.55,0.6389
1913-03-08-notts-county-a,1913-03-08,1593.35,1605.04,1524.46,0.5128
1913-03-15-sunderland-h,1913-03-15,1605.04,1587.26,1599.76,0.5929
1913-03-21-arsenal-h,1913-03-21,1587.26,1597.79,1540.63,0.6488
1913-03-22-aston-villa-h,1913-03-22,1597.79,1614.31,1582.53,0.6067
1913-03-25-bradford-city-a,1913-03-25,1614.31,1599.59,1474.04,0.6135
1913-03-29-liverpool-a,1913-03-29,1599.59,1616.3,1579.39,0.443
1913-03-31-tottenham-hotspur-a,1913-03-31,1616.3,1614.61,1507.19,0.5702
1913-04-05-bolton-wanderers-h,1913-04-05,1614.61,1621.44,1514.34,0.7156
1913-04-12-sheffield-united-a,1913-04-12,1621.44,1607.79,1513.51,0.5685
1913-04-19-newcastle-united-h,1913-04-19,1607.79,1618.32,1514.3,0.7076
1913-04-26-oldham-athletic-a,1913-04-26,1618.32,1616.82,1514.69,0.5625
1913-09-06-sheffield-wednesday-a,1913-09-06,1616.82,1633.04,1585,0.4595
1913-09-08-sunderland-h,1913-09-08,1633.04,1644.83,1617.55,0.607
1913-09-13-bolton-wanderers-h,1913-09-13,1644.83,1626.66,1507.51,0.7569
1913-09-20-chelsea-a,1913-09-20,1626.66,1637.75,1473.94,0.6304
1913-09-27-oldham-athletic-h,1913-09-27,1637.75,1647.12,1516.18,0.7398
1913-10-04-tottenham-hotspur-h,1913-10-04,1647.12,1654.38,1508.88,0.7579
1913-10-11-burnley-a,1913-10-11,1654.38,1664.34,1534.61,0.5852
1913-10-18-preston-north-end-h,1913-10-18,1664.34,1674.85,1570.57,0.7079
1913-10-25-newcastle-united-a,1913-10-25,1674.85,1683.14,1503.77,0.6546
1913-11-01-liverpool-h,1913-11-01,1683.14,1692.55,1562.68,0.7386
1913-11-08-aston-villa-a,1913-11-08,1692.55,1674.71,1566.01,0.5946
1913-11-15-middlesbrough-h,1913-11-15,1674.71,1657.84,1584.88,0.7032
1913-11-22-sheffield-united-a,1913-11-22,1657.84,1639.83,1527.16,0.6003
1913-11-29-derby-county-h,1913-11-29,1639.83,1635.16,1557.24,0.6944
1913-12-06-manchester-city-a,1913-12-06,1635.16,1646.6,1491.13,0.6186
1913-12-13-bradford-city-h,1913-12-13,1646.6,1639.93,1488.76,0.778
1913-12-20-blackburn-rovers-a,1913-12-20,1639.93,1650.36,1534.35,0.5652
1913-12-25-everton-h,1913-12-25,1650.36,1633.52,1561.79,0.7017
1913-12-26-everton-a,1913-12-26,1633.52,1609.88,1578.63,0.4927
1913-12-27-sheffield-wednesday-h,1913-12-27,1609.88,1618.48,1568.78,0.6415
1914-01-01-west-bromwich-albion-h,1914-01-01,1618.48,1626.33,1553.22,0.6728
1914-01-03-bolton-wanderers-a,1914-01-03,1626.33,1599.54,1525.68,0.5582
1914-01-10-swindon-town-a,1914-01-10,1599.54,1583.52,1489.19,0.572
1914-01-17-chelsea-h,1914-01-17,1583.52,1565.79,1462.85,0.7389
1914-01-24-oldham-athletic-a,1914-01-24,1565.79,1565.83,1506.82,0.4985
1914-02-07-tottenham-hotspur-a,1914-02-07,1565.83,1553.68,1501.62,0.5061
1914-02-14-burnley-h,1914-02-14,1553.68,1538.67,1524.66,0.6254
1914-02-21-middlesbrough-a,1914-02-21,1538.67,1528.77,1601.76,0.3299
1914-02-28-newcastle-united-h,1914-02-28,1528.77,1525.63,1495.49,0.6311
1914-03-05-preston-north-end-a,1914-03-05,1525.63,1514.61,1560.05,0.3674
1914-03-14-aston-villa-h,1914-03-14,1514.61,1488.32,1583.84,0.4867
1914-04-04-derby-county-a,1914-04-04,1488.32,1478.82,1561.9,0.3167
1914-04-10-sunderland-a,1914-04-10,1478.82,1471.19,1605.76,0.2542
1914-04-11-manchester-city-h,1914-04-11,1471.19,1457.43,1479.69,0.5736
1914-04-13-west-bromwich-albion-a,1914-04-13,1457.43,1450.25,1545.36,0.2991
1914-04-15-liverpool-a,1914-04-15,1450.25,1467.5,1553.27,0.2812
1914-04-18-bradford-city-a,1914-04-18,1467.5,1470.47,1495.44,0.3761
1914-04-22-sheffield-united-h,1914-04-22,1470.47,1482.98,1545.17,0.4789
1914-04-25-blackburn-rovers-h,1914-04-25,1482.98,1482.32,1523.92,0.5274
1914-09-02-oldham-athletic-h,1914-09-02,1482.32,1465.8,1506.78,0.551
1914-09-05-manchester-city-h,1914-09-05,1465.8,1464.68,1493.46,0.5464
1914-09-12-bolton-wanderers-a,1914-09-12,1464.68,1453.91,1552.47,0.2993
1914-09-19-blackburn-rovers-h,1914-09-19,1453.91,1469.37,1524.58,0.4847
1914-09-26-notts-county-a,1914-09-26,1469.37,1458.71,1512.77,0.3554
1914-10-03-sunderland-h,1914-10-03,1458.71,1481.49,1613.38,0.367
1914-10-10-sheffield-wednesday-a,1914-10-10,1481.49,1474.04,1560.18,0.3104
1914-10-17-west-bromwich-albion-h,1914-10-17,1474.04,1474.68,1552.54,0.4734
1914-10-24-everton-a,1914-10-24,1474.68,1467.08,1602.27,0.2535
1914-10-31-chelsea-h,1914-10-31,1467.08,1465.48,1480.58,0.5665
1914-11-07-bradford-city-a,1914-11-07,1465.48,1454.16,1492.46,0.3774
1914-11-14-burnley-h,1914-11-14,1454.16,1440.26,1539.67,0.4634
1914-11-21-tottenham-hotspur-a,1914-11-21,1440.26,1430.75,1513.76,0.3168
1914-11-28-newcastle-united-h,1914-11-28,1430.75,1443.03,1498.63,0.4887
1914-12-05-middlesbrough-a,1914-12-05,1443.03,1449.95,1611.66,0.2115
1914-12-12-sheffield-united-h,1914-12-12,1449.95,1438.73,1532.66,0.4674
1914-12-19-aston-villa-a,1914-12-19,1438.73,1445.72,1610.13,0.2088
1914-12-26-liverpool-a,1914-12-26,1445.72,1450.61,1536.02,0.2963
1915-01-01-bradford-park-avenue-h,1915-01-01,1450.61,1438.25,1500,0.5153
1915-01-02-manchester-city-a,1915-01-02,1438.25,1442.12,1494.57,0.3386
1915-01-09-sheffield-wednesday-a,1915-01-09,1442.12,1434.96,1567.63,0.2558
1915-01-16-bolton-wanderers-h,1915-01-16,1434.96,1456.45,1563.25,0.403
1915-01-23-blackburn-rovers-a,1915-01-23,1456.45,1460.21,1509.12,0.3433
1915-01-30-notts-county-h,1915-01-30,1460.21,1460.32,1523.43,0.4954
1915-02-06-sunderland-a,1915-02-06,1460.32,1454.31,1590.6,0.2506
1915-02-13-sheffield-wednesday-h,1915-02-13,1454.31,1471.89,1574.79,0.4138
1915-02-20-west-bromwich-albion-a,1915-02-20,1471.89,1476.48,1551.9,0.3087
1915-02-27-everton-h,1915-02-27,1476.48,1466.98,1609.88,0.3959
1915-03-13-bradford-city-h,1915-03-13,1466.98,1478.18,1503.78,0.5333
1915-03-20-burnley-a,1915-03-20,1478.18,1466.86,1553.57,0.3145
1915-03-27-tottenham-hotspur-h,1915-03-27,1466.86,1466.74,1523.26,0.5052
1915-04-02-liverpool-h,1915-04-02,1466.74,1481.93,1531.13,0.4937
1915-04-03-newcastle-united-a,1915-04-03,1481.93,1469.68,1486.36,0.4083
1915-04-05-bradford-park-avenue-a,1915-04-05,1469.68,1452.57,1512.37,0.3564
1915-04-06-oldham-athletic-a,1915-04-06,1452.57,1444.88,1523.31,0.3203
1915-04-10-middlesbrough-h,1915-04-10,1444.88,1448.24,1604.73,0.3601
1915-04-17-sheffield-united-a,1915-04-17,1448.24,1439.54,1543.88,0.2899
1915-04-19-chelsea-a,1915-04-19,1439.54,1458.85,1482.18,0.3564
1915-04-26-aston-villa-h,1915-04-26,1458.85,1473.71,1603.14,0.381
1919-08-30-derby-county-a,1919-08-30,1473.71,1478.81,1571.41,0.2875
1919-09-01-sheffield-wednesday-h,1919-09-01,1478.81,1479.44,1557.21,0.4735
1919-09-06-derby-county-h,1919-09-06,1479.44,1465.6,1566.3,0.4614
1919-09-08-sheffield-wednesday-a,1919-09-08,1465.6,1486.74,1556.57,0.2954
1919-09-13-preston-north-end-a,1919-09-13,1486.74,1503.45,1571.07,0.3035
1919-09-20-preston-north-end-h,1919-09-20,1503.45,1523.9,1554.36,0.5131
1919-09-27-middlesbrough-a,1919-09-27,1523.9,1528.42,1601.37,0.3119
1919-10-04-middlesbrough-h,1919-10-04,1528.42,1528.71,1596.86,0.4879
1919-10-11-manchester-city-a,1919-10-11,1528.71,1529.47,1490.7,0.4684
1919-10-18-manchester-city-h,1919-10-18,1529.47,1538.12,1489.94,0.6394
1919-10-25-sheffield-united-a,1919-10-25,1538.12,1540.65,1552.58,0.3945
1919-11-01-sheffield-united-h,1919-11-01,1540.65,1556.05,1550.04,0.5723
1919-11-08-burnley-a,1919-11-08,1556.05,1546.4,1564.89,0.4022
1919-11-15-burnley-h,1919-11-15,1546.4,1533.3,1574.54,0.5457
1919-11-22-oldham-athletic-a,1919-11-22,1533.3,1554.26,1531,0.4177
1919-12-06-aston-villa-a,1919-12-06,1554.26,1543.23,1588.28,0.3679
1919-12-13-aston-villa-h,1919-12-13,1543.23,1531.09,1599.32,0.5056
1919-12-20-newcastle-united-h,1919-12-20,1531.09,1539.97,1498.61,0.63
1919-12-26-liverpool-h,1919-12-26,1539.97,1537.12,1515.94,0.6186
1919-12-27-newcastle-united-a,1919-12-27,1537.12,1525.56,1489.73,0.4819
1920-01-01-liverpool-a,1920-01-01,1525.56,1527.38,1518.79,0.424
1920-01-03-chelsea-h,1920-01-03,1527.38,1507.23,1462.87,0.6719
1920-01-10-port-vale-a,1920-01-10,1507.23,1522.41,1476.63,0.4578
1920-01-17-chelsea-a,1920-01-17,1522.41,1511.12,1483.03,0.4704
1920-01-24-west-bromwich-albion-a,1920-01-24,1511.12,1502.36,1547.31,0.365
1920-01-31-aston-villa-h,1920-01-31,1502.36,1490.32,1611.45,0.4298
1920-02-07-sunderland-a,1920-02-07,1490.32,1480.34,1596.61,0.2774
1920-02-11-oldham-athletic-h,1920-02-11,1480.34,1479.29,1510.04,0.5435
1920-02-14-sunderland-h,1920-02-14,1479.29,1497.16,1606.6,0.4043
1920-02-21-arsenal-a,1920-02-21,1497.16,1519.87,1530.09,0.3694
1920-02-25-west-bromwich-albion-h,1920-02-25,1519.87,1507.05,1556.07,0.5342
1920-02-28-arsenal-h,1920-02-28,1507.05,1493,1507.39,0.585
1920-03-06-everton-h,1920-03-06,1493,1507.27,1619.38,0.4056
1920-03-13-everton-a,1920-03-13,1507.27,1512.37,1605.12,0.2873
1920-03-20-bradford-city-h,1920-03-20,1512.37,1509.67,1492.58,0.6129
1920-03-27-bradford-city-a,1920-03-27,1509.67,1499.23,1495.29,0.4347
1920-04-02-bradford-park-avenue-h,1920-04-02,1499.23,1486.21,1529.47,0.5427
1920-04-03-bolton-wanderers-h,1920-04-03,1486.21,1486.05,1541.76,0.5064
1920-04-06-bradford-park-avenue-a,1920-04-06,1486.05,1509.87,1542.5,0.3384
1920-04-10-bolton-wanderers-a,1920-04-10,1509.87,1528.75,1541.91,0.3706
1920-04-17-blackburn-rovers-h,1920-04-17,1528.75,1525.93,1505.36,0.6178
1920-04-24-blackburn-rovers-a,1920-04-24,1525.93,1504.83,1508.18,0.4395
1920-04-26-notts-county-h,1920-04-26,1504.83,1503.41,1523.32,0.5595
1920-05-01-notts-county-a,1920-05-01,1503.41,1521.85,1524.75,0.385
1920-08-28-bolton-wanderers-h,1920-08-28,1521.85,1507.84,1523.03,0.5839
1920-08-30-arsenal-a,1920-08-30,1507.84,1495.97,1521.43,0.3957
1920-09-04-bolton-wanderers-a,1920-09-04,1495.97,1499.37,1537.04,0.3585
1920-09-06-arsenal-h,1920-09-06,1499.37,1498.47,1533.3,0.5374
1920-09-11-chelsea-h,1920-09-11,1498.47,1510.73,1494.32,0.5913
1920-09-18-chelsea-a,1920-09-18,1510.73,1523.81,1482.06,0.455
1920-09-25-tottenham-hotspur-h,1920-09-25,1523.81,1509.74,1523.39,0.5861
1920-10-02-tottenham-hotspur-a,1920-10-02,1509.74,1496.19,1537.45,0.3764
1920-10-09-oldham-athletic-h,1920-10-09,1496.19,1511.87,1511.08,0.5646
1920-10-16-oldham-athletic-a,1920-10-16,1511.87,1513.36,1495.4,0.4377
1920-10-23-preston-north-end-h,1920-10-23,1513.36,1524.01,1533.91,0.5565
1920-10-30-preston-north-end-a,1920-10-30,1524.01,1526.03,1523.26,0.4155
1920-11-06-sheffield-united-h,1920-11-06,1526.03,1536.27,1534.65,0.5734
1920-11-13-sheffield-united-a,1920-11-13,1536.27,1537.92,1524.41,0.4312
1920-11-20-manchester-city-h,1920-11-20,1537.92,1534.04,1481.29,0.6618
1920-11-27-manchester-city-a,1920-11-27,1534.04,1516.62,1485.17,0.484
1920-12-04-bradford-park-avenue-h,1920-12-04,1516.62,1534.15,1518.68,0.5826
1920-12-11-bradford-park-avenue-a,1920-12-11,1534.15,1550.31,1501.15,0.4612
1920-12-18-newcastle-united-h,1920-12-18,1550.31,1560.75,1501.3,0.6519
1920-12-25-aston-villa-a,1920-12-25,1560.75,1576.82,1623.49,0.3304
1920-12-27-aston-villa-h,1920-12-27,1576.82,1560.56,1607.42,0.5422
1921-01-01-newcastle-united-a,1921-01-01,1560.56,1542.06,1490.85,0.514
1921-01-08-liverpool-a,1921-01-08,1542.06,1543.46,1516.96,0.4499
1921-01-12-liverpool-h,1921-01-12,1543.46,1525.99,1515.56,0.6239
1921-01-15-west-bromwich-albion-h,1921-01-15,1525.99,1507.1,1568.9,0.5246
1921-01-22-west-bromwich-albion-a,1921-01-22,1507.1,1527.87,1587.78,0.3079
1921-02-05-liverpool-h,1921-02-05,1527.87,1525.99,1533.03,0.5783
1921-02-09-liverpool-a,1921-02-09,1525.99,1513.92,1534.91,0.4021
1921-02-12-everton-h,1921-02-12,1513.92,1502.82,1600.01,0.4625
1921-02-26-sunderland-h,1921-02-26,1502.82,1522.16,1588.73,0.4628
1921-03-05-sunderland-a,1921-03-05,1522.16,1537.75,1569.39,0.3504
1921-03-09-everton-a,1921-03-09,1537.75,1528.24,1611.11,0.317
1921-03-12-bradford-city-h,1921-03-12,1528.24,1525.45,1505.72,0.6166
1921-03-19-bradford-city-a,1921-03-19,1525.45,1526.93,1508.52,0.4383
1921-03-25-burnley-a,1921-03-25,1526.93,1518.94,1587.64,0.3329
1921-03-26-huddersfield-town-a,1921-03-26,1518.94,1502.59,1490.92,0.4541
1921-03-28-burnley-h,1921-03-28,1502.59,1486.29,1595.63,0.4526
1921-04-02-huddersfield-town-h,1921-04-02,1486.29,1499.62,1507.26,0.5559
1921-04-09-middlesbrough-a,1921-04-09,1499.62,1520.97,1596.57,0.2883
1921-04-16-middlesbrough-h,1921-04-16,1520.97,1508.77,1575.22,0.5083
1921-04-23-blackburn-rovers-a,1921-04-23,1508.77,1497.18,1529.28,0.3862
1921-04-30-blackburn-rovers-h,1921-04-30,1497.18,1484.62,1540.86,0.5235
1921-05-02-derby-county-a,1921-05-02,1484.62,1489.66,1580.15,0.29
1921-05-07-derby-county-h,1921-05-07,1489.66,1508.98,1575.11,0.4634
1921-08-27-everton-a,1921-08-27,1508.98,1495.95,1620.62,0.2713
1921-08-29-west-bromwich-albion-h,1921-08-29,1495.95,1484.34,1567.02,0.4841
1921-09-03-everton-h,1921-09-03,1484.34,1499.35,1633.64,0.3742
1921-09-07-west-bromwich-albion-a,1921-09-07,1499.35,1503.92,1578.64,0.3096
1921-09-10-chelsea-a,1921-09-10,1503.92,1504.79,1468.98,0.464
1921-09-17-chelsea-h,1921-09-17,1504.79,1501.53,1468.11,0.6356
1921-09-24-preston-north-end-a,1921-09-24,1501.53,1492.24,1521.24,0.3873
1921-10-01-preston-north-end-h,1921-10-01,1492.24,1491.49,1530.53,0.5312
1921-10-08-tottenham-hotspur-a,1921-10-08,1491.49,1495.46,1551,0.3345
1921-10-15-tottenham-hotspur-h,1921-10-15,1495.46,1507.17,1547.03,0.5121
1921-10-22-manchester-city-a,1921-10-22,1507.17,1492.02,1502.59,0.4209
1921-10-29-manchester-city-h,1921-10-29,1492.02,1505.54,1517.75,0.5492
1921-11-05-middlesbrough-h,1921-11-05,1505.54,1491.48,1587.42,0.4686
1921-11-12-middlesbrough-a,1921-11-12,1491.48,1483.29,1601.47,0.2732
1921-11-19-aston-villa-a,1921-11-19,1483.29,1476.09,1623.68,0.2398
1921-11-26-aston-villa-h,1921-11-26,1476.09,1491.29,1630.88,0.3669
1921-12-03-bradford-city-a,1921-12-03,1491.29,1481.86,1507.04,0.3927
1921-12-10-bradford-city-h,1921-12-10,1481.86,1480.99,1516.47,0.5365
1921-12-17-liverpool-a,1921-12-17,1480.99,1473.16,1546.97,0.3262
1921-12-24-liverpool-h,1921-12-24,1473.16,1473.91,1554.8,0.4689
1921-12-26-burnley-h,1921-12-26,1473.91,1464.56,1611.92,0.3896
1921-12-27-burnley-a,1921-12-27,1464.56,1457.86,1621.27,0.2231
1921-12-31-newcastle-united-a,1921-12-31,1457.86,1445.45,1509.36,0.3448
1922-01-02-sheffield-united-a,1922-01-02,1445.45,1434.21,1522.76,0.3121
1922-01-07-cardiff-city-h,1922-01-07,1434.21,1413.56,1500,0.4917
1922-01-14-newcastle-united-h,1922-01-14,1413.56,1403.22,1521.77,0.4311
1922-01-21-sunderland-a,1922-01-21,1403.22,1397.71,1553.8,0.2293
1922-01-28-sunderland-h,1922-01-28,1397.71,1416.98,1559.3,0.3578
1922-02-11-huddersfield-town-h,1922-02-11,1416.98,1417.56,1493.94,0.4756
1922-02-18-birmingham-city-a,1922-02-18,1417.56,1435.24,1536.26,0.2633
1922-02-25-birmingham-city-h,1922-02-25,1435.24,1436.05,1518.58,0.4665
1922-02-27-huddersfield-town-a,1922-02-27,1436.05,1439.95,1493.36,0.3373
1922-03-11-arsenal-h,1922-03-11,1439.95,1453.13,1534.2,0.4509
1922-03-18-blackburn-rovers-h,1922-03-18,1453.13,1442.52,1553.43,0.4423
1922-03-25-blackburn-rovers-a,1922-03-25,1442.52,1433.15,1564.04,0.2602
1922-04-01-bolton-wanderers-h,1922-04-01,1433.15,1422.54,1533.64,0.442
1922-04-05-arsenal-a,1922-04-05,1422.54,1413.95,1521.02,0.2865
1922-04-08-bolton-wanderers-a,1922-04-08,1413.95,1407.93,1544.25,0.2506
1922-04-15-oldham-athletic-h,1922-04-15,1407.93,1391.28,1493.91,0.4627
1922-04-17-sheffield-united-h,1922-04-17,1391.28,1406.08,1533.99,0.3832
1922-04-22-oldham-athletic-a,1922-04-22,1406.08,1411.37,1510.57,0.2795
1922-04-29-cardiff-city-h,1922-04-29,1411.37,1413.06,1520.65,0.4296
1922-05-06-cardiff-city-a,1922-05-06,1413.06,1404.73,1518.96,0.2779
1922-08-26-crystal-palace-h,1922-08-26,1404.73,1417.94,1500,0.4494
1922-08-28-sheffield-wednesday-a,1922-08-28,1417.94,1411.59,1535.44,0.2647
1922-09-02-crystal-palace-a,1922-09-02,1411.59,1428.03,1486.79,0.3147
1922-09-04-sheffield-wednesday-h,1922-09-04,1428.03,1441.88,1541.79,0.4233
1922-09-09-wolverhampton-wanderers-a,1922-09-09,1441.88,1456.89,1471.15,0.3743
1922-09-16-wolverhampton-wanderers-h,1922-09-16,1456.89,1466.82,1456.13,0.5866
1922-09-23-coventry-city-a,1922-09-23,1466.82,1454.63,1472.7,0.4063
1922-09-30-coventry-city-h,1922-09-30,1454.63,1465.6,1484.89,0.5427
1922-10-07-port-vale-h,1922-10-07,1465.6,1451.41,1461.44,0.5913
1922-10-14-port-vale-a,1922-10-14,1451.41,1442.26,1475.63,0.3811
1922-10-21-fulham-h,1922-10-21,1442.26,1442.87,1519.76,0.4748
1922-10-28-fulham-a,1922-10-28,1442.87,1447.35,1519.15,0.3133
1922-11-04-leyton-orient-h,1922-11-04,1447.35,1446.59,1485.31,0.5317
1922-11-11-leyton-orient-a,1922-11-11,1446.59,1449.93,1486.07,0.3606
1922-11-18-bury-a,1922-11-18,1449.93,1452.93,1478.68,0.375
1922-11-25-bury-h,1922-11-25,1452.93,1439.65,1475.68,0.5534
1922-12-02-rotherham-county-h,1922-12-02,1439.65,1457.67,1500,0.4995
1922-12-09-rotherham-county-a,1922-12-09,1457.67,1460.53,1481.98,0.381
1922-12-16-stockport-county-h,1922-12-16,1460.53,1471.11,1479.3,0.559
1922-12-23-stockport-county-a,1922-12-23,1471.11,1461.08,1468.72,0.4178
1922-12-25-west-ham-united-h,1922-12-25,1461.08,1448.98,1518.04,0.5044
1922-12-26-west-ham-united-a,1922-12-26,1448.98,1469.76,1530.15,0.3073
1922-12-30-hull-city-a,1922-12-30,1469.76,1460.3,1484.56,0.394
1923-01-01-barnsley-h,1923-01-01,1460.3,1469.48,1436.95,0.6177
1923-01-06-hull-city-h,1923-01-06,1469.48,1480.25,1494.02,0.5508
1923-01-13-bradford-city-a,1923-01-13,1480.25,1484.07,1517.34,0.3638
1923-01-17-bradford-city-h,1923-01-17,1484.07,1500.03,1513.53,0.5438
1923-01-20-leeds-united-h,1923-01-20,1500.03,1497.98,1500,0.5855
1923-01-27-leeds-united-a,1923-01-27,1497.98,1512.17,1502.05,0.4088
1923-02-03-tottenham-hotspur-a,1923-02-03,1512.17,1493.42,1535.32,0.3826
1923-02-10-notts-county-a,1923-02-10,1493.42,1522.38,1506.3,0.3966
1923-02-17-derby-county-h,1923-02-17,1522.38,1521.47,1555.79,0.5382
1923-02-21-notts-county-h,1923-02-21,1521.47,1517.98,1477.34,0.6455
1923-03-03-southampton-h,1923-03-03,1517.98,1502.92,1487.44,0.6274
1923-03-14-derby-county-a,1923-03-14,1502.92,1506.71,1556.71,0.3419
1923-03-17-bradford-city-a,1923-03-17,1506.71,1508.46,1497.56,0.4273
1923-03-21-bradford-city-h,1923-03-21,1508.46,1505.98,1495.82,0.603
1923-03-30-south-shields-h,1923-03-30,1505.98,1520.61,1500,0.5938
1923-03-31-blackpool-a,1923-03-31,1520.61,1507.54,1429.79,0.5442
1923-04-02-south-shields-a,1923-04-02,1507.54,1527.5,1485.38,0.4458
1923-04-07-blackpool-h,1923-04-07,1527.5,1534.77,1442.86,0.6969
1923-04-11-southampton-a,1923-04-11,1534.77,1535.73,1502.5,0.4602
1923-04-14-leicester-city-a,1923-04-14,1535.73,1547.3,1463.48,0.5176
1923-04-21-leicester-city-h,1923-04-21,1547.3,1526.01,1451.9,0.7098
1923-04-28-barnsley-a,1923-04-28,1526.01,1524.69,1427.77,0.5548
1923-08-25-bristol-city-a,1923-08-25,1524.69,1538.03,1503.56,0.4443
1923-08-27-southampton-h,1923-08-27,1538.03,1546.78,1501.55,0.6354
1923-09-01-bristol-city-h,1923-09-01,1546.78,1554.9,1490.23,0.6617
1923-09-03-southampton-a,1923-09-03,1554.9,1554.83,1492.8,0.503
1923-09-08-bury-a,1923-09-08,1554.83,1539.57,1488.96,0.5084
1923-09-15-bury-h,1923-09-15,1539.57,1524.36,1504.21,0.6339
1923-09-22-south-shields-a,1923-09-22,1524.36,1512.4,1465.43,0.4985
1923-09-29-south-shields-h,1923-09-29,1512.4,1509.2,1477.39,0.6334
1923-10-06-oldham-athletic-a,1923-10-06,1509.2,1499.12,1505.27,0.42
1923-10-13-oldham-athletic-h,1923-10-13,1499.12,1512.24,1515.35,0.5626
1923-10-20-stockport-county-h,1923-10-20,1512.24,1525.51,1478.75,0.6314
1923-10-27-stockport-county-a,1923-10-27,1525.51,1513.51,1465.48,0.5
1923-11-03-leicester-city-a,1923-11-03,1513.51,1514.18,1473.19,0.4717
1923-11-10-leicester-city-h,1923-11-10,1514.18,1527.06,1472.51,0.6423
1923-11-17-coventry-city-a,1923-11-17,1527.06,1527.3,1473.92,0.4901
1923-12-01-leeds-united-a,1923-12-01,1527.3,1528.01,1487.86,0.4704
1923-12-08-leeds-united-h,1923-12-08,1528.01,1538.77,1487.16,0.6412
1923-12-15-port-vale-a,1923-12-15,1538.77,1550.98,1484.78,0.4914
1923-12-22-port-vale-h,1923-12-22,1550.98,1565.9,1472.57,0.6893
1923-12-25-barnsley-h,1923-12-25,1565.9,1547.74,1429.09,0.7564
1923-12-26-barnsley-a,1923-12-26,1547.74,1534.35,1447.24,0.558
1923-12-29-bradford-city-a,1923-12-29,1534.35,1535.18,1498.29,0.4656
1924-01-02-coventry-city-h,1924-01-02,1535.18,1519.14,1473.68,0.6681
1924-01-05-bradford-city-h,1924-01-05,1519.14,1532.99,1497.47,0.6154
1924-01-12-plymouth-argyle-h,1924-01-12,1532.99,1542.76,1484.7,0.651
1924-01-19-fulham-a,1924-01-19,1542.76,1529.13,1514.67,0.4542
1924-01-26-fulham-h,1924-01-26,1529.13,1527.05,1528.3,0.5867
1924-02-02-huddersfield-town-h,1924-02-02,1527.05,1500.3,1489.45,0.6369
1924-02-06-blackpool-a,1924-02-06,1500.3,1488.14,1435.58,0.5068
1924-02-09-blackpool-h,1924-02-09,1488.14,1484.77,1447.74,0.6406
1924-02-16-derby-county-a,1924-02-16,1484.77,1473.12,1552.91,0.3235
1924-02-23-derby-county-h,1924-02-23,1473.12,1474.2,1564.56,0.4549
1924-03-01-nelson-a,1924-03-01,1474.2,1492.83,1500,0.379
1924-03-08-nelson-h,1924-03-08,1492.83,1478.4,1481.37,0.6014
1924-03-15-hull-city-h,1924-03-15,1478.4,1476.51,1483.24,0.5787
1924-03-22-hull-city-a,1924-03-22,1476.51,1478.85,1485.13,0.4025
1924-03-29-stoke-city-h,1924-03-29,1478.85,1477.49,1499.22,0.5568
1924-04-05-stoke-city-a,1924-04-05,1477.49,1463.71,1500.58,0.3827
1924-04-12-crystal-palace-h,1924-04-12,1463.71,1481.51,1470.34,0.5762
1924-04-18-leyton-orient-a,1924-04-18,1481.51,1471.6,1482.72,0.4128
1924-04-19-crystal-palace-a,1924-04-19,1471.6,1473.01,1452.54,0.4414
1924-04-21-leyton-orient-h,1924-04-21,1473.01,1471.62,1492.63,0.5578
1924-04-26-sheffield-wednesday-h,1924-04-26,1471.62,1486.46,1527.95,0.5053
1924-05-03-sheffield-wednesday-a,1924-05-03,1486.46,1475.13,1513.1,0.3778
1924-08-30-leicester-city-h,1924-08-30,1475.13,1484.56,1459.64,0.607
1924-09-01-stockport-county-a,1924-09-01,1484.56,1474.38,1477.48,0.4244
1924-09-06-stoke-city-a,1924-09-06,1474.38,1477.74,1514.35,0.36
1924-09-08-barnsley-h,1924-09-08,1477.74,1487.12,1460.63,0.6092
1924-09-13-coventry-city-h,1924-09-13,1487.12,1504.68,1489.71,0.5819
1924-09-20-oldham-athletic-a,1924-09-20,1504.68,1525.63,1502.23,0.4179
1924-09-27-sheffield-wednesday-h,1924-09-27,1525.63,1538.02,1524.44,0.5872
1924-10-04-leyton-orient-a,1924-10-04,1538.02,1550.57,1494.02,0.477
1924-10-11-crystal-palace-h,1924-10-11,1550.57,1557.42,1451.13,0.7146
1924-10-18-southampton-a,1924-10-18,1557.42,1572.22,1492.87,0.5065
1924-10-25-wolverhampton-wanderers-a,1924-10-25,1572.22,1569.97,1446.21,0.5939
1924-11-01-fulham-h,1924-11-01,1569.97,1580.78,1530.38,0.6395
1924-11-08-portsmouth-a,1924-11-08,1580.78,1580.71,1518.64,0.5031
1924-11-15-hull-city-h,1924-11-15,1580.71,1589.33,1482.79,0.7128
1924-11-22-blackpool-a,1924-11-22,1589.33,1586.67,1451.12,0.6107
1924-11-29-derby-county-h,1924-11-29,1586.67,1583.85,1563.48,0.6175
1924-12-06-south-shields-a,1924-12-06,1583.85,1594.36,1480.59,0.5619
1924-12-13-bradford-city-h,1924-12-13,1594.36,1604.17,1483.62,0.7277
1924-12-20-port-vale-a,1924-12-20,1604.17,1589.24,1457.66,0.622
1924-12-25-middlesbrough-a,1924-12-25,1589.24,1591.97,1609.67,0.3863
1924-12-26-middlesbrough-h,1924-12-26,1591.97,1605.04,1606.94,0.5644
1924-12-27-leicester-city-a,1924-12-27,1605.04,1582.24,1450.2,0.6332
1925-01-01-chelsea-h,1925-01-01,1582.24,1588.77,1471.37,0.7278
1925-01-03-stoke-city-h,1925-01-03,1588.77,1598.12,1510.99,0.6885
1925-01-10-sheffield-wednesday-a,1925-01-10,1598.12,1579.31,1512.05,0.5374
1925-01-17-coventry-city-a,1925-01-17,1579.31,1565.69,1472.15,0.5675
1925-01-24-oldham-athletic-h,1925-01-24,1565.69,1548.97,1481.28,0.6966
1925-02-07-leyton-orient-h,1925-02-07,1548.97,1558.7,1481.47,0.6757
1925-02-14-crystal-palace-a,1925-02-14,1558.7,1544.84,1444.28,0.5777
1925-02-23-sheffield-wednesday-a,1925-02-23,1544.84,1546.42,1530.86,0.4341
1925-02-28-wolverhampton-wanderers-h,1925-02-28,1546.42,1556.75,1448.46,0.7128
1925-03-07-fulham-a,1925-03-07,1556.75,1545.54,1519.57,0.4672
1925-03-14-portsmouth-h,1925-03-14,1545.54,1556.87,1518.71,0.6224
1925-03-21-hull-city-a,1925-03-21,1556.87,1568.08,1474.17,0.5326
1925-03-28-blackpool-h,1925-03-28,1568.08,1562.52,1453.78,0.7317
1925-04-04-derby-county-a,1925-04-04,1562.52,1552.7,1566.3,0.4092
1925-04-10-stockport-county-h,1925-04-10,1552.7,1562.53,1487.67,0.6726
1925-04-11-south-shields-h,1925-04-11,1562.53,1569.57,1470.08,0.7063
1925-04-13-chelsea-a,1925-04-13,1569.57,1568.04,1464.84,0.564
1925-04-18-bradford-city-a,1925-04-18,1568.04,1578.86,1473.82,0.5491
1925-04-22-southampton-h,1925-04-22,1578.86,1573.67,1478.06,0.7162
1925-04-25-port-vale-h,1925-04-25,1573.67,1585.58,1472.59,0.7165
1925-05-02-barnsley-a,1925-05-02,1585.58,1583.05,1451.25,0.6054
1925-08-29-west-ham-united-a,1925-08-29,1583.05,1570.58,1509.37,0.5197
1925-09-02-aston-villa-h,1925-09-02,1570.58,1587.8,1615.68,0.5214
1925-09-05-arsenal-h,1925-09-05,1587.8,1571.87,1529.61,0.6638
1925-09-07-aston-villa-a,1925-09-07,1571.87,1574.8,1598.46,0.3779
1925-09-12-manchester-city-a,1925-09-12,1574.8,1574.44,1504.22,0.5152
1925-09-16-leicester-city-h,1925-09-16,1574.44,1581.23,1473,0.7169
1925-09-19-liverpool-a,1925-09-19,1581.23,1559.49,1554.05,0.4529
1925-09-26-burnley-h,1925-09-26,1559.49,1584.08,1627.97,0.4878
1925-10-03-leeds-united-a,1925-10-03,1584.08,1567.03,1476.39,0.5682
1925-10-10-newcastle-united-h,1925-10-10,1567.03,1575.83,1532.12,0.6333
1925-10-17-tottenham-hotspur-h,1925-10-17,1575.83,1573.06,1554.07,0.6155
1925-10-24-cardiff-city-a,1925-10-24,1573.06,1588.67,1527.3,0.4795
1925-10-31-huddersfield-town-h,1925-10-31,1588.67,1584.31,1516.2,0.6819
1925-11-07-everton-a,1925-11-07,1584.31,1603.28,1618.63,0.3675
1925-11-14-birmingham-city-h,1925-11-14,1603.28,1612.34,1517.77,0.698
1925-11-21-bury-a,1925-11-21,1612.34,1625.93,1519.42,0.5472
1925-11-28-blackburn-rovers-h,1925-11-28,1625.93,1636.23,1573.41,0.6565
1925-12-05-sunderland-a,1925-12-05,1636.23,1622.99,1540.04,0.5519
1925-12-12-sheffield-united-h,1925-12-12,1622.99,1605.71,1519.19,0.7197
1925-12-19-west-bromwich-albion-a,1925-12-19,1605.71,1586.42,1574.07,0.4593
1925-12-25-bolton-wanderers-h,1925-12-25,1586.42,1595.18,1550.26,0.635
1925-12-28-leicester-city-a,1925-12-28,1595.18,1607.25,1466.2,0.598
1926-01-02-west-ham-united-h,1926-01-02,1607.25,1614.5,1521.84,0.6978
1926-01-09-port-vale-a,1926-01-09,1614.5,1624.81,1460.68,0.6318
1926-01-16-arsenal-a,1926-01-16,1624.81,1612.14,1545.55,0.5277
1926-01-23-manchester-city-h,1926-01-23,1612.14,1577.39,1504.59,0.724
1926-01-30-tottenham-hotspur-a,1926-01-30,1577.39,1578.97,1556.84,0.4435
1926-02-03-tottenham-hotspur-h,1926-02-03,1578.97,1592.33,1555.26,0.6182
1926-02-06-burnley-a,1926-02-06,1592.33,1606.75,1603.38,0.3992
1926-02-13-leeds-united-h,1926-02-13,1606.75,1613.22,1493.44,0.7306
1926-02-20-sunderland-a,1926-02-20,1613.22,1613.22,1553.28,0.4999
1926-02-24-sunderland-h,1926-02-24,1613.22,1622.57,1553.28,0.6661
1926-02-27-tottenham-hotspur-a,1926-02-27,1622.57,1633.86,1541.9,0.5297
1926-03-06-fulham-a,1926-03-06,1633.86,1646.13,1530.78,0.5617
1926-03-10-liverpool-h,1926-03-10,1646.13,1641.83,1575.79,0.6792
1926-03-13-huddersfield-town-a,1926-03-13,1641.83,1613.64,1520.57,0.5873
1926-03-17-bolton-wanderers-a,1926-03-17,1613.64,1598.12,1541.5,0.5175
1926-03-20-everton-h,1926-03-20,1598.12,1596.12,1599.65,0.5834
1926-03-27-manchester-city-n,1926-03-27,1596.12,1571.72,1539.34,0.581
1926-04-02-notts-county-a,1926-04-02,1571.72,1588.12,1480.83,0.5443
1926-04-03-bury-h,1926-04-03,1588.12,1571.46,1505.84,0.694
1926-04-05-notts-county-h,1926-04-05,1571.46,1554.1,1464.43,0.7234
1926-04-10-blackburn-rovers-a,1926-04-10,1554.1,1529.98,1563.1,0.402
1926-04-14-newcastle-united-a,1926-04-14,1529.98,1514.72,1523.31,0.4238
1926-04-19-birmingham-city-a,1926-04-19,1514.72,1504.57,1508.71,0.4229
1926-04-21-sunderland-h,1926-04-21,1504.57,1524.33,1543.93,0.5297
1926-04-24-sheffield-united-a,1926-04-24,1524.33,1512.4,1536.46,0.3977
1926-04-28-cardiff-city-h,1926-04-28,1512.4,1522.32,1511.68,0.5865
1926-05-01-west-bromwich-albion-h,1926-05-01,1522.32,1534.7,1593.36,0.4841
1926-08-28-liverpool-a,1926-08-28,1534.7,1524.12,1580.09,0.3528
1926-08-30-sheffield-united-a,1926-08-30,1524.12,1526.97,1548.39,0.381
1926-09-04-leeds-united-h,1926-09-04,1526.97,1523.61,1486.97,0.6401
1926-09-11-newcastle-united-a,1926-09-11,1523.61,1511.8,1538.57,0.3938
1926-09-15-arsenal-h,1926-09-15,1511.8,1511.33,1558.21,0.5195
1926-09-18-burnley-h,1926-09-18,1511.33,1523.94,1588.96,0.4746
1926-09-25-cardiff-city-a,1926-09-25,1523.94,1540.56,1501.76,0.4458
1926-10-02-aston-villa-h,1926-10-02,1540.56,1552.39,1595.53,0.5073
1926-10-09-bolton-wanderers-a,1926-10-09,1552.39,1535.25,1557.03,0.408
1926-10-16-bury-a,1926-10-16,1535.25,1555.69,1522.5,0.4324
1926-10-23-birmingham-city-h,1926-10-23,1555.69,1540.43,1518.86,0.6358
1926-10-30-west-ham-united-a,1926-10-30,1540.43,1521.48,1514.59,0.451
1926-11-06-sheffield-wednesday-h,1926-11-06,1521.48,1519.69,1529.28,0.5746
1926-11-13-leicester-city-a,1926-11-13,1519.69,1531.5,1454.14,0.508
1926-11-20-everton-h,1926-11-20,1531.5,1543.85,1601.65,0.4854
1926-11-27-blackburn-rovers-a,1926-11-27,1543.85,1535.32,1587.22,0.3555
1926-12-04-huddersfield-town-h,1926-12-04,1535.32,1533.72,1548.75,0.5666
1926-12-11-sunderland-a,1926-12-11,1533.72,1510.62,1524.18,0.4279
1926-12-18-west-bromwich-albion-h,1926-12-18,1510.62,1526.06,1580.98,0.4851
1926-12-25-tottenham-hotspur-a,1926-12-25,1526.06,1528.27,1530.61,0.4082
1926-12-27-tottenham-hotspur-h,1926-12-27,1528.27,1538.22,1528.41,0.5853
1926-12-28-arsenal-a,1926-12-28,1538.22,1528.95,1558.68,0.3862
1927-01-01-sheffield-united-h,1927-01-01,1528.95,1549.97,1545.53,0.5622
1927-01-08-reading-a,1927-01-08,1549.97,1549.92,1488.75,0.5018
1927-01-12-reading-h,1927-01-12,1549.92,1545.23,1488.8,0.6676
1927-01-15-liverpool-h,1927-01-15,1545.23,1532.72,1590.68,0.5209
1927-01-17-reading-a,1927-01-17,1532.72,1519.56,1493.49,0.4702
1927-01-22-leeds-united-a,1927-01-22,1519.56,1532.62,1490.33,0.4558
1927-02-05-burnley-a,1927-02-05,1532.62,1524.1,1576.35,0.355
1927-02-09-newcastle-united-h,1927-02-09,1524.1,1537.65,1550.39,0.5484
1927-02-12-cardiff-city-h,1927-02-12,1537.65,1533.89,1485.13,0.6565
1927-02-19-aston-villa-a,1927-02-19,1533.89,1523.48,1583.7,0.347
1927-02-26-bolton-wanderers-h,1927-02-26,1523.48,1523.16,1574.17,0.5134
1927-03-05-bury-h,1927-03-05,1523.16,1508.41,1502.07,0.6146
1927-03-12-birmingham-city-a,1927-03-12,1508.41,1492.49,1534.12,0.3791
1927-03-19-west-ham-united-h,1927-03-19,1492.49,1473.51,1533.53,0.5273
1927-03-26-sheffield-wednesday-a,1927-03-26,1473.51,1463.4,1531.07,0.337
1927-04-02-leicester-city-h,1927-04-02,1463.4,1472.65,1442.34,0.6146
1927-04-09-everton-a,1927-04-09,1472.65,1478.27,1589.3,0.2656
1927-04-15-derby-county-h,1927-04-15,1478.27,1479.57,1576.12,0.4457
1927-04-16-blackburn-rovers-h,1927-04-16,1479.57,1496.98,1595.75,0.4198
1927-04-18-derby-county-a,1927-04-18,1496.98,1501.5,1574.82,0.3114
1927-04-23-huddersfield-town-a,1927-04-23,1501.5,1505.14,1550.35,0.3483
1927-04-30-sunderland-h,1927-04-30,1505.14,1504.53,1547.28,0.5257
1927-05-07-west-bromwich-albion-a,1927-05-07,1504.53,1508.55,1565.53,0.3326
1927-08-27-middlesbrough-h,1927-08-27,1508.55,1527.86,1593.87,0.4636
1927-08-29-sheffield-wednesday-a,1927-08-29,1527.86,1545.98,1541.18,0.396
1927-09-03-birmingham-city-a,1927-09-03,1545.98,1548.16,1550.04,0.4088
1927-09-07-sheffield-wednesday-h,1927-09-07,1548.16,1545.28,1523.06,0.6201
1927-09-10-newcastle-united-h,1927-09-10,1545.28,1513.03,1536.84,0.5972
1927-09-17-huddersfield-town-a,1927-09-17,1513.03,1501.98,1546.71,0.3684
1927-09-19-blackburn-rovers-a,1927-09-19,1501.98,1490.7,1578.35,0.3132
1927-09-24-tottenham-hotspur-h,1927-09-24,1490.7,1507.04,1518.45,0.5463
1927-10-01-leicester-city-a,1927-10-01,1507.04,1494.56,1433.09,0.5201
1927-10-08-everton-a,1927-10-08,1494.56,1483.84,1583.68,0.2977
1927-10-15-cardiff-city-h,1927-10-15,1483.84,1481.96,1488.89,0.5784
1927-10-22-derby-county-h,1927-10-22,1481.96,1507.91,1570.29,0.4593
1927-10-29-west-ham-united-a,1927-10-29,1507.91,1523.42,1552.51,0.3539
1927-11-05-portsmouth-h,1927-11-05,1523.42,1535.19,1507.39,0.6077
1927-11-12-sunderland-a,1927-11-12,1535.19,1520.9,1547.9,0.3969
1927-11-19-aston-villa-h,1927-11-19,1520.9,1542.7,1594.11,0.481
1927-11-26-burnley-a,1927-11-26,1542.7,1527.7,1584.87,0.3571
1927-12-03-bury-h,1927-12-03,1527.7,1513.29,1516.82,0.6006
1927-12-10-sheffield-united-a,1927-12-10,1513.29,1503.71,1524.52,0.3989
1927-12-17-arsenal-h,1927-12-17,1503.71,1521.93,1567.95,0.4939
1927-12-24-liverpool-a,1927-12-24,1521.93,1512.72,1603.18,0.3072
1927-12-26-blackburn-rovers-h,1927-12-26,1512.72,1513.3,1589.62,0.4757
1927-12-31-middlesbrough-a,1927-12-31,1513.3,1529.32,1574.56,0.3322
1928-01-07-birmingham-city-h,1928-01-07,1529.32,1527.9,1547.86,0.5594
1928-01-14-brentford-h,1928-01-14,1527.9,1551.6,1500,0.6239
1928-01-21-newcastle-united-a,1928-01-21,1551.6,1537.55,1569.09,0.3903
1928-01-28-bury-a,1928-01-28,1537.55,1539.69,1531.23,0.4233
1928-02-01-bury-h,1928-02-01,1539.69,1550.88,1529.08,0.6002
1928-02-04-tottenham-hotspur-a,1928-02-04,1550.88,1533.47,1502.12,0.4838
1928-02-11-leicester-city-h,1928-02-11,1533.47,1544.24,1445.57,0.7009
1928-02-18-birmingham-city-h,1928-02-18,1544.24,1556.04,1549.28,0.5784
1928-02-25-cardiff-city-a,1928-02-25,1556.04,1540.81,1490.77,0.5076
1928-03-03-blackburn-rovers-a,1928-03-03,1540.81,1528.59,1589.04,0.3491
1928-03-07-huddersfield-town-h,1928-03-07,1528.59,1527.53,1557.76,0.5443
1928-03-10-west-ham-united-h,1928-03-10,1527.53,1525.8,1537,0.5722
1928-03-14-everton-h,1928-03-14,1525.8,1538.1,1594.39,0.4876
1928-03-17-portsmouth-a,1928-03-17,1538.1,1526.7,1495.62,0.4748
1928-03-28-derby-county-a,1928-03-28,1526.7,1507.98,1544.34,0.3901
1928-03-31-aston-villa-a,1928-03-31,1507.98,1498.13,1572.31,0.3283
1928-04-06-bolton-wanderers-a,1928-04-06,1498.13,1490.61,1574.49,0.3133
1928-04-07-burnley-h,1928-04-07,1490.61,1504.3,1599.87,0.4296
1928-04-09-bolton-wanderers-h,1928-04-09,1504.3,1516.91,1582,0.4745
1928-04-14-bury-a,1928-04-14,1516.91,1506.99,1517.89,0.4131
1928-04-21-sheffield-united-h,1928-04-21,1506.99,1493.86,1534.09,0.5472
1928-04-25-sunderland-h,1928-04-25,1493.86,1506.15,1562.19,0.488
1928-04-28-arsenal-a,1928-04-28,1506.15,1521.62,1549.73,0.3552
1928-05-05-liverpool-h,1928-05-05,1521.62,1547.74,1612.4,0.4558
1928-08-25-leicester-city-h,1928-08-25,1547.74,1542.22,1434.8,0.7302
1928-08-27-aston-villa-a,1928-08-27,1542.22,1545.58,1582.16,0.36
1928-09-01-manchester-city-a,1928-09-01,1545.58,1548.23,1563.74,0.3894
1928-09-08-leeds-united-a,1928-09-08,1548.23,1535.86,1477.27,0.5158
1928-09-15-liverpool-h,1928-09-15,1535.86,1535.52,1586.28,0.5138
1928-09-22-west-ham-united-a,1928-09-22,1535.52,1523.22,1538.74,0.41
1928-09-29-newcastle-united-h,1928-09-29,1523.22,1547.22,1583.14,0.5001
1928-10-06-burnley-a,1928-10-06,1547.22,1562.55,1586.18,0.3613
1928-10-13-cardiff-city-h,1928-10-13,1562.55,1558.67,1506,0.6617
1928-10-20-birmingham-city-h,1928-10-20,1558.67,1567.91,1537.48,0.6148
1928-10-27-huddersfield-town-a,1928-10-27,1567.91,1581.66,1558.83,0.4272
1928-11-03-bolton-wanderers-h,1928-11-03,1581.66,1579.2,1569.39,0.6025
1928-11-10-sheffield-wednesday-a,1928-11-10,1579.2,1567.43,1525.95,0.4903
1928-11-17-derby-county-h,1928-11-17,1567.43,1553.23,1563.06,0.5916
1928-11-24-sunderland-a,1928-11-24,1553.23,1535.63,1549.9,0.4192
1928-12-01-blackburn-rovers-h,1928-12-01,1535.63,1517.92,1601.26,0.4919
1928-12-08-arsenal-a,1928-12-08,1517.92,1506.16,1534.25,0.3919
1928-12-15-everton-h,1928-12-15,1506.16,1506.71,1582.09,0.4771
1928-12-22-portsmouth-a,1928-12-22,1506.71,1491.81,1507.01,0.4141
1928-12-25-sheffield-united-h,1928-12-25,1491.81,1491.65,1547.22,0.5066
1928-12-26-sheffield-united-a,1928-12-26,1491.65,1475.36,1547.38,0.3393
1928-12-29-leicester-city-a,1928-12-29,1475.36,1464.22,1440.32,0.4641
1929-01-01-aston-villa-h,1929-01-01,1464.22,1466.09,1578.8,0.4221
1929-01-05-manchester-city-h,1929-01-05,1466.09,1455.29,1561.09,0.4498
1929-01-12-port-vale-a,1929-01-12,1455.29,1479.6,1450.37,0.4214
1929-01-19-leeds-united-h,1929-01-19,1479.6,1465.88,1489.65,0.5714
1929-01-26-bury-h,1929-01-26,1465.88,1451.96,1527.81,0.4972
1929-02-02-west-ham-united-h,1929-02-02,1451.96,1441.3,1551.04,0.444
1929-02-09-newcastle-united-a,1929-02-09,1441.3,1428.62,1559.14,0.2643
1929-02-13-liverpool-a,1929-02-13,1428.62,1447.29,1586.61,0.2219
1929-02-16-burnley-h,1929-02-16,1447.29,1461.46,1570.85,0.4095
1929-02-23-cardiff-city-a,1929-02-23,1461.46,1465.09,1509.88,0.3489
1929-03-02-birmingham-city-a,1929-03-02,1465.09,1469.17,1528.23,0.3299
1929-03-09-huddersfield-town-h,1929-03-09,1469.17,1481.72,1545.08,0.4771
1929-03-16-bolton-wanderers-a,1929-03-16,1481.72,1486.61,1571.85,0.2965
1929-03-23-sheffield-wednesday-h,1929-03-23,1486.61,1498.3,1537.71,0.5128
1929-03-29-bury-a,1929-03-29,1498.3,1517.64,1541.73,0.3554
1929-03-30-derby-county-a,1929-03-30,1517.64,1501.59,1577.26,0.3343
1929-04-01-bury-h,1929-04-01,1501.59,1512.24,1522.39,0.5562
1929-04-06-sunderland-h,1929-04-06,1512.24,1530,1567.5,0.5068
1929-04-13-blackburn-rovers-a,1929-04-13,1530,1555.27,1618.97,0.2979
1929-04-20-arsenal-h,1929-04-20,1555.27,1569.73,1546.01,0.5984
1929-04-27-everton-a,1929-04-27,1569.73,1587.79,1581.55,0.3981
1929-05-04-portsmouth-h,1929-05-04,1587.79,1583.62,1521.92,0.6736
1929-08-31-newcastle-united-a,1929-08-31,1583.62,1568.1,1571.83,0.4311
1929-09-02-leicester-city-a,1929-09-02,1568.1,1547.2,1451.46,0.5808
1929-09-07-blackburn-rovers-h,1929-09-07,1547.2,1558.73,1593.69,0.5194
1929-09-11-leicester-city-h,1929-09-11,1558.73,1565.95,1472.37,0.699
1929-09-14-middlesbrough-a,1929-09-14,1565.95,1579.76,1558.54,0.4249
1929-09-21-liverpool-h,1929-09-21,1579.76,1565.31,1567.93,0.6019
1929-09-28-west-ham-united-a,1929-09-28,1565.31,1555.24,1561.69,0.4196
1929-10-05-manchester-city-h,1929-10-05,1555.24,1538.38,1571.88,0.5621
1929-10-07-sheffield-united-a,1929-10-07,1538.38,1526.99,1563.67,0.3797
1929-10-12-grimsby-town-h,1929-10-12,1526.99,1502.4,1453.61,0.683
1929-10-19-portsmouth-a,1929-10-19,1502.4,1488.65,1526.09,0.3818
1929-10-26-arsenal-h,1929-10-26,1488.65,1500.06,1531.55,0.5246
1929-11-02-aston-villa-a,1929-11-02,1500.06,1492.56,1576.93,0.3126
1929-11-09-derby-county-h,1929-11-09,1492.56,1505.96,1593.31,0.4416
1929-11-16-sheffield-wednesday-a,1929-11-16,1505.96,1487.4,1526.02,0.3868
1929-11-23-burnley-h,1929-11-23,1487.4,1499.72,1556.68,0.4866
1929-11-30-sunderland-a,1929-11-30,1499.72,1519.31,1549.75,0.3467
1929-12-07-bolton-wanderers-h,1929-12-07,1519.31,1518.89,1566.97,0.5178
1929-12-14-everton-a,1929-12-14,1518.89,1522.39,1563.49,0.3539
1929-12-21-leeds-united-h,1929-12-21,1522.39,1534.04,1503.36,0.6118
1929-12-25-birmingham-city-h,1929-12-25,1534.04,1531.66,1524.15,0.5992
1929-12-26-birmingham-city-a,1929-12-26,1531.66,1545.54,1526.53,0.4217
1929-12-28-newcastle-united-h,1929-12-28,1545.54,1568.28,1587.35,0.5262
1930-01-04-blackburn-rovers-a,1930-01-04,1568.28,1558.8,1582.16,0.3953
1930-01-11-swindon-town-h,1930-01-11,1558.8,1535.77,1505.2,0.6579
1930-01-18-middlesbrough-h,1930-01-18,1535.77,1515.15,1544.73,0.5729
1930-01-25-liverpool-a,1930-01-25,1515.15,1507.35,1582.38,0.3247
1930-02-01-west-ham-united-h,1930-02-01,1507.35,1522.54,1571.76,0.4937
1930-02-08-manchester-city-a,1930-02-08,1522.54,1538.72,1588.74,0.326
1930-02-15-grimsby-town-a,1930-02-15,1538.72,1538.7,1478.2,0.5008
1930-02-22-portsmouth-h,1930-02-22,1538.7,1553.68,1539.83,0.5839
1930-03-01-bolton-wanderers-a,1930-03-01,1553.68,1539.44,1567.4,0.3955
1930-03-08-aston-villa-h,1930-03-08,1539.44,1526.93,1584.44,0.5216
1930-03-12-arsenal-a,1930-03-12,1526.93,1514.21,1520.14,0.424
1930-03-15-derby-county-a,1930-03-15,1514.21,1518.37,1579.91,0.3266
1930-03-29-burnley-a,1930-03-29,1518.37,1502.46,1544.36,0.3787
1930-04-05-sunderland-h,1930-04-05,1502.46,1513.35,1530.15,0.5464
1930-04-14-sheffield-wednesday-h,1930-04-14,1513.35,1512.36,1544.59,0.5413
1930-04-18-huddersfield-town-h,1930-04-18,1512.36,1522.99,1532.53,0.5571
1930-04-19-everton-h,1930-04-19,1522.99,1522.19,1559.98,0.5331
1930-04-22-huddersfield-town-a,1930-04-22,1522.19,1524.24,1521.9,0.4149
1930-04-26-leeds-united-a,1930-04-26,1524.24,1510.42,1491.72,0.4605
1930-05-03-sheffield-united-h,1930-05-03,1510.42,1489.7,1575.06,0.4933
1930-08-30-aston-villa-h,1930-08-30,1489.7,1479.32,1596.95,0.4324
1930-09-03-middlesbrough-a,1930-09-03,1479.32,1470.28,1565.36,0.3014
1930-09-06-chelsea-a,1930-09-06,1470.28,1452.64,1466.37,0.42
1930-09-10-huddersfield-town-h,1930-09-10,1452.64,1426.2,1519.86,0.4896
1930-09-13-newcastle-united-h,1930-09-13,1426.2,1412.2,1564.6,0.389
1930-09-15-huddersfield-town-a,1930-09-15,1412.2,1403.32,1546.3,0.2465
1930-09-20-sheffield-wednesday-a,1930-09-20,1403.32,1394.76,1545.58,0.2379
1930-09-27-grimsby-town-h,1930-09-27,1394.76,1380.77,1478.22,0.4663
1930-10-04-manchester-city-a,1930-10-04,1380.77,1373.93,1572.57,0.1901
1930-10-11-west-ham-united-a,1930-10-11,1373.93,1365.6,1556.57,0.1983
1930-10-18-arsenal-h,1930-10-18,1365.6,1357.19,1532.86,0.3504
1930-10-25-portsmouth-a,1930-10-25,1357.19,1349.54,1524.85,0.2124
1930-11-01-birmingham-city-h,1930-11-01,1349.54,1368.87,1512.65,0.3558
1930-11-08-leicester-city-a,1930-11-08,1368.87,1361.93,1465.15,0.2891
1930-11-15-blackpool-h,1930-11-15,1361.93,1363.22,1459.34,0.4464
1930-11-22-sheffield-united-a,1930-11-22,1363.22,1358.52,1595.78,0.1565
1930-11-29-sunderland-h,1930-11-29,1358.52,1361.9,1519.26,0.3589
1930-12-06-blackburn-rovers-a,1930-12-06,1361.9,1356.19,1591.64,0.1587
1930-12-13-derby-county-h,1930-12-13,1356.19,1373.34,1575.75,0.2853
1930-12-20-leeds-united-a,1930-12-20,1373.34,1361.41,1505.54,0.2486
1930-12-25-bolton-wanderers-a,1930-12-25,1361.41,1356.43,1581.63,0.1662
1930-12-26-bolton-wanderers-h,1930-12-26,1356.43,1361.88,1586.62,0.273
1930-12-27-aston-villa-a,1930-12-27,1361.88,1353.06,1607.33,0.147
1931-01-01-leeds-united-h,1931-01-01,1353.06,1356.56,1517.47,0.3541
1931-01-03-chelsea-h,1931-01-03,1356.56,1370.86,1484.01,0.4041
1931-01-10-stoke-city-a,1931-01-10,1370.86,1377.86,1501.65,0.2501
1931-01-14-stoke-city-h,1931-01-14,1377.86,1380.13,1494.65,0.419
1931-01-17-newcastle-united-a,1931-01-17,1380.13,1375.71,1578.61,0.1842
1931-01-19-stoke-city-a,1931-01-19,1375.71,1401.41,1492.38,0.2656
1931-01-24-grimsby-town-a,1931-01-24,1401.41,1393.13,1492.21,0.2957
1931-01-28-sheffield-wednesday-h,1931-01-28,1393.13,1416.22,1554.14,0.3586
1931-01-31-grimsby-town-a,1931-01-31,1416.22,1408.94,1500.48,0.3036
1931-02-07-manchester-city-h,1931-02-07,1408.94,1398.55,1579.41,0.3462
1931-02-14-west-ham-united-h,1931-02-14,1398.55,1414.11,1564.9,0.3516
1931-02-21-arsenal-a,1931-02-21,1414.11,1404.97,1541.27,0.254
1931-03-07-birmingham-city-a,1931-03-07,1404.97,1409.8,1493.33,0.2986
1931-03-16-portsmouth-h,1931-03-16,1409.8,1399.95,1532.5,0.4107
1931-03-21-blackpool-a,1931-03-21,1399.95,1385.82,1458.05,0.3363
1931-03-25-leicester-city-h,1931-03-25,1385.82,1386.73,1472.09,0.4623
1931-03-28-sheffield-united-h,1931-03-28,1386.73,1379.72,1600.48,0.2921
1931-04-03-liverpool-a,1931-04-03,1379.72,1387.54,1590.17,0.1741
1931-04-04-sunderland-a,1931-04-04,1387.54,1405.47,1515.88,0.2527
1931-04-06-liverpool-h,1931-04-06,1405.47,1429.31,1582.35,0.3379
1931-04-11-blackburn-rovers-h,1931-04-11,1429.31,1420.92,1597.36,0.3493
1931-04-18-derby-county-a,1931-04-18,1420.92,1409.27,1558.59,0.2427
1931-05-02-middlesbrough-h,1931-05-02,1409.27,1412.8,1574.4,0.3532
1931-08-29-bradford-park-avenue-a,1931-08-29,1412.8,1403.25,1484.99,0.3184
1931-09-02-southampton-h,1931-09-02,1403.25,1391.94,1483.25,0.4712
1931-09-05-swansea-city-h,1931-09-05,1391.94,1405.59,1500,0.4313
1931-09-07-stoke-city-a,1931-09-07,1405.59,1393.62,1466.68,0.3325
1931-09-12-tottenham-hotspur-h,1931-09-12,1393.62,1395.87,1519.54,0.4063
1931-09-16-stoke-city-h,1931-09-16,1395.87,1396.65,1478.65,0.4673
1931-09-19-nottingham-forest-a,1931-09-19,1396.65,1392.04,1586.3,0.192
1931-09-26-chesterfield-h,1931-09-26,1392.04,1409.34,1505.56,0.4236
1931-10-03-burnley-a,1931-10-03,1409.34,1402.47,1560.26,0.229
1931-10-10-preston-north-end-h,1931-10-10,1402.47,1416.81,1531.28,0.4022
1931-10-17-barnsley-a,1931-10-17,1416.81,1420.08,1453.78,0.364
1931-10-24-notts-county-h,1931-10-24,1420.08,1420.14,1481.79,0.4975
1931-10-31-plymouth-argyle-a,1931-10-31,1420.14,1409.92,1474.93,0.3406
1931-11-07-leeds-united-h,1931-11-07,1409.92,1394.19,1513.96,0.437
1931-11-14-oldham-athletic-a,1931-11-14,1394.19,1424.42,1498,0.2803
1931-11-21-bury-h,1931-11-21,1424.42,1413.36,1511.74,0.4608
1931-11-28-port-vale-a,1931-11-28,1413.36,1427.83,1426.07,0.3969
1931-12-05-millwall-h,1931-12-05,1427.83,1443.36,1500,0.4825
1931-12-12-bradford-city-a,1931-12-12,1443.36,1434.06,1463,0.3874
1931-12-19-bristol-city-h,1931-12-19,1434.06,1421.65,1482.11,0.5172
1931-12-25-wolverhampton-wanderers-h,1931-12-25,1421.65,1432.15,1438.12,0.5623
1931-12-26-wolverhampton-wanderers-a,1931-12-26,1432.15,1406.9,1427.62,0.4209
1932-01-02-bradford-park-avenue-h,1932-01-02,1406.9,1393.09,1494.54,0.4603
1932-01-09-plymouth-argyle-a,1932-01-09,1393.09,1380.74,1485.15,0.2942
1932-01-16-swansea-city-a,1932-01-16,1380.74,1372.39,1486.35,0.2782
1932-01-23-tottenham-hotspur-a,1932-01-23,1372.39,1363.93,1517.29,0.2351
1932-01-30-nottingham-forest-h,1932-01-30,1363.93,1381.29,1590.91,0.2766
1932-02-06-chesterfield-a,1932-02-06,1381.29,1402.99,1488.27,0.2766
1932-02-17-burnley-h,1932-02-17,1402.99,1430.1,1567.13,0.3545
1932-02-20-preston-north-end-a,1932-02-20,1430.1,1434.89,1516.93,0.3004
1932-02-27-barnsley-h,1932-02-27,1434.89,1450.61,1450.52,0.5635
1932-03-05-notts-county-a,1932-03-05,1450.61,1465.68,1481.73,0.3718
1932-03-12-plymouth-argyle-h,1932-03-12,1465.68,1476.71,1497.5,0.5405
1932-03-19-leeds-united-a,1932-03-19,1476.71,1500.37,1529.69,0.3429
1932-03-25-charlton-athletic-h,1932-03-25,1500.37,1482.79,1500,0.586
1932-03-26-oldham-athletic-h,1932-03-26,1482.79,1499.32,1467.77,0.6063
1932-03-28-charlton-athletic-a,1932-03-28,1499.32,1489.98,1517.58,0.3892
1932-04-02-bury-a,1932-04-02,1489.98,1493.11,1522.8,0.3695
1932-04-09-port-vale-h,1932-04-09,1493.11,1502.32,1411.59,0.6931
1932-04-16-millwall-a,1932-04-16,1502.32,1503.77,1484.48,0.4396
1932-04-23-bradford-city-h,1932-04-23,1503.77,1512.68,1472.29,0.6287
1932-04-30-bristol-city-a,1932-04-30,1512.68,1502.12,1494.52,0.4401
1932-05-07-southampton-a,1932-05-07,1502.12,1503.92,1494.56,0.4251
1932-08-27-stoke-city-h,1932-08-27,1503.92,1485.27,1477.86,0.6214
1932-08-29-charlton-athletic-a,1932-08-29,1485.27,1500.69,1526.92,0.3578
1932-09-03-southampton-a,1932-09-03,1500.69,1487.92,1492.77,0.4256
1932-09-07-charlton-athletic-h,1932-09-07,1487.92,1486.67,1511.51,0.5522
1932-09-10-tottenham-hotspur-a,1932-09-10,1486.67,1469.33,1525.75,0.3611
1932-09-17-grimsby-town-h,1932-09-17,1469.33,1468.59,1507.77,0.531
1932-09-24-oldham-athletic-a,1932-09-24,1468.59,1470.05,1451.24,0.4389
1932-10-01-preston-north-end-h,1932-10-01,1470.05,1469.44,1512.14,0.5258
1932-10-08-burnley-a,1932-10-08,1469.44,1485.74,1540.02,0.3204
1932-10-15-bradford-park-avenue-h,1932-10-15,1485.74,1496.46,1508.35,0.5536
1932-10-22-millwall-h,1932-10-22,1496.46,1517.83,1483.03,0.6041
1932-10-29-port-vale-a,1932-10-29,1517.83,1515.94,1402.39,0.5791
1932-11-05-notts-county-h,1932-11-05,1515.94,1526.37,1466.65,0.6523
1932-11-12-bury-a,1932-11-12,1526.37,1528.19,1519.67,0.4239
1932-11-19-fulham-h,1932-11-19,1528.19,1537.82,1518.51,0.599
1932-11-26-chesterfield-a,1932-11-26,1537.82,1537.43,1466.57,0.5162
1932-12-03-bradford-city-h,1932-12-03,1537.43,1521.02,1463.38,0.6839
1932-12-10-west-ham-united-a,1932-12-10,1521.02,1509.75,1549.34,0.3756
1932-12-17-lincoln-city-h,1932-12-17,1509.75,1524.58,1507.92,0.5881
1932-12-24-swansea-city-a,1932-12-24,1524.58,1513.62,1494.7,0.4568
1932-12-26-plymouth-argyle-a,1932-12-26,1513.62,1526.75,1486.47,0.4529
1932-12-31-stoke-city-a,1932-12-31,1526.75,1527.77,1496.5,0.4573
1933-01-02-plymouth-argyle-h,1933-01-02,1527.77,1542.1,1473.34,0.659
1933-01-07-southampton-h,1933-01-07,1542.1,1526.85,1505.53,0.6355
1933-01-14-middlesbrough-h,1933-01-14,1526.85,1504.88,1570.88,0.523
1933-01-21-tottenham-hotspur-h,1933-01-21,1504.88,1516.13,1543.09,0.5313
1933-01-31-grimsby-town-a,1933-01-31,1516.13,1517.93,1508.51,0.4252
1933-02-04-oldham-athletic-h,1933-02-04,1517.93,1527.63,1449.77,0.6765
1933-02-11-preston-north-end-a,1933-02-11,1527.63,1529.18,1512.76,0.4354
1933-02-22-burnley-h,1933-02-22,1529.18,1538.95,1523.71,0.5931
1933-03-04-millwall-a,1933-03-04,1538.95,1523.2,1461.65,0.5249
1933-03-11-port-vale-h,1933-03-11,1523.2,1517.51,1404.29,0.7369
1933-03-18-notts-county-a,1933-03-18,1517.51,1505.47,1456.22,0.5019
1933-03-25-bury-h,1933-03-25,1505.47,1488.43,1517.84,0.5681
1933-04-01-fulham-a,1933-04-01,1488.43,1476.84,1508.88,0.3862
1933-04-05-bradford-park-avenue-a,1933-04-05,1476.84,1479.58,1497.64,0.3858
1933-04-08-chesterfield-h,1933-04-08,1479.58,1489.11,1466.96,0.603
1933-04-14-nottingham-forest-a,1933-04-14,1489.11,1481.83,1573.55,0.3033
1933-04-15-bradford-city-a,1933-04-15,1481.83,1495.81,1479.79,0.4173
1933-04-17-nottingham-forest-h,1933-04-17,1495.81,1508.67,1580.83,0.4641
1933-04-22-west-ham-united-h,1933-04-22,1508.67,1496.4,1560.61,0.5116
1933-04-29-lincoln-city-a,1933-04-29,1496.4,1486.34,1493.09,0.4191
1933-05-06-swansea-city-h,1933-05-06,1486.34,1484.94,1505.66,0.5583
1933-08-26-plymouth-argyle-a,1933-08-26,1484.94,1465.99,1459.02,0.4511
1933-08-30-nottingham-forest-h,1933-08-30,1465.99,1455.43,1567.97,0.4399
1933-09-02-lincoln-city-h,1933-09-02,1455.43,1455.01,1503.15,0.5177
1933-09-07-nottingham-forest-a,1933-09-07,1455.01,1460.82,1578.52,0.258
1933-09-09-bolton-wanderers-h,1933-09-09,1460.82,1443.43,1581.17,0.414
1933-09-16-brentford-a,1933-09-16,1443.43,1458.56,1476.3,0.3694
1933-09-23-burnley-h,1933-09-23,1458.56,1476.32,1513.95,0.5066
1933-09-30-oldham-athletic-a,1933-09-30,1476.32,1462.35,1440.06,0.4659
1933-10-07-preston-north-end-h,1933-10-07,1462.35,1473.96,1511.21,0.516
1933-10-14-bradford-park-avenue-a,1933-10-14,1473.96,1455.45,1494.9,0.3856
1933-10-21-bury-a,1933-10-21,1455.45,1448.03,1534.88,0.3095
1933-10-28-hull-city-h,1933-10-28,1448.03,1463.7,1462.96,0.5645
1933-11-04-fulham-a,1933-11-04,1463.7,1483.56,1520.47,0.338
1933-11-11-southampton-h,1933-11-11,1483.56,1494.78,1520.79,0.5327
1933-11-18-blackpool-a,1933-11-18,1494.78,1481.39,1472.17,0.4464
1933-11-25-bradford-city-h,1933-11-25,1481.39,1490.82,1465.81,0.6071
1933-12-02-port-vale-a,1933-12-02,1490.82,1502.1,1409.97,0.53
1933-12-09-notts-county-h,1933-12-09,1502.1,1486.93,1468.27,0.6318
1933-12-16-swansea-city-a,1933-12-16,1486.93,1477.65,1507.06,0.3867
1933-12-23-millwall-h,1933-12-23,1477.65,1475.59,1477.4,0.5859
1933-12-25-grimsby-town-h,1933-12-25,1475.59,1459.35,1506.72,0.5415
1933-12-26-grimsby-town-a,1933-12-26,1459.35,1445.52,1522.96,0.3293
1933-12-30-plymouth-argyle-h,1933-12-30,1445.52,1426.1,1477.96,0.5396
1934-01-06-lincoln-city-a,1934-01-06,1426.1,1413,1503.57,0.3119
1934-01-13-portsmouth-h,1934-01-13,1413,1415.75,1542.36,0.4015
1934-01-17-portsmouth-a,1934-01-17,1415.75,1404.93,1539.6,0.2576
1934-01-20-bolton-wanderers-a,1934-01-20,1404.93,1399.28,1598.56,0.1885
1934-01-27-brentford-h,1934-01-27,1399.28,1384.36,1461.17,0.4973
1934-02-03-burnley-a,1934-02-03,1384.36,1410.6,1496.19,0.2711
1934-02-10-oldham-athletic-h,1934-02-10,1410.6,1398.03,1454.04,0.5238
1934-02-21-preston-north-end-a,1934-02-21,1398.03,1391.24,1499.6,0.2829
1934-02-24-bradford-park-avenue-h,1934-02-24,1391.24,1373.96,1513.4,0.4115
1934-03-03-bury-h,1934-03-03,1373.96,1389.58,1542.31,0.3489
1934-03-10-hull-city-a,1934-03-10,1389.58,1377.46,1447.28,0.3368
1934-03-17-fulham-h,1934-03-17,1377.46,1391.62,1500.61,0.4101
1934-03-24-southampton-a,1934-03-24,1391.62,1385.28,1509.57,0.2642
1934-03-30-west-ham-united-h,1934-03-30,1385.28,1377.5,1572.89,0.3242
1934-03-31-blackpool-h,1934-03-31,1377.5,1394.56,1485.57,0.4313
1934-04-02-west-ham-united-a,1934-04-02,1394.56,1389.87,1580.67,0.1952
1934-04-07-bradford-city-a,1934-04-07,1389.87,1394.06,1456.38,0.3256
1934-04-14-port-vale-h,1934-04-14,1394.06,1406.69,1398.69,0.579
1934-04-21-notts-county-a,1934-04-21,1406.69,1411.18,1483.43,0.3128
1934-04-28-swansea-city-h,1934-04-28,1411.18,1412.73,1516.34,0.4354
1934-05-05-millwall-a,1934-05-05,1412.73,1432.97,1479.46,0.3253
1934-08-25-bradford-city-h,1934-08-25,1432.97,1446.22,1452.19,0.5584
1934-09-01-sheffield-united-a,1934-09-01,1446.22,1440.97,1607.49,0.2186
1934-09-03-bolton-wanderers-a,1934-09-03,1440.97,1434.47,1604.21,0.2167
1934-09-08-barnsley-h,1934-09-08,1434.47,1449.41,1434.8,0.585
1934-09-12-bolton-wanderers-h,1934-09-12,1449.41,1436.52,1610.71,0.3582
1934-09-15-port-vale-a,1934-09-15,1436.52,1424.85,1386.06,0.4863
1934-09-22-norwich-city-h,1934-09-22,1424.85,1449.38,1492.51,0.489
1934-09-29-swansea-city-h,1934-09-29,1449.38,1464.61,1514.79,0.4922
1934-10-06-burnley-a,1934-10-06,1464.61,1478.84,1469.94,0.4071
1934-10-13-oldham-athletic-h,1934-10-13,1478.84,1495.54,1466.61,0.6025
1934-10-20-newcastle-united-a,1934-10-20,1495.54,1512.34,1583.03,0.2996
1934-10-27-west-ham-united-h,1934-10-27,1512.34,1527.91,1585.35,0.4813
1934-11-03-blackpool-a,1934-11-03,1527.91,1539.93,1468.5,0.4991
1934-11-10-bury-h,1934-11-10,1539.93,1549.43,1526.68,0.6039
1934-11-17-hull-city-a,1934-11-17,1549.43,1536.4,1459.4,0.5431
1934-11-24-nottingham-forest-h,1934-11-24,1536.4,1547.58,1572.72,0.534
1934-12-01-brentford-a,1934-12-01,1547.58,1532.09,1476.09,0.5165
1934-12-08-fulham-h,1934-12-08,1532.09,1540.55,1486.45,0.6475
1934-12-15-bradford-park-avenue-a,1934-12-15,1540.55,1554.27,1530.69,0.4283
1934-12-22-plymouth-argyle-h,1934-12-22,1554.27,1564.4,1497.39,0.6621
1934-12-25-notts-county-h,1934-12-25,1564.4,1571.65,1478.94,0.6979
1934-12-26-notts-county-a,1934-12-26,1571.65,1558.28,1471.69,0.5573
1934-12-29-bradford-city-a,1934-12-29,1558.28,1540.74,1438.95,0.5846
1935-01-01-southampton-h,1935-01-01,1540.74,1554.43,1515.91,0.6197
1935-01-05-sheffield-united-h,1935-01-05,1554.43,1554.37,1612.74,0.5024
1935-01-12-bristol-rovers-a,1935-01-12,1554.37,1572.16,1500,0.4919
1935-01-19-barnsley-a,1935-01-19,1572.16,1583.26,1419.87,0.6298
1935-01-26-nottingham-forest-a,1935-01-26,1583.26,1584.8,1561.53,0.4451
1935-01-30-nottingham-forest-h,1935-01-30,1584.8,1558.77,1560,0.6197
1935-02-02-norwich-city-a,1935-02-02,1558.77,1545.71,1467.98,0.5442
1935-02-06-port-vale-h,1935-02-06,1545.71,1551.28,1397.73,0.768
1935-02-09-swansea-city-a,1935-02-09,1551.28,1539.57,1499.55,0.4881
1935-02-23-oldham-athletic-a,1935-02-23,1539.57,1523.29,1449.92,0.5426
1935-03-02-newcastle-united-h,1935-03-02,1523.29,1510.7,1566.22,0.5245
1935-03-09-west-ham-united-a,1935-03-09,1510.7,1514.66,1569.79,0.335
1935-03-16-blackpool-h,1935-03-16,1514.66,1522.73,1456.48,0.6638
1935-03-23-bury-a,1935-03-23,1522.73,1536.59,1517.18,0.4223
1935-03-27-burnley-h,1935-03-27,1536.59,1519.98,1455.71,0.6923
1935-03-30-hull-city-h,1935-03-30,1519.98,1532.58,1472.44,0.65
1935-04-06-nottingham-forest-a,1935-04-06,1532.58,1536.36,1586.02,0.3423
1935-04-13-brentford-h,1935-04-13,1536.36,1532.85,1491.58,0.6464
1935-04-20-fulham-a,1935-04-20,1532.85,1518.07,1477.99,0.4926
1935-04-22-southampton-a,1935-04-22,1518.07,1507.59,1502.22,0.4368
1935-04-27-bradford-park-avenue-h,1935-04-27,1507.59,1520.42,1516.97,0.5723
1935-05-04-plymouth-argyle-a,1935-05-04,1520.42,1536.57,1487.25,0.4615
1935-08-31-plymouth-argyle-a,1935-08-31,1536.57,1521.34,1471.1,0.5079
1935-09-04-charlton-athletic-h,1935-09-04,1521.34,1535.83,1512.76,0.5974
1935-09-07-bradford-city-h,1935-09-07,1535.83,1545.12,1456.48,0.6904
1935-09-09-charlton-athletic-a,1935-09-09,1545.12,1545.57,1498.27,0.4811
1935-09-14-newcastle-united-a,1935-09-14,1545.57,1564.5,1578.81,0.3689
1935-09-18-hull-city-h,1935-09-18,1564.5,1572.88,1459.84,0.7207
1935-09-21-tottenham-hotspur-h,1935-09-21,1572.88,1569.49,1531.84,0.6414
1935-09-28-southampton-a,1935-09-28,1569.49,1557.6,1512.7,0.4954
1935-10-05-port-vale-a,1935-10-05,1557.6,1570.3,1392.17,0.6472
1935-10-12-fulham-h,1935-10-12,1570.3,1577.78,1492.77,0.6882
1935-10-19-sheffield-united-h,1935-10-19,1577.78,1591.7,1612.79,0.5359
1935-10-26-bradford-park-avenue-a,1935-10-26,1591.7,1578.75,1504.14,0.5396
1935-11-02-leicester-city-h,1935-11-02,1578.75,1561.38,1471.18,0.724
1935-11-09-swansea-city-a,1935-11-09,1561.38,1549.72,1511.27,0.4858
1935-11-16-west-ham-united-h,1935-11-16,1549.72,1536.21,1565.83,0.5628
1935-11-23-norwich-city-a,1935-11-23,1536.21,1551.42,1481.05,0.493
1935-11-30-doncaster-rovers-h,1935-11-30,1551.42,1546.55,1461.87,0.7028
1935-12-07-blackpool-a,1935-12-07,1546.55,1526.58,1448.41,0.5547
1935-12-14-nottingham-forest-h,1935-12-14,1526.58,1550.28,1582.24,0.5063
1935-12-26-barnsley-h,1935-12-26,1550.28,1544.01,1408.76,0.7613
1935-12-28-plymouth-argyle-h,1935-12-28,1544.01,1552.09,1486.33,0.6632
1936-01-01-barnsley-a,1936-01-01,1552.09,1566.17,1415.03,0.6091
1936-01-04-bradford-city-a,1936-01-04,1566.17,1552.15,1447.2,0.5841
1936-01-11-reading-a,1936-01-11,1552.15,1570.38,1506.65,0.4791
1936-01-18-newcastle-united-h,1936-01-18,1570.38,1582.38,1559.88,0.6001
1936-01-25-stoke-city-a,1936-01-25,1582.38,1581.29,1495.48,0.5386
1936-01-29-stoke-city-h,1936-01-29,1581.29,1556.9,1496.56,0.697
1936-02-01-southampton-h,1936-02-01,1556.9,1572.45,1524.59,0.6298
1936-02-05-tottenham-hotspur-a,1936-02-05,1572.45,1573.23,1535.23,0.4673
1936-02-08-port-vale-h,1936-02-08,1573.23,1582.27,1379.47,0.8117
1936-02-22-sheffield-united-a,1936-02-22,1582.27,1584.88,1598.87,0.3915
1936-02-29-blackpool-h,1936-02-29,1584.88,1591.26,1468.38,0.7342
1936-03-07-west-ham-united-a,1936-03-07,1591.26,1604.91,1579.34,0.4312
1936-03-14-swansea-city-h,1936-03-14,1604.91,1615.94,1522.93,0.6937
1936-03-21-leicester-city-a,1936-03-21,1615.94,1613.64,1488.56,0.5958
1936-03-28-norwich-city-h,1936-03-28,1613.64,1619.21,1465.84,0.7678
1936-04-01-fulham-a,1936-04-01,1619.21,1616.69,1485.29,0.6048
1936-04-04-doncaster-rovers-a,1936-04-04,1616.69,1613.65,1466.74,0.6266
1936-04-10-burnley-a,1936-04-10,1613.65,1610.9,1472.33,0.6149
1936-04-11-bradford-park-avenue-h,1936-04-11,1610.9,1623.16,1517.09,0.7079
1936-04-13-burnley-h,1936-04-13,1623.16,1632.9,1475.09,0.7681
1936-04-18-nottingham-forest-a,1936-04-18,1632.9,1632.4,1558.54,0.5207
1936-04-25-bury-h,1936-04-25,1632.4,1638.45,1503.31,0.7481
1936-04-29-bury-a,1936-04-29,1638.45,1647.7,1497.27,0.6148
1936-05-02-hull-city-a,1936-05-02,1647.7,1643.22,1451.46,0.6866
1936-08-29-wolverhampton-wanderers-h,1936-08-29,1643.22,1635.81,1452.87,0.8086
1936-09-02-huddersfield-town-a,1936-09-02,1635.81,1619.92,1555.17,0.5297
1936-09-05-derby-county-a,1936-09-05,1619.92,1608.28,1570.24,0.4851
1936-09-09-huddersfield-town-h,1936-09-09,1608.28,1619.19,1571.06,0.6364
1936-09-12-manchester-city-h,1936-09-12,1619.19,1628.17,1589.79,0.6259
1936-09-19-sheffield-wednesday-h,1936-09-19,1628.17,1623.08,1531.05,0.7119
1936-09-26-preston-north-end-a,1936-09-26,1623.08,1605.65,1506.39,0.5809
1936-10-03-arsenal-h,1936-10-03,1605.65,1615.85,1550.42,0.66
1936-10-10-brentford-a,1936-10-10,1615.85,1591.22,1495.1,0.5866
1936-10-17-portsmouth-a,1936-10-17,1591.22,1579.88,1550.42,0.4724
1936-10-24-chelsea-h,1936-10-24,1579.88,1574.43,1469.71,0.727
1936-10-31-stoke-city-a,1936-10-31,1574.43,1556.77,1520.96,0.4906
1936-11-07-charlton-athletic-h,1936-11-07,1556.77,1552.82,1497.81,0.6648
1936-11-14-grimsby-town-a,1936-11-14,1552.82,1534.46,1536.79,0.4371
1936-11-21-liverpool-h,1936-11-21,1534.46,1514.6,1558.51,0.5515
1936-11-28-leeds-united-a,1936-11-28,1514.6,1504.37,1506.04,0.4265
1936-12-05-birmingham-city-h,1936-12-05,1504.37,1489.79,1488.49,0.6075
1936-12-12-middlesbrough-a,1936-12-12,1489.79,1483.04,1592.84,0.2812
1936-12-19-west-bromwich-albion-h,1936-12-19,1483.04,1483.68,1561.51,0.4734
1936-12-25-bolton-wanderers-h,1936-12-25,1483.68,1498.39,1623.61,0.387
1936-12-26-wolverhampton-wanderers-a,1936-12-26,1498.39,1484.33,1460.28,0.4685
1936-12-28-bolton-wanderers-a,1936-12-28,1484.33,1515.55,1608.89,0.2568
1937-01-01-sunderland-h,1937-01-01,1515.55,1524.91,1497.94,0.6099
1937-01-02-derby-county-h,1937-01-02,1524.91,1524.8,1581.89,0.5043
1937-01-09-manchester-city-a,1937-01-09,1524.8,1516.67,1580.82,0.339
1937-01-16-reading-h,1937-01-16,1516.67,1527.19,1488.42,0.6243
1937-01-23-sheffield-wednesday-a,1937-01-23,1527.19,1517.54,1536.13,0.4021
1937-01-30-arsenal-a,1937-01-30,1517.54,1496.08,1540.22,0.3832
1937-02-03-preston-north-end-h,1937-02-03,1496.08,1494.97,1523.81,0.5463
1937-02-06-arsenal-a,1937-02-06,1494.97,1499.16,1561.68,0.3253
1937-02-13-brentford-h,1937-02-13,1499.16,1482.46,1519.73,0.5565
1937-02-20-portsmouth-h,1937-02-20,1482.46,1471.13,1561.76,0.4723
1937-02-27-chelsea-a,1937-02-27,1471.13,1458.86,1475.16,0.4089
1937-03-06-stoke-city-h,1937-03-06,1458.86,1471.54,1538.62,0.4716
1937-03-13-charlton-athletic-a,1937-03-13,1471.54,1458.12,1501.77,0.373
1937-03-20-grimsby-town-h,1937-03-20,1458.12,1459.39,1555.15,0.4469
1937-03-26-everton-h,1937-03-26,1459.39,1472.81,1560.77,0.4407
1937-03-27-liverpool-a,1937-03-27,1472.81,1464.47,1578.37,0.2783
1937-03-29-everton-a,1937-03-29,1464.47,1481.14,1547.35,0.3052
1937-04-03-leeds-united-h,1937-04-03,1481.14,1480.28,1516.28,0.5357
1937-04-10-birmingham-city-a,1937-04-10,1480.28,1483.09,1503.07,0.3831
1937-04-17-middlesbrough-h,1937-04-17,1483.09,1497.02,1599.59,0.4194
1937-04-21-sunderland-a,1937-04-21,1497.02,1498.79,1488.58,0.4263
1937-04-24-west-bromwich-albion-a,1937-04-24,1498.79,1490.84,1560.87,0.3312
1937-08-28-newcastle-united-h,1937-08-28,1490.84,1508.69,1547.88,0.5043
1937-08-30-coventry-city-a,1937-08-30,1508.69,1497.96,1485.77,0.4468
1937-09-04-luton-town-a,1937-09-04,1497.96,1486.87,1464.33,0.4621
1937-09-08-coventry-city-h,1937-09-08,1486.87,1485.15,1496.49,0.572
1937-09-11-barnsley-h,1937-09-11,1485.15,1496.08,1400.96,0.6964
1937-09-13-bury-a,1937-09-13,1496.08,1509.86,1488.02,0.4258
1937-09-18-stockport-county-a,1937-09-18,1509.86,1498.82,1477.84,0.4598
1937-09-25-southampton-h,1937-09-25,1498.82,1485.11,1509.04,0.5711
1937-10-02-sheffield-united-h,1937-10-02,1485.11,1474.87,1596.27,0.4269
1937-10-09-tottenham-hotspur-a,1937-10-09,1474.87,1490.84,1534.45,0.3344
1937-10-16-blackburn-rovers-a,1937-10-16,1490.84,1496.42,1605.74,0.2676
1937-10-23-sheffield-wednesday-h,1937-10-23,1496.42,1508.05,1545.78,0.5153
1937-10-30-fulham-a,1937-10-30,1508.05,1497.42,1487.8,0.443
1937-11-06-plymouth-argyle-h,1937-11-06,1497.42,1494.73,1478.25,0.612
1937-11-13-chesterfield-a,1937-11-13,1494.73,1523.49,1457.43,0.4674
1937-11-20-aston-villa-h,1937-11-20,1523.49,1539.9,1616.15,0.4531
1937-11-27-norwich-city-a,1937-11-27,1539.9,1551.22,1460.26,0.5282
1937-12-04-swansea-city-h,1937-12-04,1551.22,1566.38,1511.9,0.6392
1937-12-11-bradford-park-avenue-a,1937-12-11,1566.38,1545.28,1504.82,0.5022
1937-12-27-nottingham-forest-h,1937-12-27,1545.28,1555.69,1559.03,0.5662
1937-12-28-nottingham-forest-a,1937-12-28,1555.69,1569.51,1548.62,0.4244
1938-01-01-newcastle-united-a,1938-01-01,1569.51,1570.22,1530.04,0.4705
1938-01-08-yeovil-h,1938-01-08,1570.22,1583.7,1500,0.6791
1938-01-15-luton-town-h,1938-01-15,1583.7,1591.95,1475.42,0.7249
1938-01-22-barnsley-a,1938-01-22,1591.95,1586.53,1390.03,0.6936
1938-01-26-barnsley-h,1938-01-26,1586.53,1591.87,1395.45,0.8093
1938-01-29-stockport-county-h,1938-01-29,1591.87,1600.31,1488.88,0.7187
1938-02-02-barnsley-a,1938-02-02,1600.31,1595.42,1390.11,0.7036
1938-02-05-southampton-a,1938-02-05,1595.42,1594.98,1522.75,0.5182
1938-02-12-brentford-a,1938-02-12,1594.98,1577.56,1536.43,0.4979
1938-02-17-sheffield-united-a,1938-02-17,1577.56,1592.56,1606.51,0.3747
1938-02-19-tottenham-hotspur-h,1938-02-19,1592.56,1576.15,1518.47,0.6839
1938-02-23-west-ham-united-h,1938-02-23,1576.15,1592.95,1565.69,0.6
1938-02-26-blackburn-rovers-h,1938-02-26,1592.95,1603.14,1600.16,0.5754
1938-03-05-sheffield-wednesday-a,1938-03-05,1603.14,1617.75,1534.15,0.5129
1938-03-12-fulham-h,1938-03-12,1617.75,1624.05,1498.43,0.7373
1938-03-19-plymouth-argyle-a,1938-03-19,1624.05,1621.24,1480.94,0.6174
1938-03-26-chesterfield-h,1938-03-26,1621.24,1628.05,1428.67,0.8106
1938-04-02-aston-villa-a,1938-04-02,1628.05,1611.69,1599.75,0.4545
1938-04-09-norwich-city-h,1938-04-09,1611.69,1604.9,1448.94,0.7828
1938-04-15-burnley-a,1938-04-15,1604.9,1590.2,1465.35,0.6125
1938-04-16-swansea-city-a,1938-04-16,1590.2,1589.05,1496.74,0.548
1938-04-18-burnley-h,1938-04-18,1589.05,1600.57,1480.05,0.7257
1938-04-23-bradford-park-avenue-h,1938-04-23,1600.57,1610.03,1525.91,0.6846
1938-04-30-west-ham-united-a,1938-04-30,1610.03,1597.99,1548.89,0.5016
1938-05-07-bury-h,1938-05-07,1597.99,1605.73,1474.24,0.7423
1938-08-27-middlesbrough-a,1938-08-27,1605.73,1592.44,1585.66,0.4428
1938-08-31-bolton-wanderers-h,1938-08-31,1592.44,1589.9,1577.68,0.606
1938-09-03-birmingham-city-h,1938-09-03,1589.9,1600.59,1500.26,0.7029
1938-09-07-liverpool-a,1938-09-07,1600.59,1590.18,1586.72,0.434
1938-09-10-grimsby-town-a,1938-09-10,1590.18,1578.99,1553.87,0.466
1938-09-17-stoke-city-a,1938-09-17,1578.99,1579.23,1525.94,0.49
1938-09-24-chelsea-h,1938-09-24,1579.23,1591.6,1487.43,0.7056
1938-10-01-preston-north-end-a,1938-10-01,1591.6,1591.37,1524.92,0.5096
1938-10-08-charlton-athletic-h,1938-10-08,1591.37,1570.77,1515.2,0.6865
1938-10-15-blackpool-h,1938-10-15,1570.77,1565.36,1462,0.7254
1938-10-22-derby-county-a,1938-10-22,1565.36,1548.92,1581.99,0.3915
1938-10-29-sunderland-h,1938-10-29,1548.92,1532.87,1486.81,0.6688
1938-11-05-aston-villa-a,1938-11-05,1532.87,1553.73,1616.11,0.3048
1938-11-12-wolverhampton-wanderers-h,1938-11-12,1553.73,1533.01,1474.33,0.6905
1938-11-19-everton-a,1938-11-19,1533.01,1517.97,1530.68,0.4178
1938-11-26-huddersfield-town-h,1938-11-26,1517.97,1517.36,1560.15,0.5256
1938-12-03-portsmouth-a,1938-12-03,1517.36,1521.21,1573.09,0.3393
1938-12-10-arsenal-h,1938-12-10,1521.21,1532.39,1557.48,0.5341
1938-12-17-brentford-a,1938-12-17,1532.39,1554.54,1553.85,0.3849
1938-12-24-middlesbrough-h,1938-12-24,1554.54,1554,1598.94,0.5224
1938-12-26-leicester-city-h,1938-12-26,1554,1565.88,1490.86,0.6702
1938-12-27-leicester-city-a,1938-12-27,1565.88,1564.95,1478.98,0.5386
1938-12-31-birmingham-city-a,1938-12-31,1564.95,1564.42,1489.57,0.5221
1939-01-07-west-bromwich-albion-a,1939-01-07,1564.42,1566.98,1568.82,0.4084
1939-01-11-west-bromwich-albion-h,1939-01-11,1566.98,1538.24,1566.26,0.5865
1939-01-14-grimsby-town-h,1939-01-14,1538.24,1551.82,1565.05,0.5476
1939-01-21-stoke-city-h,1939-01-21,1551.82,1536.9,1525.7,0.6215
1939-01-28-chelsea-a,1939-01-28,1536.9,1548.84,1475.06,0.5027
1939-02-04-preston-north-end-h,1939-02-04,1548.84,1546,1525.15,0.6182
1939-02-11-charlton-athletic-a,1939-02-11,1546,1522.84,1535.79,0.4288
1939-02-18-blackpool-a,1939-02-18,1522.84,1538.04,1467.41,0.4934
1939-02-25-derby-county-h,1939-02-25,1538.04,1538.06,1598.43,0.4994
1939-03-04-sunderland-a,1939-03-04,1538.06,1521.34,1502.87,0.4644
1939-03-11-aston-villa-h,1939-03-11,1521.34,1521.82,1595.25,0.48
1939-03-18-wolverhampton-wanderers-a,1939-03-18,1521.82,1505.54,1495.05,0.4523
1939-03-29-everton-h,1939-03-29,1505.54,1489.68,1545.72,0.5285
1939-04-01-huddersfield-town-a,1939-04-01,1489.68,1494,1560.77,0.3198
1939-04-07-leeds-united-h,1939-04-07,1494,1492.74,1517.13,0.5529
1939-04-08-portsmouth-h,1939-04-08,1492.74,1493.31,1569.24,0.4763
1939-04-10-leeds-united-a,1939-04-10,1493.31,1481.91,1518.4,0.3799
1939-04-15-arsenal-a,1939-04-15,1481.91,1474.03,1546.3,0.3283
1939-04-22-brentford-h,1939-04-22,1474.03,1491.91,1531.71,0.5033
1939-04-29-bolton-wanderers-a,1939-04-29,1491.91,1496.74,1580.23,0.2986
1939-05-06-liverpool-h,1939-05-06,1496.74,1513.48,1597.13,0.4421
1946-01-05-accrington-stanley-a,1946-01-05,1513.48,1515.34,1500,0.4334
1946-01-09-accrington-stanley-h,1946-01-09,1515.34,1534.48,1498.14,0.6093
1946-01-26-preston-north-end-h,1946-01-26,1534.48,1545.84,1527.99,0.5945
1946-01-30-preston-north-end-a,1946-01-30,1545.84,1529.89,1516.64,0.4558
1946-08-31-grimsby-town-h,1946-08-31,1529.89,1540.56,1551.48,0.555
1946-09-04-chelsea-a,1946-09-04,1540.56,1557.66,1463.12,0.5251
1946-09-07-charlton-athletic-a,1946-09-07,1557.66,1575.28,1558.95,0.4127
1946-09-11-liverpool-h,1946-09-11,1575.28,1595.52,1580.4,0.5783
1946-09-14-middlesbrough-h,1946-09-14,1595.52,1605.6,1599.48,0.58
1946-09-18-chelsea-h,1946-09-18,1605.6,1598.89,1446.03,0.7797
1946-09-21-stoke-city-a,1946-09-21,1598.89,1586.95,1540.61,0.4975
1946-09-28-arsenal-h,1946-09-28,1586.95,1600.25,1554.18,0.6304
1946-10-05-preston-north-end-h,1946-10-05,1600.25,1596.03,1532.59,0.6759
1946-10-12-sheffield-united-a,1946-10-12,1596.03,1597.93,1591.51,0.4208
1946-10-19-blackpool-a,1946-10-19,1597.93,1579.3,1452.22,0.6209
1946-10-26-sunderland-h,1946-10-26,1579.3,1555.34,1519.58,0.6658
1946-11-02-aston-villa-a,1946-11-02,1555.34,1558.68,1594.77,0.3607
1946-11-09-derby-county-h,1946-11-09,1558.68,1575.63,1598.42,0.5291
1946-11-16-everton-a,1946-11-16,1575.63,1577.21,1561.57,0.4343
1946-11-23-huddersfield-town-h,1946-11-23,1577.21,1591.1,1556.44,0.6142
1946-11-30-wolverhampton-wanderers-a,1946-11-30,1591.1,1578.42,1511.33,0.5284
1946-12-07-brentford-h,1946-12-07,1578.42,1590.22,1513.83,0.672
1946-12-14-blackburn-rovers-a,1946-12-14,1590.22,1580.27,1589.97,0.4149
1946-12-25-bolton-wanderers-a,1946-12-25,1580.27,1582.16,1575.39,0.4213
1946-12-26-bolton-wanderers-h,1946-12-26,1582.16,1591.82,1573.5,0.5975
1946-12-28-grimsby-town-a,1946-12-28,1591.82,1592.13,1540.8,0.4871
1947-01-04-charlton-athletic-h,1947-01-04,1592.13,1604.57,1541.33,0.6543
1947-01-11-bradford-park-avenue-a,1947-01-11,1604.57,1623.88,1516.45,0.5404
1947-01-18-middlesbrough-a,1947-01-18,1623.88,1639.98,1589.4,0.4633
1947-01-25-nottingham-forest-h,1947-01-25,1639.98,1614.73,1534.81,0.7213
1947-02-01-arsenal-a,1947-02-01,1614.73,1592.89,1540.88,0.5199
1947-02-05-stoke-city-h,1947-02-05,1592.89,1589.52,1552.55,0.6405
1947-02-22-blackpool-h,1947-02-22,1589.52,1599,1470.84,0.7366
1947-03-01-sunderland-a,1947-03-01,1599,1599.16,1543.55,0.4935
1947-03-08-aston-villa-h,1947-03-08,1599.16,1608.85,1591.43,0.5963
1947-03-15-derby-county-a,1947-03-15,1608.85,1597.97,1581.47,0.4532
1947-03-22-everton-h,1947-03-22,1597.97,1611.03,1559.99,0.6374
1947-03-29-huddersfield-town-a,1947-03-29,1611.03,1610.74,1542.55,0.5122
1947-04-05-wolverhampton-wanderers-h,1947-04-05,1610.74,1619.75,1524.01,0.6994
1947-04-07-leeds-united-h,1947-04-07,1619.75,1628.65,1529.8,0.7033
1947-04-08-leeds-united-a,1947-04-08,1628.65,1641.6,1520.9,0.5683
1947-04-12-brentford-a,1947-04-12,1641.6,1638.9,1502.02,0.6126
1947-04-19-blackburn-rovers-h,1947-04-19,1638.9,1654.08,1599.93,0.6387
1947-04-26-portsmouth-a,1947-04-26,1654.08,1665.2,1568.67,0.5365
1947-05-03-liverpool-a,1947-05-03,1665.2,1651.65,1560.16,0.5645
1947-05-10-preston-north-end-a,1947-05-10,1651.65,1649.77,1536.81,0.5783
1947-05-17-portsmouth-h,1947-05-17,1649.77,1660.36,1557.54,0.7061
1947-05-26-sheffield-united-h,1947-05-26,1660.36,1673.81,1589.61,0.6798
1947-08-23-middlesbrough-a,1947-08-23,1673.81,1672.41,1573.3,0.558
1947-08-27-liverpool-h,1947-08-27,1672.41,1681,1573.7,0.7137
1947-08-30-charlton-athletic-h,1947-08-30,1681,1690.57,1528.88,0.7722
1947-09-03-liverpool-a,1947-09-03,1690.57,1688.33,1565.12,0.5931
1947-09-06-arsenal-a,1947-09-06,1688.33,1674.09,1562.71,0.5933
1947-09-08-burnley-a,1947-09-08,1674.09,1669.34,1468.53,0.698
1947-09-13-sheffield-united-h,1947-09-13,1669.34,1652.37,1576.16,0.7072
1947-09-20-manchester-city-a,1947-09-20,1652.37,1652.25,1588.95,0.5049
1947-09-27-preston-north-end-a,1947-09-27,1652.25,1638.41,1538.69,0.5765
1947-10-04-stoke-city-h,1947-10-04,1638.41,1633.75,1555.92,0.6943
1947-10-11-grimsby-town-h,1947-10-11,1633.75,1616.78,1540.49,0.7073
1947-10-18-sunderland-a,1947-10-18,1616.78,1604.31,1543.39,0.5193
1947-10-25-aston-villa-h,1947-10-25,1604.31,1615.82,1581.74,0.6166
1947-11-01-wolverhampton-wanderers-a,1947-11-01,1615.82,1634.36,1515,0.5585
1947-11-08-huddersfield-town-h,1947-11-08,1634.36,1629.43,1542.85,0.7052
1947-11-15-derby-county-a,1947-11-15,1629.43,1630.22,1592.34,0.4671
1947-11-22-everton-h,1947-11-22,1630.22,1625.54,1546.94,0.6953
1947-11-29-chelsea-a,1947-11-29,1625.54,1639.95,1452.74,0.6569
1947-12-06-blackpool-h,1947-12-06,1639.95,1632.8,1461.36,0.7979
1947-12-13-blackburn-rovers-a,1947-12-13,1632.8,1633.21,1584.75,0.4828
1947-12-20-middlesbrough-h,1947-12-20,1633.21,1641.27,1574.69,0.6642
1947-12-25-portsmouth-h,1947-12-25,1641.27,1648.27,1546.96,0.7085
1947-12-27-portsmouth-a,1947-12-27,1648.27,1661.19,1539.97,0.5691
1948-01-01-burnley-h,1948-01-01,1661.19,1670.48,1473.28,0.8064
1948-01-03-charlton-athletic-a,1948-01-03,1670.48,1679.41,1519.32,0.6283
1948-01-10-aston-villa-a,1948-01-10,1679.41,1694.45,1570.24,0.5703
1948-01-17-arsenal-h,1948-01-17,1694.45,1688.8,1576.95,0.7353
1948-01-24-liverpool-h,1948-01-24,1688.8,1699.73,1567.35,0.7397
1948-01-31-sheffield-united-a,1948-01-31,1699.73,1686.13,1593.13,0.5667
1948-02-07-charlton-athletic-h,1948-02-07,1686.13,1693.3,1510.4,0.7953
1948-02-14-preston-north-end-h,1948-02-14,1693.3,1687.04,1552.53,0.7606
1948-02-21-stoke-city-a,1948-02-21,1687.04,1699.21,1560.59,0.5945
1948-02-28-preston-north-end-h,1948-02-28,1699.21,1709.28,1558.78,0.7602
1948-03-06-sunderland-h,1948-03-06,1709.28,1716.07,1555.86,0.7736
1948-03-13-derby-county-n,1948-03-13,1716.07,1727.56,1591.55,0.6719
1948-03-17-grimsby-town-a,1948-03-17,1727.56,1723.88,1557.47,0.6533
1948-03-20-wolverhampton-wanderers-h,1948-03-20,1723.88,1727.73,1496.45,0.8395
1948-03-22-aston-villa-a,1948-03-22,1727.73,1735.97,1555.2,0.6565
1948-03-26-bolton-wanderers-h,1948-03-26,1735.97,1712.22,1563.85,0.7919
1948-03-27-huddersfield-town-a,1948-03-27,1712.22,1722.84,1547.77,0.6459
1948-03-29-bolton-wanderers-a,1948-03-29,1722.84,1732.28,1587.6,0.6066
1948-04-03-derby-county-h,1948-04-03,1732.28,1737.74,1580.07,0.7723
1948-04-07-manchester-city-h,1948-04-07,1737.74,1731.29,1589.07,0.7687
1948-04-10-everton-a,1948-04-10,1731.29,1711.32,1551.63,0.6657
1948-04-17-chelsea-h,1948-04-17,1711.32,1717.48,1438.33,0.8718
1948-04-24-blackpool-n,1948-04-24,1717.48,1724.22,1468.51,0.8074
1948-04-28-blackpool-a,1948-04-28,1724.22,1705.92,1461.77,0.7623
1948-05-01-blackburn-rovers-h,1948-05-01,1705.92,1715.29,1584.34,0.7399
1948-08-21-derby-county-h,1948-08-21,1715.29,1697.04,1574.61,0.7605
1948-08-23-blackpool-a,1948-08-23,1697.04,1707.41,1480.07,0.7117
1948-08-28-arsenal-a,1948-08-28,1707.41,1717.2,1582.6,0.5922
1948-09-01-blackpool-h,1948-09-01,1717.2,1696.69,1469.69,0.8545
1948-09-04-huddersfield-town-h,1948-09-04,1696.69,1704.63,1537.15,0.7797
1948-09-08-wolverhampton-wanderers-a,1948-09-08,1704.63,1687.69,1492.6,0.7058
1948-09-11-manchester-city-a,1948-09-11,1687.69,1686.58,1595.52,0.5462
1948-09-15-wolverhampton-wanderers-h,1948-09-15,1686.58,1692.68,1509.54,0.7965
1948-09-18-sheffield-united-a,1948-09-18,1692.68,1691.79,1606.73,0.5373
1948-09-25-aston-villa-h,1948-09-25,1691.79,1698.85,1546.95,0.7648
1948-10-02-sunderland-a,1948-10-02,1698.85,1683.81,1549.06,0.6264
1948-10-06-arsenal-a,1948-10-06,1683.81,1672.35,1572.81,0.5729
1948-10-09-charlton-athletic-h,1948-10-09,1672.35,1665.42,1503.23,0.789
1948-10-16-stoke-city-a,1948-10-16,1665.42,1651.47,1548.42,0.5813
1948-10-23-burnley-h,1948-10-23,1651.47,1644.12,1463.99,0.8061
1948-10-30-preston-north-end-a,1948-10-30,1644.12,1665.68,1548.71,0.5508
1948-11-06-everton-h,1948-11-06,1665.68,1674.44,1571.6,0.7083
1948-11-13-chelsea-a,1948-11-13,1674.44,1668.66,1432.17,0.7406
1948-11-20-birmingham-city-h,1948-11-20,1668.66,1675.94,1490.1,0.7979
1948-11-27-middlesbrough-a,1948-11-27,1675.94,1691.4,1566.63,0.5705
1948-12-04-newcastle-united-h,1948-12-04,1691.4,1684.63,1529.33,0.7822
1948-12-11-portsmouth-a,1948-12-11,1684.63,1681.34,1527.04,0.6369
1948-12-18-derby-county-a,1948-12-18,1681.34,1695.11,1592.86,0.5409
1948-12-25-liverpool-h,1948-12-25,1695.11,1688.91,1556.42,0.7584
1948-12-27-liverpool-a,1948-12-27,1688.91,1701.09,1562.62,0.5943
1949-01-01-arsenal-h,1949-01-01,1701.09,1709.05,1584.27,0.7346
1949-01-08-bournemouth-h,1949-01-08,1709.05,1720.09,1500,0.8247
1949-01-22-manchester-city-h,1949-01-22,1720.09,1714.28,1596.63,0.7419
1949-01-29-bradford-park-avenue-h,1949-01-29,1714.28,1705.01,1497.15,0.8314
1949-02-05-bradford-park-avenue-a,1949-02-05,1705.01,1699.7,1506.43,0.6895
1949-02-07-bradford-park-avenue-h,1949-02-07,1699.7,1710.54,1511.73,0.8065
1949-02-12-yeovil-h,1949-02-12,1710.54,1723.1,1486.52,0.8368
1949-02-19-aston-villa-a,1949-02-19,1723.1,1707.01,1539.9,0.6702
1949-02-26-hull-city-a,1949-02-26,1707.01,1714.01,1455.94,0.7502
1949-03-05-charlton-athletic-a,1949-03-05,1714.01,1721.31,1510.17,0.6959
1949-03-12-stoke-city-h,1949-03-12,1721.31,1729.26,1562.37,0.7791
1949-03-19-birmingham-city-a,1949-03-19,1729.26,1711.37,1482.83,0.7452
1949-03-26-wolverhampton-wanderers-n,1949-03-26,1711.37,1703.87,1503.43,0.768
1949-04-02-wolverhampton-wanderers-n,1949-04-02,1703.87,1682.81,1510.94,0.7522
1949-04-06-huddersfield-town-a,1949-04-06,1682.81,1667.65,1529.22,0.6315
1949-04-09-chelsea-h,1949-04-09,1667.65,1659.46,1437.95,0.8413
1949-04-15-bolton-wanderers-a,1949-04-15,1659.46,1670.73,1578.16,0.5306
1949-04-16-burnley-a,1949-04-16,1670.73,1680.01,1471.34,0.6905
1949-04-18-bolton-wanderers-h,1949-04-18,1680.01,1689.72,1566.89,0.7304
1949-04-21-sunderland-h,1949-04-21,1689.72,1671.85,1564.1,0.7443
1949-04-23-preston-north-end-h,1949-04-23,1671.85,1665.5,1527.14,0.7647
1949-04-27-everton-a,1949-04-27,1665.5,1648.67,1562.85,0.5611
1949-04-30-newcastle-united-a,1949-04-30,1648.67,1658.87,1536.1,0.5751
1949-05-02-middlesbrough-h,1949-05-02,1658.87,1665.49,1551.17,0.7242
1949-05-04-sheffield-united-h,1949-05-04,1665.49,1673.57,1607.62,0.6634
1949-05-07-portsmouth-h,1949-05-07,1673.57,1679.25,1530.32,0.7631
1949-08-20-derby-county-a,1949-08-20,1679.25,1689.87,1579.09,0.5575
1949-08-24-bolton-wanderers-h,1949-08-24,1689.87,1698.8,1557.19,0.752
1949-08-27-west-bromwich-albion-h,1949-08-27,1698.8,1693.53,1595,0.7197
1949-08-31-bolton-wanderers-a,1949-08-31,1693.53,1702.64,1548.26,0.6203
1949-09-03-manchester-city-h,1949-09-03,1702.64,1709.47,1602.43,0.7155
1949-09-07-liverpool-a,1949-09-07,1709.47,1706.14,1550.45,0.6388
1949-09-10-chelsea-a,1949-09-10,1706.14,1699.9,1446.14,0.7597
1949-09-17-stoke-city-h,1949-09-17,1699.9,1693.53,1554.42,0.7655
1949-09-24-burnley-a,1949-09-24,1693.53,1676.05,1462.05,0.7285
1949-10-01-sunderland-h,1949-10-01,1676.05,1654.8,1581.96,0.7083
1949-10-08-charlton-athletic-h,1949-10-08,1654.8,1660.27,1502.87,0.7721
1949-10-15-aston-villa-a,1949-10-15,1660.27,1678.61,1555.98,0.5634
1949-10-22-wolverhampton-wanderers-h,1949-10-22,1678.61,1687.01,1532,0.7666
1949-10-29-portsmouth-a,1949-10-29,1687.01,1683.57,1524.64,0.6432
1949-11-05-huddersfield-town-h,1949-11-05,1683.57,1696.59,1544.37,0.7589
1949-11-12-everton-a,1949-11-12,1696.59,1694.64,1579.68,0.5812
1949-11-19-middlesbrough-h,1949-11-19,1694.64,1701.54,1544.55,0.7702
1949-11-26-blackpool-a,1949-11-26,1701.54,1696.62,1490.19,0.705
1949-12-03-newcastle-united-h,1949-12-03,1696.62,1689.64,1525.9,0.7905
1949-12-10-fulham-a,1949-12-10,1689.64,1673.13,1492.13,0.6882
1949-12-17-derby-county-h,1949-12-17,1673.13,1655.83,1568.47,0.7207
1949-12-24-west-bromwich-albion-a,1949-12-24,1655.83,1667.99,1600.27,0.4936
1949-12-26-arsenal-h,1949-12-26,1667.99,1676.82,1576.31,0.7054
1949-12-27-arsenal-a,1949-12-27,1676.82,1675.13,1567.47,0.5706
1949-12-31-manchester-city-a,1949-12-31,1675.13,1686.46,1595.61,0.5281
1950-01-07-weymouth-h,1950-01-07,1686.46,1696,1500,0.8051
1950-01-14-chelsea-h,1950-01-14,1696,1699.56,1452.37,0.8517
1950-01-21-stoke-city-a,1950-01-21,1699.56,1681.22,1560.79,0.6115
1950-01-28-watford-a,1950-01-28,1681.22,1690.52,1500,0.6677
1950-02-04-burnley-h,1950-02-04,1690.52,1694.69,1479.54,0.8263
1950-02-11-portsmouth-h,1950-02-11,1694.69,1686.67,1528.07,0.7866
1950-02-15-portsmouth-a,1950-02-15,1686.67,1699.71,1536.1,0.6275
1950-02-18-sunderland-a,1950-02-18,1699.71,1698.45,1603.21,0.5523
1950-02-25-charlton-athletic-a,1950-02-25,1698.45,1705.83,1497.4,0.6925
1950-03-04-chelsea-a,1950-03-04,1705.83,1679.35,1448.81,0.7566
1950-03-08-aston-villa-h,1950-03-08,1679.35,1693.66,1537.65,0.7615
1950-03-11-middlesbrough-a,1950-03-11,1693.66,1702.42,1537.66,0.6347
1950-03-15-liverpool-h,1950-03-15,1702.42,1695.97,1553.78,0.7687
1950-03-18-blackpool-h,1950-03-18,1695.97,1676.35,1495.11,0.8178
1950-03-25-huddersfield-town-a,1950-03-25,1676.35,1657.75,1531.35,0.6199
1950-04-01-everton-h,1950-04-01,1657.75,1653.27,1581.63,0.6865
1950-04-07-birmingham-city-h,1950-04-07,1653.27,1630.09,1500.71,0.7727
1950-04-08-wolverhampton-wanderers-a,1950-04-08,1630.09,1628.5,1523.6,0.5665
1950-04-10-birmingham-city-a,1950-04-10,1628.5,1626.96,1523.89,0.5638
1950-04-15-portsmouth-h,1950-04-15,1626.96,1605.37,1523.06,0.7198
1950-04-22-newcastle-united-a,1950-04-22,1605.37,1592.94,1532.87,0.518
1950-04-29-fulham-h,1950-04-29,1592.94,1603.87,1508.65,0.6965
1950-08-19-fulham-h,1950-08-19,1603.87,1610.53,1497.72,0.7224
1950-08-23-liverpool-a,1950-08-23,1610.53,1598.86,1560.23,0.486
1950-08-26-bolton-wanderers-a,1950-08-26,1598.86,1586.87,1539.15,0.4996
1950-08-30-liverpool-h,1950-08-30,1586.87,1596.32,1571.89,0.6063
1950-09-02-blackpool-h,1950-09-02,1596.32,1603.69,1514.74,0.6932
1950-09-04-aston-villa-a,1950-09-04,1603.69,1617.81,1523.34,0.5292
1950-09-09-tottenham-hotspur-a,1950-09-09,1617.81,1605.02,1534.89,0.5329
1950-09-13-aston-villa-h,1950-09-13,1605.02,1599.97,1509.22,0.7103
1950-09-16-charlton-athletic-h,1950-09-16,1599.97,1609.81,1490.02,0.7268
1950-09-23-middlesbrough-a,1950-09-23,1609.81,1621.09,1528.89,0.5301
1950-09-30-wolverhampton-wanderers-a,1950-09-30,1621.09,1619.85,1525.2,0.5515
1950-10-07-sheffield-wednesday-h,1950-10-07,1619.85,1628.38,1519.54,0.7156
1950-10-14-arsenal-a,1950-10-14,1628.38,1610.42,1569.16,0.4989
1950-10-21-portsmouth-h,1950-10-21,1610.42,1606.26,1544.65,0.6735
1950-10-28-everton-a,1950-10-28,1606.26,1626.31,1586.1,0.4429
1950-11-04-burnley-h,1950-11-04,1626.31,1619.81,1475.37,0.7711
1950-11-11-chelsea-a,1950-11-11,1619.81,1604.95,1475.29,0.6193
1950-11-18-stoke-city-h,1950-11-18,1604.95,1602.04,1579.13,0.621
1950-11-25-west-bromwich-albion-a,1950-11-25,1602.04,1615.62,1588.12,0.4341
1950-12-02-newcastle-united-h,1950-12-02,1615.62,1599.32,1545.31,0.6792
1950-12-09-huddersfield-town-a,1950-12-09,1599.32,1611.69,1549.95,0.4847
1950-12-16-fulham-a,1950-12-16,1611.69,1609.62,1491.06,0.5864
1950-12-23-bolton-wanderers-h,1950-12-23,1609.62,1593.67,1551.14,0.6642
1950-12-25-sunderland-a,1950-12-25,1593.67,1584.09,1604.46,0.3995
1950-12-26-sunderland-h,1950-12-26,1584.09,1567.79,1614.05,0.5431
1951-01-06-oldham-athletic-h,1951-01-06,1567.79,1579.67,1466.19,0.7171
1951-01-13-tottenham-hotspur-h,1951-01-13,1579.67,1588.57,1547.68,0.6294
1951-01-20-charlton-athletic-a,1951-01-20,1588.57,1598.91,1480.18,0.5692
1951-01-27-leeds-united-h,1951-01-27,1598.91,1613.39,1507.95,0.7045
1951-02-03-middlesbrough-h,1951-02-03,1613.39,1620.34,1517.61,0.7103
1951-02-10-arsenal-h,1951-02-10,1620.34,1630.67,1587.12,0.631
1951-02-17-wolverhampton-wanderers-h,1951-02-17,1630.67,1637.39,1526.43,0.7202
1951-02-24-birmingham-city-a,1951-02-24,1637.39,1621.31,1525.42,0.5742
1951-02-26-sheffield-wednesday-a,1951-02-26,1621.31,1639.29,1511.01,0.5719
1951-03-03-arsenal-h,1951-03-03,1639.29,1649.21,1576.79,0.6693
1951-03-10-portsmouth-a,1951-03-10,1649.21,1647.82,1548.82,0.5579
1951-03-17-everton-h,1951-03-17,1647.82,1658.86,1566.05,0.6934
1951-03-23-derby-county-h,1951-03-23,1658.86,1668.38,1585.76,0.6827
1951-03-24-burnley-a,1951-03-24,1668.38,1676.19,1481.87,0.6744
1951-03-26-derby-county-a,1951-03-26,1676.19,1689.47,1576.24,0.5572
1951-03-31-chelsea-h,1951-03-31,1689.47,1696.08,1490.16,0.8165
1951-04-07-stoke-city-a,1951-04-07,1696.08,1678.77,1582.04,0.5771
1951-04-14-west-bromwich-albion-h,1951-04-14,1678.77,1688.84,1574.53,0.7202
1951-04-21-newcastle-united-a,1951-04-21,1688.84,1700.97,1561.61,0.5956
1951-04-28-huddersfield-town-h,1951-04-28,1700.97,1712.66,1537.59,0.7835
1951-05-05-blackpool-a,1951-05-05,1712.66,1707.92,1507.38,0.6977
1951-08-18-west-bromwich-albion-a,1951-08-18,1707.92,1705.09,1564.46,0.6179
1951-08-22-middlesbrough-h,1951-08-22,1705.09,1710.72,1510.66,0.8122
1951-08-25-newcastle-united-h,1951-08-25,1710.72,1715.97,1549.47,0.7814
1951-08-29-middlesbrough-a,1951-08-29,1715.97,1726.61,1505.02,0.7045
1951-09-01-bolton-wanderers-a,1951-09-01,1726.61,1711.26,1567.08,0.6394
1951-09-05-charlton-athletic-h,1951-09-05,1711.26,1714.86,1469.84,0.8501
1951-09-08-stoke-city-h,1951-09-08,1714.86,1726.07,1599.35,0.7331
1951-09-12-charlton-athletic-a,1951-09-12,1726.07,1719.84,1466.25,0.7596
1951-09-15-manchester-city-a,1951-09-15,1719.84,1729.27,1584.28,0.6071
1951-09-22-tottenham-hotspur-a,1951-09-22,1729.27,1708.89,1538.78,0.6794
1951-09-29-preston-north-end-h,1951-09-29,1708.89,1689.81,1533.5,0.795
1951-10-06-derby-county-h,1951-10-06,1689.81,1695.92,1562.96,0.7457
1951-10-13-aston-villa-a,1951-10-13,1695.92,1707.86,1514.26,0.6683
1951-10-20-sunderland-h,1951-10-20,1707.86,1691.34,1630.35,0.6882
1951-10-27-wolverhampton-wanderers-a,1951-10-27,1691.34,1701.68,1519.72,0.6553
1951-11-03-huddersfield-town-h,1951-11-03,1701.68,1694.59,1525.89,0.7953
1951-11-10-chelsea-a,1951-11-10,1694.59,1673.45,1483.55,0.7046
1951-11-17-portsmouth-h,1951-11-17,1673.45,1651.2,1550.21,0.7417
1951-11-24-liverpool-a,1951-11-24,1651.2,1650.21,1562.44,0.5413
1951-12-01-blackpool-h,1951-12-01,1650.21,1657.48,1512.12,0.7577
1951-12-08-arsenal-a,1951-12-08,1657.48,1671.16,1566.87,0.5439
1951-12-15-west-bromwich-albion-h,1951-12-15,1671.16,1682.93,1567.29,0.7198
1951-12-22-newcastle-united-a,1951-12-22,1682.93,1680.26,1544.23,0.6114
1951-12-25-fulham-h,1951-12-25,1680.26,1684.92,1493.13,0.8057
1951-12-26-fulham-a,1951-12-26,1684.92,1680.44,1488.47,0.6869
1951-12-29-bolton-wanderers-h,1951-12-29,1680.44,1687.33,1582.42,0.7129
1952-01-05-stoke-city-a,1952-01-05,1687.33,1685.98,1588.14,0.5562
1952-01-12-hull-city-h,1952-01-12,1685.98,1656.34,1448.94,0.8468
1952-01-19-manchester-city-h,1952-01-19,1656.34,1651.71,1574.85,0.6931
1952-01-26-tottenham-hotspur-h,1952-01-26,1651.71,1660.51,1559.17,0.7064
1952-02-09-preston-north-end-a,1952-02-09,1660.51,1670.87,1552.58,0.5686
1952-02-16-derby-county-a,1952-02-16,1670.87,1686.09,1556.86,0.5771
1952-03-01-aston-villa-h,1952-03-01,1686.09,1678.83,1502.32,0.8027
1952-03-08-sunderland-a,1952-03-08,1678.83,1691.79,1646.86,0.4597
1952-03-15-wolverhampton-wanderers-h,1952-03-15,1691.79,1697.75,1509.38,0.8015
1952-03-22-huddersfield-town-a,1952-03-22,1697.75,1682.24,1532.98,0.6464
1952-04-05-portsmouth-a,1952-04-05,1682.24,1668.53,1572.46,0.5712
1952-04-11-burnley-a,1952-04-11,1668.53,1664.1,1474.06,0.6844
1952-04-12-liverpool-h,1952-04-12,1664.1,1676.03,1563.43,0.716
1952-04-14-burnley-h,1952-04-14,1676.03,1684.91,1478.49,0.815
1952-04-19-blackpool-a,1952-04-19,1684.91,1680.92,1504.85,0.6662
1952-04-21-chelsea-h,1952-04-21,1680.92,1688.28,1504.69,0.7957
1952-04-26-arsenal-h,1952-04-26,1688.28,1700.06,1553.19,0.7545
1952-08-23-chelsea-h,1952-08-23,1700.06,1705.48,1497.34,0.8194
1952-08-27-arsenal-a,1952-08-27,1705.48,1689.99,1541.41,0.6454
1952-08-30-manchester-city-a,1952-08-30,1689.99,1676.25,1579.48,0.5722
1952-09-03-arsenal-h,1952-09-03,1676.25,1670.56,1556.9,0.7374
1952-09-06-portsmouth-a,1952-09-06,1670.56,1654.5,1586.17,0.535
1952-09-10-derby-county-a,1952-09-10,1654.5,1664.69,1541.63,0.5755
1952-09-13-bolton-wanderers-h,1952-09-13,1664.69,1671.84,1575.53,0.7024
1952-09-20-aston-villa-a,1952-09-20,1671.84,1668.4,1509.58,0.643
1952-09-24-newcastle-united-h,1952-09-24,1668.4,1674.91,1546.9,0.7398
1952-09-27-sunderland-h,1952-09-27,1674.91,1659.51,1633.9,0.6414
1952-10-04-wolverhampton-wanderers-a,1952-10-04,1659.51,1632.85,1503.42,0.6349
1952-10-11-stoke-city-h,1952-10-11,1632.85,1613.51,1589.49,0.6445
1952-10-18-preston-north-end-a,1952-10-18,1613.51,1636.73,1542.22,0.5162
1952-10-25-burnley-h,1952-10-25,1636.73,1613.12,1469.6,0.7871
1952-11-01-tottenham-hotspur-a,1952-11-01,1613.12,1625.03,1550.36,0.504
1952-11-08-sheffield-wednesday-h,1952-11-08,1625.03,1619,1493.03,0.7512
1952-11-15-cardiff-city-a,1952-11-15,1619,1629.19,1506.25,0.5753
1952-11-22-newcastle-united-h,1952-11-22,1629.19,1624.34,1540.39,0.7019
1952-11-29-west-bromwich-albion-a,1952-11-29,1624.34,1608.96,1555.52,0.5127
1952-12-06-middlesbrough-h,1952-12-06,1608.96,1615.39,1494.39,0.732
1952-12-13-liverpool-a,1952-12-13,1615.39,1627.26,1551.51,0.5056
1952-12-20-chelsea-a,1952-12-20,1627.26,1636.7,1491.92,0.6068
1952-12-25-blackpool-a,1952-12-25,1636.7,1634.38,1508.84,0.5964
1952-12-26-blackpool-h,1952-12-26,1634.38,1640.58,1511.16,0.7417
1953-01-01-derby-county-h,1953-01-01,1640.58,1647.16,1531.44,0.7258
1953-01-03-manchester-city-h,1953-01-03,1647.16,1643.36,1593.21,0.6583
1953-01-10-millwall-a,1953-01-10,1643.36,1652.56,1459.22,0.6714
1953-01-17-portsmouth-h,1953-01-17,1652.56,1660.87,1602.22,0.6537
1953-01-24-bolton-wanderers-a,1953-01-24,1660.87,1647.75,1568.39,0.5466
1953-01-31-walthamstow-avenue-h,1953-01-31,1647.75,1640.26,1500,0.7678
1953-02-05-walthamstow-avenue-a,1953-02-05,1640.26,1656.92,1507.5,0.6032
1953-02-07-aston-villa-h,1953-02-07,1656.92,1664.01,1513.02,0.7638
1953-02-14-everton-a,1953-02-14,1664.01,1648.05,1555.01,0.5701
1953-02-18-sunderland-a,1953-02-18,1648.05,1650.14,1649.29,0.4128
1953-02-21-wolverhampton-wanderers-h,1953-02-21,1650.14,1623.57,1530.08,0.7382
1953-02-28-stoke-city-a,1953-02-28,1623.57,1610.51,1608.83,0.4352
1953-03-07-preston-north-end-h,1953-03-07,1610.51,1621.12,1519,0.7052
1953-03-14-burnley-a,1953-03-14,1621.12,1606.81,1493.22,0.5965
1953-03-25-tottenham-hotspur-h,1953-03-25,1606.81,1614.56,1538.45,0.6767
1953-03-28-sheffield-wednesday-a,1953-03-28,1614.56,1612.66,1499.06,0.5792
1953-04-03-charlton-athletic-a,1953-04-03,1612.66,1609.94,1472.48,0.6134
1953-04-04-cardiff-city-h,1953-04-04,1609.94,1583.62,1496.06,0.7312
1953-04-06-charlton-athletic-h,1953-04-06,1583.62,1590.22,1475.2,0.725
1953-04-11-newcastle-united-a,1953-04-11,1590.22,1602.73,1545.24,0.4784
1953-04-18-west-bromwich-albion-h,1953-04-18,1602.73,1599.63,1570.9,0.6292
1953-04-20-liverpool-h,1953-04-20,1599.63,1609.65,1539.64,0.6661
1953-04-25-middlesbrough-a,1953-04-25,1609.65,1581.43,1487.96,0.5879
1953-08-19-chelsea-h,1953-08-19,1581.43,1576.3,1482.48,0.714
1953-08-22-liverpool-a,1953-08-22,1576.3,1576.76,1529.63,0.4808
1953-08-26-west-bromwich-albion-h,1953-08-26,1576.76,1559.08,1574,0.5893
1953-08-29-newcastle-united-h,1953-08-29,1559.08,1556.15,1532.72,0.6218
1953-09-02-west-bromwich-albion-a,1953-09-02,1556.15,1545.18,1591.68,0.3659
1953-09-05-manchester-city-a,1953-09-05,1545.18,1534.85,1597.01,0.3444
1953-09-09-middlesbrough-h,1953-09-09,1534.85,1532.17,1516.17,0.6113
1953-09-12-bolton-wanderers-a,1953-09-12,1532.17,1535.83,1581.51,0.3476
1953-09-16-middlesbrough-a,1953-09-16,1535.83,1556.05,1518.85,0.4384
1953-09-19-preston-north-end-h,1953-09-19,1556.05,1564.44,1508.39,0.6502
1953-09-26-tottenham-hotspur-a,1953-09-26,1564.44,1565.35,1530.7,0.4623
1953-10-03-burnley-h,1953-10-03,1565.35,1549.43,1507.53,0.6633
1953-10-10-sunderland-h,1953-10-10,1549.43,1562.73,1647.2,0.4459
1953-10-17-wolverhampton-wanderers-a,1953-10-17,1562.73,1550.04,1556.66,0.423
1953-10-24-aston-villa-h,1953-10-24,1550.04,1558.55,1505.93,0.6455
1953-10-31-huddersfield-town-a,1953-10-31,1558.55,1560.26,1548.49,0.4286
1953-11-07-arsenal-h,1953-11-07,1560.26,1558.29,1562.59,0.5822
1953-11-14-cardiff-city-a,1953-11-14,1558.29,1583.95,1522.38,0.4654
1953-11-21-blackpool-h,1953-11-21,1583.95,1595.11,1504.96,0.69
1953-11-28-portsmouth-a,1953-11-28,1595.11,1597.12,1593.9,0.4162
1953-12-05-sheffield-united-h,1953-12-05,1597.12,1595.15,1599.54,0.5821
1953-12-12-chelsea-a,1953-12-12,1595.15,1578.11,1487.62,0.568
1953-12-19-liverpool-h,1953-12-19,1578.11,1592.73,1529.17,0.6518
1953-12-25-sheffield-wednesday-h,1953-12-25,1592.73,1603.33,1500.96,0.7055
1953-12-26-sheffield-wednesday-a,1953-12-26,1603.33,1613.52,1490.36,0.5757
1954-01-02-newcastle-united-a,1954-01-02,1613.52,1624.9,1535.64,0.5257
1954-01-09-burnley-a,1954-01-09,1624.9,1605.32,1523.45,0.5594
1954-01-16-manchester-city-h,1954-01-16,1605.32,1603.34,1607.35,0.5827
1954-01-23-bolton-wanderers-h,1954-01-23,1603.34,1577.27,1577.85,0.6206
1954-02-06-preston-north-end-a,1954-02-06,1577.27,1591.53,1499.99,0.5249
1954-02-13-tottenham-hotspur-h,1954-02-13,1591.53,1601.48,1529.79,0.6684
1954-02-20-burnley-a,1954-02-20,1601.48,1586.54,1543.03,0.4978
1954-02-27-sunderland-a,1954-02-27,1586.54,1606.04,1633.9,0.3502
1954-03-06-wolverhampton-wanderers-h,1954-03-06,1606.04,1614.78,1569.35,0.6357
1954-03-13-aston-villa-a,1954-03-13,1614.78,1612.82,1497.42,0.5818
1954-03-20-huddersfield-town-h,1954-03-20,1612.82,1622.6,1546.78,0.6738
1954-03-27-arsenal-a,1954-03-27,1622.6,1607.69,1564.57,0.4972
1954-04-03-cardiff-city-h,1954-04-03,1607.69,1590.22,1496.72,0.7279
1954-04-10-blackpool-a,1954-04-10,1590.22,1573.65,1493.8,0.5522
1954-04-16-charlton-athletic-h,1954-04-16,1573.65,1582.02,1468.6,0.7211
1954-04-17-portsmouth-h,1954-04-17,1582.02,1594.87,1591.89,0.5716
1954-04-19-charlton-athletic-a,1954-04-19,1594.87,1580.33,1460.23,0.6058
1954-04-24-sheffield-united-a,1954-04-24,1580.33,1598.77,1601.52,0.3852
1954-08-21-portsmouth-h,1954-08-21,1598.77,1580.39,1579.04,0.6128
1954-08-23-sheffield-wednesday-a,1954-08-23,1580.39,1593.66,1480.17,0.5576
1954-08-28-blackpool-a,1954-08-28,1593.66,1607.66,1510.36,0.5335
1954-09-01-sheffield-wednesday-h,1954-09-01,1607.66,1614.84,1466.9,0.7605
1954-09-04-charlton-athletic-h,1954-09-04,1614.84,1622.04,1474.77,0.7598
1954-09-08-tottenham-hotspur-a,1954-09-08,1622.04,1635.23,1519.84,0.5604
1954-09-11-bolton-wanderers-a,1954-09-11,1635.23,1636.22,1603.92,0.4588
1954-09-15-tottenham-hotspur-h,1954-09-15,1636.22,1642.25,1506.66,0.7486
1954-09-18-huddersfield-town-h,1954-09-18,1642.25,1636.94,1536.99,0.7214
1954-09-25-manchester-city-a,1954-09-25,1636.94,1626.06,1609.33,0.4535
1954-10-02-wolverhampton-wanderers-a,1954-10-02,1626.06,1610.82,1560.6,0.5078
1954-10-09-cardiff-city-h,1954-10-09,1610.82,1621.21,1514.19,0.7113
1954-10-16-chelsea-a,1954-10-16,1621.21,1631.28,1504.66,0.5807
1954-10-23-newcastle-united-h,1954-10-23,1631.28,1625.92,1524.26,0.7234
1954-10-30-everton-a,1954-10-30,1625.92,1611.13,1570.97,0.4927
1954-11-06-preston-north-end-h,1954-11-06,1611.13,1617.28,1485.74,0.7441
1954-11-13-sheffield-united-a,1954-11-13,1617.28,1600.61,1583.07,0.4629
1954-11-20-arsenal-h,1954-11-20,1600.61,1609.86,1579.48,0.6147
1954-11-27-west-bromwich-albion-a,1954-11-27,1609.86,1597.12,1602.66,0.4246
1954-12-04-leicester-city-h,1954-12-04,1597.12,1605.07,1479.91,0.735
1954-12-11-burnley-a,1954-12-11,1605.07,1620.63,1557.96,0.4815
1954-12-18-portsmouth-a,1954-12-18,1620.63,1621.89,1597.43,0.4472
1954-12-27-aston-villa-h,1954-12-27,1621.89,1604.11,1499.39,0.7409
1954-12-28-aston-villa-a,1954-12-28,1604.11,1591.18,1517.17,0.5387
1955-01-01-blackpool-h,1955-01-01,1591.18,1601.65,1496.37,0.7091
1955-01-08-reading-a,1955-01-08,1601.65,1599.11,1477.9,0.5907
1955-01-12-reading-h,1955-01-12,1599.11,1610.18,1480.44,0.7366
1955-01-22-bolton-wanderers-h,1955-01-22,1610.18,1607.88,1602.93,0.5956
1955-01-29-manchester-city-a,1955-01-29,1607.88,1593.97,1620.22,0.3974
1955-02-05-huddersfield-town-a,1955-02-05,1593.97,1609.33,1542.31,0.488
1955-02-12-manchester-city-h,1955-02-12,1609.33,1582.91,1634.12,0.5505
1955-02-23-wolverhampton-wanderers-h,1955-02-23,1582.91,1565.05,1575.84,0.5953
1955-02-26-cardiff-city-a,1955-02-26,1565.05,1546.98,1503.8,0.5018
1955-03-05-burnley-h,1955-03-05,1546.98,1556.78,1542.41,0.5919
1955-03-19-everton-h,1955-03-19,1556.78,1543.71,1585.75,0.5445
1955-03-26-preston-north-end-a,1955-03-26,1543.71,1558.53,1479.59,0.5059
1955-04-02-sheffield-united-h,1955-04-02,1558.53,1581.24,1599.74,0.527
1955-04-08-sunderland-a,1955-04-08,1581.24,1572.38,1614.4,0.369
1955-04-09-leicester-city-a,1955-04-09,1572.38,1558.99,1471.96,0.5579
1955-04-11-sunderland-h,1955-04-11,1558.99,1559.14,1623.26,0.4939
1955-04-16-west-bromwich-albion-h,1955-04-16,1559.14,1576.94,1615.39,0.5054
1955-04-18-newcastle-united-a,1955-04-18,1576.94,1562.49,1529.62,0.4818
1955-04-23-arsenal-a,1955-04-23,1562.49,1576.8,1570.24,0.4037
1955-04-26-charlton-athletic-a,1955-04-26,1576.8,1575.11,1467.56,0.5704
1955-04-30-chelsea-h,1955-04-30,1575.11,1582.51,1494.59,0.6919
1955-08-20-birmingham-city-a,1955-08-20,1582.51,1583.16,1541.5,0.4727
1955-08-24-tottenham-hotspur-h,1955-08-24,1583.16,1578.5,1500.62,0.6943
1955-08-27-west-bromwich-albion-h,1955-08-27,1578.5,1591.74,1597.59,0.5586
1955-08-31-tottenham-hotspur-a,1955-08-31,1591.74,1602.83,1505.29,0.538
1955-09-03-manchester-city-a,1955-09-03,1602.83,1594.74,1660.55,0.3368
1955-09-07-everton-h,1955-09-07,1594.74,1604.83,1598.82,0.5798
1955-09-10-sheffield-united-a,1955-09-10,1604.83,1593.94,1577.04,0.4538
1955-09-14-everton-a,1955-09-14,1593.94,1581.28,1588.74,0.4218
1955-09-17-preston-north-end-h,1955-09-17,1581.28,1587.66,1464.77,0.7342
1955-09-24-burnley-a,1955-09-24,1587.66,1587.83,1532.61,0.4929
1955-10-01-luton-town-h,1955-10-01,1587.83,1595.67,1467.17,0.7389
1955-10-08-wolverhampton-wanderers-h,1955-10-08,1595.67,1605.55,1593.7,0.5882
1955-10-15-aston-villa-a,1955-10-15,1605.55,1605.02,1530.1,0.5222
1955-10-22-huddersfield-town-h,1955-10-22,1605.02,1616.22,1526.95,0.6889
1955-10-29-cardiff-city-a,1955-10-29,1616.22,1627.04,1521.86,0.5493
1955-11-05-arsenal-h,1955-11-05,1627.04,1622.71,1555.92,0.6802
1955-11-12-bolton-wanderers-a,1955-11-12,1622.71,1609.54,1605.22,0.4391
1955-11-19-chelsea-h,1955-11-19,1609.54,1618.87,1487.2,0.7407
1955-11-26-blackpool-a,1955-11-26,1618.87,1616.39,1485.9,0.6035
1955-12-03-sunderland-h,1955-12-03,1616.39,1626.56,1623.11,0.5761
1955-12-10-portsmouth-a,1955-12-10,1626.56,1615.58,1596.16,0.4575
1955-12-17-birmingham-city-h,1955-12-17,1615.58,1623.15,1540.85,0.6847
1955-12-24-west-bromwich-albion-a,1955-12-24,1623.15,1642.25,1584.35,0.4695
1955-12-26-charlton-athletic-h,1955-12-26,1642.25,1650.95,1469.25,0.7927
1955-12-27-charlton-athletic-a,1955-12-27,1650.95,1626.5,1460.55,0.6793
1955-12-31-manchester-city-h,1955-12-31,1626.5,1637.88,1668.63,0.5257
1956-01-07-bristol-rovers-a,1956-01-07,1637.88,1606.8,1482.22,0.6343
1956-01-14-sheffield-united-h,1956-01-14,1606.8,1618.45,1587.93,0.6116
1956-01-21-preston-north-end-a,1956-01-21,1618.45,1599.25,1458.39,0.6401
1956-02-04-burnley-h,1956-02-04,1599.25,1609,1532.44,0.6748
1956-02-11-luton-town-a,1956-02-11,1609,1620.22,1459.33,0.6263
1956-02-18-wolverhampton-wanderers-a,1956-02-18,1620.22,1636.23,1583.82,0.4661
1956-02-25-aston-villa-h,1956-02-25,1636.23,1642.91,1530.63,0.7218
1956-03-03-chelsea-a,1956-03-03,1642.91,1653.51,1477.86,0.6467
1956-03-10-cardiff-city-h,1956-03-10,1653.51,1647.21,1511.05,0.7623
1956-03-17-arsenal-a,1956-03-17,1647.21,1646.28,1560.25,0.5387
1956-03-24-bolton-wanderers-h,1956-03-24,1646.28,1655.31,1618.4,0.6238
1956-03-30-newcastle-united-h,1956-03-30,1655.31,1665.09,1544.08,0.7282
1956-03-31-huddersfield-town-a,1956-03-31,1665.09,1676.32,1515.75,0.6258
1956-04-02-newcastle-united-a,1956-04-02,1676.32,1673.54,1534.29,0.6159
1956-04-07-blackpool-h,1956-04-07,1673.54,1678.24,1488.38,0.804
1956-04-14-sunderland-a,1956-04-14,1678.24,1678.06,1612.94,0.5076
1956-04-21-portsmouth-h,1956-04-21,1678.06,1685.74,1607.14,0.68
1956-08-18-birmingham-city-h,1956-08-18,1685.74,1679.2,1533.28,0.7726
1956-08-20-preston-north-end-a,1956-08-20,1679.2,1688.4,1477.6,0.6932
1956-08-25-west-bromwich-albion-a,1956-08-25,1688.4,1698.25,1565.25,0.5899
1956-08-29-preston-north-end-h,1956-08-29,1698.25,1702.05,1468.39,0.8414
1956-09-01-portsmouth-h,1956-09-01,1702.05,1712.19,1599.46,0.7183
1956-09-05-chelsea-a,1956-09-05,1712.19,1718.35,1467.26,0.7436
1956-09-08-newcastle-united-a,1956-09-08,1718.35,1714.32,1537.07,0.6678
1956-09-12-anderlecht-a,1956-09-12,1714.32,1725.98,1500,0.7085
1956-09-15-sheffield-wednesday-h,1956-09-15,1725.98,1730.75,1459.72,0.8674
1956-09-22-manchester-city-h,1956-09-22,1730.75,1740.26,1657.25,0.6832
1956-09-26-anderlecht-h,1956-09-26,1740.26,1755.07,1488.34,0.8576
1956-09-29-arsenal-a,1956-09-29,1755.07,1762.66,1561.18,0.6837
1956-10-06-charlton-athletic-h,1956-10-06,1762.66,1766.42,1485,0.8748
1956-10-13-sunderland-a,1956-10-13,1766.42,1777.48,1613.12,0.6311
1956-10-17-borussia-dortmund-h,1956-10-17,1777.48,1781.49,1500,0.8746
1956-10-20-everton-h,1956-10-20,1781.49,1752.72,1601.39,0.7993
1956-10-24-manchester-city-a,1956-10-24,1752.72,1761.43,1647.74,0.5644
1956-10-27-blackpool-a,1956-10-27,1761.43,1754.76,1483.68,0.7779
1956-11-03-wolverhampton-wanderers-h,1956-11-03,1754.76,1761.76,1567.8,0.8056
1956-11-10-bolton-wanderers-a,1956-11-10,1761.76,1742.86,1609.37,0.6299
1956-11-17-leeds-united-h,1956-11-17,1742.86,1746.32,1493.47,0.8558
1956-11-21-borussia-dortmund-a,1956-11-21,1746.32,1738.34,1495.99,0.7494
1956-11-24-tottenham-hotspur-a,1956-11-24,1738.34,1732.52,1494.2,0.7427
1956-12-01-luton-town-h,1956-12-01,1732.52,1736.15,1448.12,0.8789
1956-12-08-aston-villa-a,1956-12-08,1736.15,1744.97,1523.95,0.706
1956-12-15-birmingham-city-a,1956-12-15,1744.97,1724.04,1539.82,0.6975
1956-12-26-cardiff-city-h,1956-12-26,1724.04,1729.36,1517.34,0.8228
1956-12-29-portsmouth-a,1956-12-29,1729.36,1740.96,1589.32,0.6132
1957-01-01-chelsea-h,1957-01-01,1740.96,1745.42,1461.11,0.8761
1957-01-05-hereford-united-a,1957-01-05,1745.42,1752.59,1500,0.7441
1957-01-12-newcastle-united-h,1957-01-12,1752.59,1760.9,1541.1,0.8268
1957-01-16-athletic-bilbao-a,1957-01-16,1760.9,1730.47,1500,0.7607
1957-01-19-sheffield-wednesday-a,1957-01-19,1730.47,1711.86,1454.94,0.7757
1957-01-26-wrexham-a,1957-01-26,1711.86,1728.34,1500,0.7056
1957-02-02-manchester-city-a,1957-02-02,1728.34,1742.08,1639.03,0.5421
1957-02-06-athletic-bilbao-h,1957-02-06,1742.08,1750.39,1530.43,0.8269
1957-02-09-arsenal-h,1957-02-09,1750.39,1758.19,1553.59,0.8143
1957-02-16-everton-h,1957-02-16,1758.19,1765.27,1630.17,0.7469
1957-02-18-charlton-athletic-a,1957-02-18,1765.27,1774.34,1481.25,0.7841
1957-02-23-blackpool-h,1957-02-23,1774.34,1747.98,1490.35,0.8787
1957-03-02-bournemouth-a,1957-03-02,1747.98,1754.74,1488.96,0.7587
1957-03-06-everton-a,1957-03-06,1754.74,1764.3,1623.08,0.6017
1957-03-09-aston-villa-h,1957-03-09,1764.3,1755.76,1515.13,0.8557
1957-03-16-wolverhampton-wanderers-a,1957-03-16,1755.76,1751.32,1560.8,0.685
1957-03-23-birmingham-city-n,1957-03-23,1751.32,1760.08,1560.75,0.7497
1957-03-25-bolton-wanderers-h,1957-03-25,1760.08,1737.55,1628.27,0.751
1957-03-30-leeds-united-a,1957-03-30,1737.55,1743.64,1490.01,0.7464
1957-04-06-tottenham-hotspur-h,1957-04-06,1743.64,1735.2,1500.02,0.8517
1957-04-11-real-madrid-a,1957-04-11,1735.2,1705.89,1500,0.7327
1957-04-13-luton-town-a,1957-04-13,1705.89,1713.05,1444.49,0.7612
1957-04-19-burnley-a,1957-04-19,1713.05,1722.67,1522.68,0.6793
1957-04-20-sunderland-h,1957-04-20,1722.67,1733.64,1602.06,0.7388
1957-04-22-burnley-h,1957-04-22,1733.64,1738.62,1513.06,0.8341
1957-04-25-real-madrid-h,1957-04-25,1738.62,1728.22,1529.31,0.825
1957-04-27-cardiff-city-a,1957-04-27,1728.22,1735.16,1512.02,0.7108
1957-04-29-west-bromwich-albion-h,1957-04-29,1735.16,1727.99,1555.41,0.799
1957-05-04-aston-villa-n,1957-05-04,1727.99,1706.59,1523.67,0.7643
1957-08-24-leicester-city-a,1957-08-24,1706.59,1716.79,1485.35,0.7167
1957-08-28-everton-h,1957-08-28,1716.79,1726.9,1613.52,0.7191
1957-08-31-manchester-city-h,1957-08-31,1726.9,1737.08,1625.29,0.7171
1957-09-04-everton-a,1957-09-04,1737.08,1734.58,1603.41,0.6045
1957-09-07-leeds-united-h,1957-09-07,1734.58,1741.45,1483.92,0.8567
1957-09-09-blackpool-a,1957-09-09,1741.45,1751.51,1516.71,0.7208
1957-09-14-bolton-wanderers-a,1957-09-14,1751.51,1728.06,1650.8,0.5583
1957-09-18-blackpool-h,1957-09-18,1728.06,1708.02,1506.66,0.8348
1957-09-21-arsenal-h,1957-09-21,1708.02,1714.55,1545.79,0.7823
1957-09-25-shamrock-rovers-a,1957-09-25,1714.55,1735.52,1500,0.7088
1957-09-28-wolverhampton-wanderers-a,1957-09-28,1735.52,1715.91,1565.24,0.6536
1957-10-02-shamrock-rovers-h,1957-10-02,1715.91,1720.81,1479.04,0.8467
1957-10-05-aston-villa-h,1957-10-05,1720.81,1728.18,1545.07,0.7953
1957-10-12-nottingham-forest-a,1957-10-12,1728.18,1736.57,1560.05,0.6508
1957-10-19-portsmouth-h,1957-10-19,1736.57,1708.52,1577.71,0.779
1957-10-22-aston-villa-h,1957-10-22,1708.52,1715.85,1537.7,0.7906
1957-10-26-west-bromwich-albion-a,1957-10-26,1715.85,1700.7,1562.58,0.6311
1957-11-02-burnley-h,1957-11-02,1700.7,1705.25,1508.09,0.8106
1957-11-09-preston-north-end-a,1957-11-09,1705.25,1699.52,1464.59,0.7388
1957-11-16-sheffield-wednesday-h,1957-11-16,1699.52,1703.4,1473.56,0.8384
1957-11-20-dukla-prague-h,1957-11-20,1703.4,1712.04,1500,0.82
1957-11-23-newcastle-united-a,1957-11-23,1712.04,1720.07,1532.78,0.6652
1957-11-30-tottenham-hotspur-h,1957-11-30,1720.07,1700.23,1508.46,0.8269
1957-12-04-dukla-prague-a,1957-12-04,1700.23,1677.76,1491.36,0.702
1957-12-07-birmingham-city-a,1957-12-07,1677.76,1675.52,1551.99,0.5935
1957-12-14-chelsea-h,1957-12-14,1675.52,1655.53,1456.65,0.8328
1957-12-21-leicester-city-h,1957-12-21,1655.53,1663.95,1475.15,0.7996
1957-12-25-luton-town-h,1957-12-25,1663.95,1669.75,1437.32,0.8389
1957-12-26-luton-town-a,1957-12-26,1669.75,1664.08,1431.52,0.7361
1957-12-28-manchester-city-a,1957-12-28,1664.08,1664.46,1615.11,0.4841
1958-01-04-workington-a,1958-01-04,1664.46,1676.85,1500,0.646
1958-01-11-leeds-united-a,1958-01-11,1676.85,1672.27,1477.05,0.691
1958-01-14-red-star-belgrade-h,1958-01-14,1672.27,1678.93,1500,0.792
1958-01-18-bolton-wanderers-h,1958-01-18,1678.93,1698.51,1674.25,0.592
1958-01-25-ipswich-town-h,1958-01-25,1698.51,1704.96,1500,0.8158
1958-02-01-arsenal-a,1958-02-01,1704.96,1713.41,1539.26,0.6476
1958-02-05-red-star-belgrade-a,1958-02-05,1713.41,1706.52,1493.34,0.7153
1958-02-19-sheffield-wednesday-h,1958-02-19,1706.52,1712.96,1469.68,0.8467
1958-02-22-nottingham-forest-h,1958-02-22,1712.96,1706.21,1551.67,0.7814
1958-03-01-west-bromwich-albion-a,1958-03-01,1706.21,1703.49,1577.73,0.5973
1958-03-05-west-bromwich-albion-h,1958-03-05,1703.49,1710.72,1580.45,0.7415
1958-03-08-west-bromwich-albion-h,1958-03-08,1710.72,1678.92,1573.21,0.7571
1958-03-15-burnley-a,1958-03-15,1678.92,1655.16,1503.54,0.6602
1958-03-22-fulham-n,1958-03-22,1655.16,1649.06,1492.95,0.7178
1958-03-26-fulham-n,1958-03-26,1649.06,1659.44,1499.05,0.7034
1958-03-29-sheffield-wednesday-a,1958-03-29,1659.44,1642.96,1463.24,0.6865
1958-03-31-aston-villa-a,1958-03-31,1642.96,1629.16,1530.37,0.5751
1958-04-04-sunderland-h,1958-04-04,1629.16,1625.86,1591.09,0.6375
1958-04-05-preston-north-end-h,1958-04-05,1625.86,1619.24,1470.32,0.7757
1958-04-07-sunderland-a,1958-04-07,1619.24,1632.45,1594.39,0.4496
1958-04-12-tottenham-hotspur-a,1958-04-12,1632.45,1618.94,1528.31,0.5632
1958-04-16-portsmouth-a,1958-04-16,1618.94,1620.54,1605.76,0.433
1958-04-19-birmingham-city-h,1958-04-19,1620.54,1600.32,1554.23,0.6742
1958-04-21-wolverhampton-wanderers-h,1958-04-21,1600.32,1574.83,1584.85,0.6069
1958-04-23-newcastle-united-h,1958-04-23,1574.83,1571.15,1524.75,0.6533
1958-04-26-chelsea-a,1958-04-26,1571.15,1557.96,1476.64,0.5495
1958-05-03-bolton-wanderers-n,1958-05-03,1557.96,1545.21,1654.66,0.3643
1958-05-08-ac-milan-h,1958-05-08,1545.21,1556.51,1500,0.6469
1958-05-14-ac-milan-a,1958-05-14,1556.51,1527.88,1488.7,0.5112
1958-08-23-chelsea-h,1958-08-23,1527.88,1540.93,1489.82,0.6375
1958-08-27-nottingham-forest-a,1958-08-27,1540.93,1562.88,1558.43,0.3903
1958-08-30-blackpool-a,1958-08-30,1562.88,1551.7,1526.69,0.4658
1958-09-03-nottingham-forest-h,1958-09-03,1551.7,1549.14,1536.48,0.6066
1958-09-06-blackburn-rovers-h,1958-09-06,1549.14,1570.79,1574.98,0.549
1958-09-08-west-ham-united-a,1958-09-08,1570.79,1560.51,1560.93,0.4283
1958-09-13-newcastle-united-a,1958-09-13,1560.51,1561.47,1528.43,0.4599
1958-09-17-west-ham-united-h,1958-09-17,1561.47,1576.88,1571.21,0.5718
1958-09-20-tottenham-hotspur-h,1958-09-20,1576.88,1573.68,1541.82,0.6335
1958-09-27-manchester-city-a,1958-09-27,1573.68,1577.08,1614.73,0.3585
1958-10-04-wolverhampton-wanderers-a,1958-10-04,1577.08,1561.58,1610.34,0.3689
1958-10-08-preston-north-end-h,1958-10-08,1561.58,1540.67,1476.94,0.6969
1958-10-11-arsenal-h,1958-10-11,1540.67,1538.29,1530.8,0.5992
1958-10-18-everton-a,1958-10-18,1538.29,1530.51,1605.91,0.3242
1958-10-25-west-bromwich-albion-h,1958-10-25,1530.51,1519.01,1605.01,0.4791
1958-11-01-leeds-united-a,1958-11-01,1519.01,1531.79,1481.63,0.4675
1958-11-08-burnley-h,1958-11-08,1531.79,1514.04,1527.31,0.5917
1958-11-15-bolton-wanderers-a,1958-11-15,1514.04,1505.89,1667.42,0.2265
1958-11-22-luton-town-h,1958-11-22,1505.89,1513.63,1437.19,0.6772
1958-11-29-birmingham-city-a,1958-11-29,1513.63,1541.66,1574.46,0.3328
1958-12-06-leicester-city-h,1958-12-06,1541.66,1553,1466.73,0.685
1958-12-13-preston-north-end-a,1958-12-13,1553,1565.17,1497.84,0.493
1958-12-20-chelsea-a,1958-12-20,1565.17,1576.19,1476.77,0.5408
1958-12-26-aston-villa-h,1958-12-26,1576.19,1585.08,1544.17,0.6294
1958-12-27-aston-villa-a,1958-12-27,1585.08,1600.52,1535.28,0.4853
1959-01-03-blackpool-h,1959-01-03,1600.52,1610.44,1537.87,0.6695
1959-01-10-norwich-city-a,1959-01-10,1610.44,1583.85,1455.73,0.633
1959-01-31-newcastle-united-h,1959-01-31,1583.85,1579.97,1527.47,0.6615
1959-02-07-tottenham-hotspur-a,1959-02-07,1579.97,1596.05,1545.03,0.464
1959-02-14-manchester-city-h,1959-02-14,1596.05,1611.75,1611.33,0.564
1959-02-21-wolverhampton-wanderers-h,1959-02-21,1611.75,1622.17,1625.83,0.5657
1959-02-28-arsenal-a,1959-02-28,1622.17,1609.17,1533.18,0.5416
1959-03-02-blackburn-rovers-a,1959-03-02,1609.17,1624.35,1553.33,0.494
1959-03-07-everton-h,1959-03-07,1624.35,1633.95,1613.69,0.6003
1959-03-14-west-bromwich-albion-a,1959-03-14,1633.95,1650.77,1616.51,0.439
1959-03-21-leeds-united-h,1959-03-21,1650.77,1659.13,1468.85,0.801
1959-03-27-portsmouth-h,1959-03-27,1659.13,1675.47,1604.15,0.6597
1959-03-28-burnley-a,1959-03-28,1675.47,1657.47,1545.06,0.6
1959-03-30-portsmouth-a,1959-03-30,1657.47,1672.05,1587.81,0.5139
1959-04-04-bolton-wanderers-h,1959-04-04,1672.05,1687.15,1675.57,0.5806
1959-04-11-luton-town-a,1959-04-11,1687.15,1680.97,1429.44,0.7573
1959-04-18-birmingham-city-h,1959-04-18,1680.97,1686.88,1546.44,0.754
1959-04-25-leicester-city-a,1959-04-25,1686.88,1669.39,1455.39,0.7285
1959-08-22-west-bromwich-albion-a,1959-08-22,1669.39,1657.06,1599.68,0.514
1959-08-26-chelsea-h,1959-08-26,1657.06,1637.63,1465.75,0.8095
1959-08-29-newcastle-united-h,1959-08-29,1637.63,1644.29,1531.34,0.7226
1959-09-02-chelsea-a,1959-09-02,1644.29,1657.29,1485.18,0.6389
1959-09-05-birmingham-city-a,1959-09-05,1657.29,1655.35,1540.53,0.581
1959-09-09-leeds-united-h,1959-09-09,1655.35,1665.47,1460.49,0.8126
1959-09-12-tottenham-hotspur-h,1959-09-12,1665.47,1633.71,1528.95,0.7561
1959-09-16-leeds-united-a,1959-09-16,1633.71,1629.62,1450.37,0.6704
1959-09-19-manchester-city-a,1959-09-19,1629.62,1612.97,1595.64,0.4626
1959-09-26-preston-north-end-a,1959-09-26,1612.97,1587.95,1485.68,0.5956
1959-10-03-leicester-city-h,1959-10-03,1587.95,1597.58,1472.88,0.7326
1959-10-10-arsenal-h,1959-10-10,1597.58,1607.93,1546.18,0.655
1959-10-17-wolverhampton-wanderers-a,1959-10-17,1607.93,1598.23,1615.41,0.4041
1959-10-24-sheffield-wednesday-h,1959-10-24,1598.23,1606.13,1479.72,0.7364
1959-10-31-blackburn-rovers-a,1959-10-31,1606.13,1605.86,1538.15,0.5115
1959-11-07-fulham-h,1959-11-07,1605.86,1600.22,1488.67,0.735
1959-11-14-bolton-wanderers-a,1959-11-14,1600.22,1604.21,1660.47,0.3335
1959-11-21-luton-town-h,1959-11-21,1604.21,1611.83,1435.62,0.7885
1959-11-28-everton-a,1959-11-28,1611.83,1601.62,1604.1,0.4253
1959-12-05-blackpool-h,1959-12-05,1601.62,1611.12,1527.96,0.6834
1959-12-12-nottingham-forest-a,1959-12-12,1611.12,1631.39,1539.03,0.5174
1959-12-19-west-bromwich-albion-h,1959-12-19,1631.39,1616.69,1612.02,0.6123
1959-12-26-burnley-h,1959-12-26,1616.69,1600.9,1563.06,0.6579
1959-12-28-burnley-a,1959-12-28,1600.9,1620.86,1578.85,0.4456
1960-01-02-newcastle-united-a,1960-01-02,1620.86,1597.68,1524.68,0.5519
1960-01-09-derby-county-a,1960-01-09,1597.68,1614.54,1524.86,0.5184
1960-01-16-birmingham-city-h,1960-01-16,1614.54,1622.18,1542.47,0.6814
1960-01-23-tottenham-hotspur-a,1960-01-23,1622.18,1610.13,1560.7,0.5021
1960-01-30-liverpool-a,1960-01-30,1610.13,1625.85,1514.54,0.551
1960-02-06-manchester-city-h,1960-02-06,1625.85,1623.34,1612.29,0.6043
1960-02-13-preston-north-end-h,1960-02-13,1623.34,1617.83,1510.69,0.7298
1960-02-20-sheffield-wednesday-h,1960-02-20,1617.83,1596.38,1471.81,0.766
1960-02-24-leicester-city-a,1960-02-24,1596.38,1578.27,1463.25,0.6037
1960-02-27-blackpool-a,1960-02-27,1578.27,1605.28,1518.46,0.4997
1960-03-05-wolverhampton-wanderers-h,1960-03-05,1605.28,1588.55,1625.11,0.5576
1960-03-19-nottingham-forest-h,1960-03-19,1588.55,1598.2,1518.76,0.6786
1960-03-26-fulham-a,1960-03-26,1598.2,1619.18,1494.31,0.5628
1960-03-30-sheffield-wednesday-a,1960-03-30,1619.18,1601.37,1493.26,0.5937
1960-04-02-bolton-wanderers-h,1960-04-02,1601.37,1616.16,1656.47,0.507
1960-04-09-luton-town-a,1960-04-09,1616.16,1623.92,1428.01,0.6765
1960-04-15-west-ham-united-a,1960-04-15,1623.92,1611.64,1555.79,0.5117
1960-04-16-blackburn-rovers-h,1960-04-16,1611.64,1619.25,1538.43,0.6828
1960-04-18-west-ham-united-h,1960-04-18,1619.25,1629.61,1568.08,0.6548
1960-04-23-arsenal-a,1960-04-23,1629.61,1609.87,1535.83,0.5485
1960-04-30-everton-h,1960-04-30,1609.87,1630.06,1614.31,0.5793
1960-08-20-blackburn-rovers-h,1960-08-20,1630.06,1608.63,1530.81,0.7144
1960-08-24-everton-a,1960-08-24,1608.63,1590.36,1594.11,0.4349
1960-08-31-everton-h,1960-08-31,1590.36,1609.08,1612.38,0.5544
1960-09-03-tottenham-hotspur-a,1960-09-03,1609.08,1592.3,1572.75,0.466
1960-09-05-west-ham-united-a,1960-09-05,1592.3,1581.18,1557.72,0.4635
1960-09-10-leicester-city-h,1960-09-10,1581.18,1576.02,1481.36,0.715
1960-09-14-west-ham-united-h,1960-09-14,1576.02,1595.43,1568.84,0.5955
1960-09-17-aston-villa-a,1960-09-17,1595.43,1579.76,1519.84,0.5224
1960-09-24-wolverhampton-wanderers-h,1960-09-24,1579.76,1564.85,1641.84,0.497
1960-10-01-bolton-wanderers-a,1960-10-01,1564.85,1569.35,1641.69,0.3127
1960-10-15-burnley-a,1960-10-15,1569.35,1556.47,1558.89,0.4292
1960-10-19-exeter-city-a,1960-10-19,1556.47,1556.59,1500,0.4949
1960-10-22-newcastle-united-h,1960-10-22,1556.59,1566.25,1547.86,0.5976
1960-10-24-nottingham-forest-h,1960-10-24,1566.25,1574.35,1509.12,0.6625
1960-10-26-exeter-city-h,1960-10-26,1574.35,1585.71,1499.88,0.6844
1960-10-29-arsenal-a,1960-10-29,1585.71,1574.74,1555.58,0.4571
1960-11-02-bradford-city-a,1960-11-02,1574.74,1560.91,1461.21,0.5764
1960-11-05-sheffield-wednesday-h,1960-11-05,1560.91,1557.24,1511.07,0.653
1960-11-12-birmingham-city-a,1960-11-12,1557.24,1543.85,1534.83,0.4461
1960-11-19-west-bromwich-albion-h,1960-11-19,1543.85,1563.03,1626.71,0.4671
1960-11-26-cardiff-city-a,1960-11-26,1563.03,1545.14,1505.08,0.4971
1960-12-03-preston-north-end-h,1960-12-03,1545.14,1554.13,1516.21,0.6253
1960-12-10-fulham-a,1960-12-10,1554.13,1553.42,1473.33,0.5299
1960-12-17-blackburn-rovers-a,1960-12-17,1553.42,1567.43,1552.24,0.4161
1960-12-24-chelsea-a,1960-12-24,1567.43,1578.22,1472.18,0.5506
1960-12-26-chelsea-h,1960-12-26,1578.22,1592.55,1461.39,0.7346
1960-12-31-manchester-city-h,1960-12-31,1592.55,1611.28,1614.8,0.5541
1961-01-07-middlesbrough-h,1961-01-07,1611.28,1622.62,1498.63,0.7298
1961-01-16-tottenham-hotspur-h,1961-01-16,1622.62,1633.7,1589.53,0.6309
1961-01-21-leicester-city-a,1961-01-21,1633.7,1600.06,1486.52,0.6229
1961-01-28-sheffield-wednesday-a,1961-01-28,1600.06,1599.04,1514.74,0.5364
1961-02-01-sheffield-wednesday-h,1961-02-01,1599.04,1560.11,1515.76,0.6953
1961-02-04-aston-villa-h,1961-02-04,1560.11,1557.24,1535.51,0.6194
1961-02-11-wolverhampton-wanderers-a,1961-02-11,1557.24,1550.4,1656.75,0.2853
1961-02-18-bolton-wanderers-h,1961-02-18,1550.4,1566.55,1637.19,0.4615
1961-02-25-nottingham-forest-a,1961-02-25,1566.55,1554.36,1501.02,0.508
1961-03-04-manchester-city-a,1961-03-04,1554.36,1573.63,1596.07,0.3577
1961-03-11-newcastle-united-a,1961-03-11,1573.63,1574.48,1538.21,0.4647
1961-03-18-arsenal-h,1961-03-18,1574.48,1572.16,1566.55,0.5965
1961-03-25-sheffield-wednesday-a,1961-03-25,1572.16,1553.72,1554.7,0.4391
1961-03-31-blackpool-a,1961-03-31,1553.72,1538.62,1491.44,0.5033
1961-04-01-fulham-h,1961-04-01,1538.62,1548.46,1474.04,0.672
1961-04-03-blackpool-h,1961-04-03,1548.46,1559.18,1506.54,0.6426
1961-04-08-west-bromwich-albion-a,1961-04-08,1559.18,1562.81,1607.53,0.3489
1961-04-12-burnley-h,1961-04-12,1562.81,1585.87,1571.77,0.5729
1961-04-15-birmingham-city-h,1961-04-15,1585.87,1598.94,1548.21,0.637
1961-04-22-preston-north-end-a,1961-04-22,1598.94,1612.57,1507.22,0.5455
1961-04-29-cardiff-city-h,1961-04-29,1612.57,1607.7,1522.98,0.7029
1961-08-19-west-ham-united-a,1961-08-19,1607.7,1607.76,1549.43,0.4975
1961-08-23-chelsea-h,1961-08-23,1607.76,1613.02,1447.06,0.7808
1961-08-26-blackburn-rovers-h,1961-08-26,1613.02,1628.15,1538.23,0.6848
1961-08-30-chelsea-a,1961-08-30,1628.15,1607.93,1441.8,0.6742
1961-09-02-blackpool-a,1961-09-02,1607.93,1618.14,1495.82,0.5744
1961-09-09-tottenham-hotspur-h,1961-09-09,1618.14,1626.79,1578.45,0.6396
1961-09-16-cardiff-city-a,1961-09-16,1626.79,1637.45,1527.85,0.5558
1961-09-18-aston-villa-a,1961-09-18,1637.45,1636.11,1538.38,0.556
1961-09-23-manchester-city-h,1961-09-23,1636.11,1644.14,1576.8,0.6653
1961-09-30-wolverhampton-wanderers-h,1961-09-30,1644.14,1627.4,1663.59,0.5581
1961-10-07-west-bromwich-albion-a,1961-10-07,1627.4,1628.65,1603.91,0.4477
1961-10-14-birmingham-city-h,1961-10-14,1628.65,1607.43,1535.14,0.7076
1961-10-21-arsenal-a,1961-10-21,1607.43,1587.72,1568.86,0.4692
1961-10-28-bolton-wanderers-h,1961-10-28,1587.72,1568.34,1621.04,0.5383
1961-11-04-sheffield-wednesday-a,1961-11-04,1568.34,1556.11,1573.14,0.4078
1961-11-11-leicester-city-h,1961-11-11,1556.11,1552.87,1520.16,0.6347
1961-11-18-ipswich-town-a,1961-11-18,1552.87,1534.91,1493.55,0.499
1961-11-25-burnley-h,1961-11-25,1534.91,1514.53,1548.71,0.5661
1961-12-02-everton-a,1961-12-02,1514.53,1501.52,1593.67,0.3098
1961-12-09-fulham-h,1961-12-09,1501.52,1514.6,1464.2,0.6365
1961-12-16-west-ham-united-h,1961-12-16,1514.6,1501.73,1549.37,0.5363
1961-12-26-nottingham-forest-h,1961-12-26,1501.73,1517.23,1513.21,0.5694
1962-01-06-bolton-wanderers-h,1962-01-06,1517.23,1533.75,1640.42,0.4101
1962-01-13-blackpool-h,1962-01-13,1533.75,1518.13,1485.61,0.6508
1962-01-15-aston-villa-h,1962-01-15,1518.13,1531.48,1539.72,0.5551
1962-01-20-tottenham-hotspur-a,1962-01-20,1531.48,1534.79,1569.81,0.3622
1962-01-31-arsenal-h,1962-01-31,1534.79,1548.54,1588.57,0.509
1962-02-03-cardiff-city-h,1962-02-03,1548.54,1561.91,1517.19,0.6285
1962-02-10-manchester-city-a,1962-02-10,1561.91,1579.76,1568.76,0.405
1962-02-17-sheffield-wednesday-h,1962-02-17,1579.76,1577.59,1585.37,0.5776
1962-02-21-sheffield-wednesday-a,1962-02-21,1577.59,1598.57,1587.55,0.4007
1962-02-24-west-bromwich-albion-h,1962-02-24,1598.57,1613.69,1602.65,0.5798
1962-02-28-wolverhampton-wanderers-a,1962-02-28,1613.69,1617.88,1680.34,0.3254
1962-03-03-birmingham-city-a,1962-03-03,1617.88,1617.83,1556.37,0.5022
1962-03-10-preston-north-end-a,1962-03-10,1617.83,1615.27,1493.58,0.5914
1962-03-14-preston-north-end-h,1962-03-14,1615.27,1622.63,1496.14,0.7371
1962-03-17-bolton-wanderers-a,1962-03-17,1622.63,1612.73,1623.9,0.4127
1962-03-20-nottingham-forest-a,1962-03-20,1612.73,1598.84,1497.71,0.5785
1962-03-24-sheffield-wednesday-h,1962-03-24,1598.84,1595.73,1566.57,0.6298
1962-03-31-tottenham-hotspur-n,1962-03-31,1595.73,1576.76,1566.5,0.542
1962-04-04-leicester-city-a,1962-04-04,1576.76,1564.99,1523.39,0.4905
1962-04-07-ipswich-town-h,1962-04-07,1564.99,1581.42,1511.52,0.6577
1962-04-10-blackburn-rovers-a,1962-04-10,1581.42,1563.5,1523.1,0.4976
1962-04-14-burnley-a,1962-04-14,1563.5,1581.3,1569.09,0.4067
1962-04-16-arsenal-h,1962-04-16,1581.3,1567.03,1574.82,0.5945
1962-04-21-everton-h,1962-04-21,1567.03,1566.33,1606.68,0.5293
1962-04-23-sheffield-united-h,1962-04-23,1566.33,1552.62,1576.27,0.5715
1962-04-24-sheffield-united-a,1962-04-24,1552.62,1567.89,1589.99,0.3634
1962-04-28-fulham-a,1962-04-28,1567.89,1550.46,1451.12,0.581
1962-08-18-west-bromwich-albion-h,1962-08-18,1550.46,1549.67,1587.52,0.533
1962-08-22-everton-a,1962-08-22,1549.67,1539.57,1607.38,0.3368
1962-08-25-arsenal-a,1962-08-25,1539.57,1559.15,1589.09,0.3474
1962-08-29-everton-h,1962-08-29,1559.15,1547.09,1617.49,0.5024
1962-09-01-birmingham-city-h,1962-09-01,1547.09,1559.92,1556.42,0.5724
1962-09-05-bolton-wanderers-a,1962-09-05,1559.92,1548.53,1633.8,0.3163
1962-09-08-leyton-orient-a,1962-09-08,1548.53,1535.95,1471.74,0.5241
1962-09-12-bolton-wanderers-h,1962-09-12,1535.95,1556.48,1645.19,0.4296
1962-09-15-manchester-city-h,1962-09-15,1556.48,1542.25,1550.91,0.5933
1962-09-22-burnley-h,1962-09-22,1542.25,1521.62,1551.29,0.5728
1962-09-29-sheffield-wednesday-a,1962-09-29,1521.62,1513.24,1569.68,0.3493
1962-10-06-blackpool-a,1962-10-06,1513.24,1514.89,1501.22,0.4314
1962-10-13-blackburn-rovers-h,1962-10-13,1514.89,1495.14,1541.02,0.5486
1962-10-24-tottenham-hotspur-a,1962-10-24,1495.14,1482.7,1585.47,0.2962
1962-10-27-west-ham-united-h,1962-10-27,1482.7,1498.54,1562.24,0.4719
1962-11-03-ipswich-town-a,1962-11-03,1498.54,1515.96,1495.09,0.4193
1962-11-10-liverpool-h,1962-11-10,1515.96,1513.34,1498.83,0.6092
1962-11-17-wolverhampton-wanderers-a,1962-11-17,1513.34,1532.13,1676.15,0.2171
1962-11-24-aston-villa-h,1962-11-24,1532.13,1529.88,1526.37,0.5935
1962-12-01-sheffield-united-a,1962-12-01,1529.88,1533.4,1574.71,0.3536
1962-12-08-nottingham-forest-h,1962-12-08,1533.4,1549.54,1511.59,0.6156
1962-12-15-west-bromwich-albion-a,1962-12-15,1549.54,1536.53,1588.31,0.3616
1962-12-26-fulham-a,1962-12-26,1536.53,1548.25,1468.55,0.5115
1963-02-23-blackpool-h,1963-02-23,1548.25,1544.62,1499.58,0.6515
1963-03-02-blackburn-rovers-a,1963-03-02,1544.62,1547.2,1560.76,0.3921
1963-03-04-huddersfield-town-h,1963-03-04,1547.2,1567.16,1504.52,0.6436
1963-03-09-tottenham-hotspur-h,1963-03-09,1567.16,1550.9,1597.91,0.542
1963-03-11-aston-villa-h,1963-03-11,1550.9,1561.65,1528.62,0.6163
1963-03-16-chelsea-h,1963-03-16,1561.65,1569.63,1462.03,0.7148
1963-03-18-west-ham-united-a,1963-03-18,1569.63,1556.21,1546.39,0.4473
1963-03-23-ipswich-town-h,1963-03-23,1556.21,1539.67,1477.67,0.6894
1963-03-30-coventry-city-a,1963-03-30,1539.67,1558.1,1498.22,0.4733
1963-04-01-fulham-h,1963-04-01,1558.1,1536.6,1456.82,0.7167
1963-04-09-aston-villa-a,1963-04-09,1536.6,1550.02,1517.87,0.4409
1963-04-13-liverpool-a,1963-04-13,1550.02,1538.41,1501.45,0.4836
1963-04-15-leicester-city-h,1963-04-15,1538.41,1536.25,1535.16,0.59
1963-04-16-leicester-city-a,1963-04-16,1536.25,1526.34,1537.32,0.413
1963-04-20-sheffield-united-h,1963-04-20,1526.34,1525.82,1571.2,0.5218
1963-04-22-wolverhampton-wanderers-h,1963-04-22,1525.82,1540.25,1657.36,0.3985
1963-04-27-southampton-n,1963-04-27,1540.25,1553.57,1523.19,0.5245
1963-05-01-sheffield-wednesday-h,1963-05-01,1553.57,1537.04,1578.07,0.5509
1963-05-04-burnley-a,1963-05-04,1537.04,1552.24,1571.91,0.3668
1963-05-06-arsenal-h,1963-05-06,1552.24,1538.77,1569.51,0.5612
1963-05-10-birmingham-city-a,1963-05-10,1538.77,1528.98,1543.59,0.4078
1963-05-15-manchester-city-a,1963-05-15,1528.98,1532.22,1565.15,0.365
1963-05-18-leyton-orient-h,1963-05-18,1532.22,1542.71,1484.32,0.6505
1963-05-20-nottingham-forest-a,1963-05-20,1542.71,1531.15,1495.45,0.4817
1963-05-25-leicester-city-n,1963-05-25,1531.15,1549.46,1547.23,0.4769
1963-08-17-everton-a,1963-08-17,1549.46,1538.65,1629.54,0.3087
1963-08-24-sheffield-wednesday-a,1963-08-24,1538.65,1542.51,1594.59,0.3391
1963-08-28-ipswich-town-h,1963-08-28,1542.51,1552.99,1494.22,0.651
1963-08-31-everton-h,1963-08-31,1552.99,1575.64,1640.35,0.4607
1963-09-03-ipswich-town-a,1963-09-03,1575.64,1597.44,1483.75,0.5458
1963-09-07-birmingham-city-a,1963-09-07,1597.44,1597.99,1553.38,0.4771
1963-09-11-blackpool-h,1963-09-11,1597.99,1608.46,1503.21,0.7091
1963-09-14-west-bromwich-albion-h,1963-09-14,1608.46,1618.17,1601.33,0.5954
1963-09-16-blackpool-a,1963-09-16,1618.17,1603.94,1492.74,0.5931
1963-09-21-arsenal-a,1963-09-21,1603.94,1593.28,1582.98,0.444
1963-09-25-willem-ii-a,1963-09-25,1593.28,1591.75,1500,0.5477
1963-09-28-leicester-city-h,1963-09-28,1591.75,1601.66,1528.92,0.6698
1963-10-02-chelsea-a,1963-10-02,1601.66,1598.7,1454.04,0.6235
1963-10-05-bolton-wanderers-a,1963-10-05,1598.7,1613.61,1624.66,0.3788
1963-10-15-willem-ii-h,1963-10-15,1613.61,1630.94,1501.53,0.7292
1963-10-19-nottingham-forest-a,1963-10-19,1630.94,1640.75,1507.01,0.591
1963-10-26-west-ham-united-h,1963-10-26,1640.75,1624.14,1559.81,0.6924
1963-10-28-blackburn-rovers-h,1963-10-28,1624.14,1619.97,1558.18,0.6737
1963-11-02-wolverhampton-wanderers-a,1963-11-02,1619.97,1608.48,1642.92,0.3828
1963-11-09-tottenham-hotspur-h,1963-11-09,1608.48,1623.69,1614.17,0.5775
1963-11-16-aston-villa-a,1963-11-16,1623.69,1599.14,1504.45,0.5844
1963-11-23-liverpool-h,1963-11-23,1599.14,1582.38,1513.06,0.6987
1963-11-30-sheffield-united-a,1963-11-30,1582.38,1596.07,1571.72,0.4295
1963-12-03-tottenham-hotspur-a,1963-12-03,1596.07,1579.65,1598.96,0.4105
1963-12-07-stoke-city-h,1963-12-07,1579.65,1596.73,1621.88,0.5255
1963-12-10-tottenham-hotspur-h,1963-12-10,1596.73,1617.89,1615.38,0.5592
1963-12-14-sheffield-wednesday-h,1963-12-14,1617.89,1629.2,1590.73,0.6229
1963-12-21-everton-a,1963-12-21,1629.2,1611.11,1617.7,0.4307
1963-12-26-burnley-a,1963-12-26,1611.11,1587.5,1556.71,0.4919
1963-12-28-burnley-h,1963-12-28,1587.5,1604.49,1580.32,0.5955
1964-01-04-southampton-a,1964-01-04,1604.49,1617.1,1509.88,0.5496
1964-01-11-birmingham-city-h,1964-01-11,1617.1,1600.98,1552.83,0.6716
1964-01-18-west-bromwich-albion-a,1964-01-18,1600.98,1621.59,1591.62,0.4276
1964-01-25-bristol-rovers-h,1964-01-25,1621.59,1633.14,1513.3,0.7249
1964-02-01-arsenal-h,1964-02-01,1633.14,1643.96,1593.64,0.6394
1964-02-08-leicester-city-a,1964-02-08,1643.96,1629.74,1519.02,0.5924
1964-02-15-barnsley-a,1964-02-15,1629.74,1642.86,1395,0.7322
1964-02-19-bolton-wanderers-h,1964-02-19,1642.86,1660.58,1609.75,0.6309
1964-02-22-blackburn-rovers-a,1964-02-22,1660.58,1673.94,1562.35,0.5548
1964-02-26-sporting-cp-h,1964-02-26,1673.94,1683.85,1500,0.7936
1964-02-29-sunderland-h,1964-02-29,1683.85,1677.73,1581.18,0.7184
1964-03-04-sunderland-a,1964-03-04,1677.73,1676.51,1587.29,0.5437
1964-03-07-west-ham-united-a,1964-03-07,1676.51,1689.78,1576.43,0.5574
1964-03-09-sunderland-a,1964-03-09,1689.78,1711.39,1588.51,0.5591
1964-03-14-west-ham-united-n,1964-03-14,1711.39,1686.84,1563.15,0.7013
1964-03-18-sporting-cp-a,1964-03-18,1686.84,1642.86,1490.09,0.6872
1964-03-21-tottenham-hotspur-a,1964-03-21,1642.86,1655.25,1594.22,0.4837
1964-03-23-chelsea-h,1964-03-23,1655.25,1647.68,1457,0.8156
1964-03-27-fulham-a,1964-03-27,1647.68,1644.02,1478.33,0.6524
1964-03-28-wolverhampton-wanderers-h,1964-03-28,1644.02,1642.32,1654.41,0.5709
1964-03-30-fulham-h,1964-03-30,1642.32,1650.22,1481.98,0.7805
1964-04-04-liverpool-a,1964-04-04,1650.22,1629.13,1529.82,0.5861
1964-04-06-aston-villa-h,1964-04-06,1629.13,1635.96,1529,0.7154
1964-04-13-sheffield-united-h,1964-04-13,1635.96,1643.43,1558.03,0.6887
1964-04-18-stoke-city-a,1964-04-18,1643.43,1629.35,1604.8,0.4693
1964-04-25-nottingham-forest-h,1964-04-25,1629.35,1636.81,1497.19,0.7514
1964-08-22-west-bromwich-albion-h,1964-08-22,1636.81,1632.64,1571.01,0.6735
1964-08-24-west-ham-united-a,1964-08-24,1632.64,1618.29,1587.7,0.4784
1964-08-29-leicester-city-a,1964-08-29,1618.29,1617.43,1533.23,0.536
1964-09-02-west-ham-united-h,1964-09-02,1617.43,1629.22,1602.05,0.6068
1964-09-05-fulham-a,1964-09-05,1629.22,1614.02,1474.08,0.6336
1964-09-08-everton-a,1964-09-08,1614.02,1616.79,1635.78,0.3845
1964-09-12-nottingham-forest-h,1964-09-12,1616.79,1625.94,1489.73,0.7459
1964-09-16-everton-h,1964-09-16,1625.94,1636.12,1633.01,0.5756
1964-09-19-stoke-city-a,1964-09-19,1636.12,1649.59,1618.88,0.4388
1964-09-23-djurgardens-if-fotboll-a,1964-09-23,1649.59,1645.56,1500,0.6262
1964-09-26-tottenham-hotspur-h,1964-09-26,1645.56,1657.4,1581.83,0.6709
1964-09-30-chelsea-a,1964-09-30,1657.4,1666.93,1464.58,0.6824
1964-10-06-burnley-a,1964-10-06,1666.93,1665.44,1563.34,0.5624
1964-10-10-sunderland-h,1964-10-10,1665.44,1672.31,1566.91,0.7135
1964-10-17-wolverhampton-wanderers-a,1964-10-17,1672.31,1689.19,1656.11,0.4373
1964-10-24-aston-villa-h,1964-10-24,1689.19,1701.97,1522.17,0.787
1964-10-27-djurgardens-if-fotboll-h,1964-10-27,1701.97,1713.79,1504.04,0.8153
1964-10-31-liverpool-a,1964-10-31,1713.79,1724.48,1550.92,0.6439
1964-11-07-sheffield-wednesday-h,1964-11-07,1724.48,1730.12,1579.42,0.765
1964-11-11-borussia-dortmund-a,1964-11-11,1730.12,1747.88,1503.97,0.7224
1964-11-14-blackpool-a,1964-11-14,1747.88,1754.15,1506.97,0.7391
1964-11-21-blackburn-rovers-h,1964-11-21,1754.15,1760.57,1548.99,0.8215
1964-11-28-arsenal-a,1964-11-28,1760.57,1768.65,1582.82,0.6633
1964-12-02-borussia-dortmund-h,1964-12-02,1768.65,1775.5,1486.2,0.8778
1964-12-05-leeds-united-h,1964-12-05,1775.5,1753.91,1454.46,0.8997
1964-12-12-west-bromwich-albion-a,1964-12-12,1753.91,1749.96,1575.18,0.6645
1964-12-16-birmingham-city-h,1964-12-16,1749.96,1742.76,1568.95,0.8002
1964-12-26-sheffield-united-a,1964-12-26,1742.76,1750.4,1550.56,0.6816
1964-12-28-sheffield-united-h,1964-12-28,1750.4,1742.64,1542.91,0.8234
1965-01-09-chester-city-h,1965-01-09,1742.64,1746.81,1500,0.851
1965-01-16-nottingham-forest-a,1965-01-16,1746.81,1740.42,1480.59,0.7662
1965-01-20-everton-h,1965-01-20,1740.42,1732.89,1622.83,0.7354
1965-01-23-stoke-city-h,1965-01-23,1732.89,1726.97,1605.41,0.7463
1965-01-30-stoke-city-a,1965-01-30,1726.97,1724.75,1611.32,0.5794
1965-02-03-stoke-city-h,1965-02-03,1724.75,1732.36,1613.55,0.7282
1965-02-06-tottenham-hotspur-a,1965-02-06,1732.36,1716.92,1569.98,0.6432
1965-02-09-everton-a,1965-02-09,1716.92,1731.7,1630.36,0.5382
1965-02-13-burnley-h,1965-02-13,1731.7,1736.82,1564.83,0.7868
1965-02-20-burnley-h,1965-02-20,1736.82,1742.52,1559.72,0.7965
1965-02-24-sunderland-a,1965-02-24,1742.52,1726.45,1560.03,0.6693
1965-02-27-wolverhampton-wanderers-h,1965-02-27,1726.45,1737.25,1639.23,0.7
1965-03-10-wolverhampton-wanderers-a,1965-03-10,1737.25,1752.31,1628.43,0.5698
1965-03-13-chelsea-h,1965-03-13,1752.31,1757.07,1455.05,0.8866
1965-03-15-fulham-h,1965-03-15,1757.07,1761.81,1489.29,0.8684
1965-03-20-sheffield-wednesday-a,1965-03-20,1761.81,1745.58,1573.78,0.6763
1965-03-22-blackpool-h,1965-03-22,1745.58,1750,1500.71,0.8526
1965-03-27-leeds-united-n,1965-03-27,1750,1740.79,1476.05,0.8288
1965-03-31-leeds-united-n,1965-03-31,1740.79,1718.02,1485.26,0.8132
1965-04-03-blackburn-rovers-a,1965-04-03,1718.02,1734.33,1542.56,0.6603
1965-04-12-leicester-city-h,1965-04-12,1734.33,1738.71,1534.1,0.8173
1965-04-17-leeds-united-a,1965-04-17,1738.71,1745.25,1508.03,0.7276
1965-04-19-birmingham-city-a,1965-04-19,1745.25,1755.69,1576.15,0.652
1965-04-24-liverpool-h,1965-04-24,1755.69,1761.81,1540.24,0.83
1965-04-26-arsenal-h,1965-04-26,1761.81,1767.64,1574.74,0.8057
1965-04-28-aston-villa-a,1965-04-28,1767.64,1749.45,1509.39,0.7579
1965-05-12-rc-strasbourg-a,1965-05-12,1749.45,1765.55,1500,0.7485
1965-05-19-rc-strasbourg-h,1965-05-19,1765.55,1753.47,1483.9,0.8773
1965-05-31-ferencvarosi-tc-h,1965-05-31,1753.47,1758,1500,0.8587
1965-06-06-ferencvarosi-tc-a,1965-06-06,1758,1733.6,1495.48,0.7624
1965-06-16-ferencvarosi-tc-a,1965-06-16,1733.6,1710.95,1519.87,0.7078
1965-08-14-liverpool-h,1965-08-14,1710.95,1705.02,1534.12,0.7963
1965-08-21-sheffield-wednesday-h,1965-08-21,1705.02,1711.44,1590.01,0.7325
1965-08-24-nottingham-forest-a,1965-08-24,1711.44,1689.83,1486.98,0.7205
1965-08-28-northampton-town-a,1965-08-28,1689.83,1685.54,1500,0.6786
1965-09-01-nottingham-forest-h,1965-09-01,1685.54,1678.43,1508.59,0.7964
1965-09-04-stoke-city-h,1965-09-04,1678.43,1674.06,1605.94,0.6819
1965-09-08-newcastle-united-a,1965-09-08,1674.06,1683.45,1537.36,0.6086
1965-09-11-burnley-a,1965-09-11,1683.45,1661.9,1554.02,0.5986
1965-09-15-newcastle-united-h,1965-09-15,1661.9,1655.82,1527.97,0.7533
1965-09-18-chelsea-h,1965-09-18,1655.82,1662.24,1450.29,0.8218
1965-09-22-hjk-helsinki-a,1965-09-22,1662.24,1673.66,1500,0.643
1965-09-25-arsenal-a,1965-09-25,1673.66,1656.74,1568.91,0.5641
1965-10-06-hjk-helsinki-h,1965-10-06,1656.74,1672,1488.58,0.7881
1965-10-09-liverpool-h,1965-10-09,1672,1679.46,1540.04,0.7512
1965-10-16-tottenham-hotspur-a,1965-10-16,1679.46,1656.41,1585.42,0.5488
1965-10-23-fulham-h,1965-10-23,1656.41,1663.91,1484.55,0.7916
1965-10-30-blackpool-a,1965-10-30,1663.91,1672.31,1496.29,0.6501
1965-11-06-blackburn-rovers-h,1965-11-06,1672.31,1665.93,1526.26,0.7661
1965-11-13-leicester-city-a,1965-11-13,1665.93,1684.74,1529.71,0.608
1965-11-17-viktoria-frankfurt-a,1965-11-17,1684.74,1697.86,1500,0.6722
1965-11-20-sheffield-united-h,1965-11-20,1697.86,1704.84,1550.68,0.7672
1965-12-01-viktoria-frankfurt-h,1965-12-01,1704.84,1711.56,1486.89,0.832
1965-12-04-west-ham-united-h,1965-12-04,1711.56,1705.81,1590.25,0.7396
1965-12-11-sunderland-a,1965-12-11,1705.81,1715.43,1576.1,0.599
1965-12-15-everton-h,1965-12-15,1715.43,1725.69,1615.58,0.7151
1965-12-18-tottenham-hotspur-h,1965-12-18,1725.69,1736.82,1608.47,0.735
1965-12-27-west-bromwich-albion-h,1965-12-27,1736.82,1730.15,1579.13,0.7778
1966-01-01-liverpool-a,1966-01-01,1730.15,1713.63,1532.58,0.6882
1966-01-08-sunderland-h,1966-01-08,1713.63,1707.22,1566.47,0.7672
1966-01-12-leeds-united-a,1966-01-12,1707.22,1702.46,1501.49,0.6982
1966-01-15-fulham-a,1966-01-15,1702.46,1709.15,1477.05,0.7216
1966-01-22-derby-county-a,1966-01-22,1709.15,1722.06,1508.01,0.6926
1966-01-29-sheffield-wednesday-a,1966-01-29,1722.06,1719.39,1583.59,0.611
1966-02-02-benfica-h,1966-02-02,1719.39,1724.73,1500,0.8332
1966-02-05-northampton-town-h,1966-02-05,1724.73,1731.7,1504.29,0.834
1966-02-12-rotherham-united-h,1966-02-12,1731.7,1722.1,1500,0.8428
1966-02-15-rotherham-united-a,1966-02-15,1722.1,1730.32,1509.6,0.7064
1966-02-19-stoke-city-a,1966-02-19,1730.32,1728.27,1610.3,0.5855
1966-02-26-burnley-h,1966-02-26,1728.27,1735.09,1575.57,0.7728
1966-03-05-wolverhampton-wanderers-a,1966-03-05,1735.09,1749.51,1613.37,0.5879
1966-03-09-benfica-a,1966-03-09,1749.51,1763.27,1494.66,0.7543
1966-03-12-chelsea-a,1966-03-12,1763.27,1738.77,1443.87,0.8166
1966-03-19-arsenal-h,1966-03-19,1738.77,1744.22,1585.83,0.7731
1966-03-26-preston-north-end-a,1966-03-26,1744.22,1737.08,1488.78,0.7549
1966-03-30-preston-north-end-h,1966-03-30,1737.08,1742.34,1495.92,0.8499
1966-04-06-aston-villa-a,1966-04-06,1742.34,1737.32,1527.58,0.7091
1966-04-09-leicester-city-h,1966-04-09,1737.32,1717.19,1510.89,0.8387
1966-04-13-fk-partizan-a,1966-04-13,1717.19,1688.71,1500,0.7119
1966-04-16-sheffield-united-a,1966-04-16,1688.71,1670.11,1543.69,0.62
1966-04-20-fk-partizan-h,1966-04-20,1670.11,1677.75,1528.48,0.7615
1966-04-23-everton-n,1966-04-23,1677.75,1660.87,1605.32,0.6027
1966-04-25-everton-a,1966-04-25,1660.87,1661.6,1622.2,0.4693
1966-04-27-blackpool-h,1966-04-27,1661.6,1666.56,1487.89,0.7934
1966-04-30-west-ham-united-a,1966-04-30,1666.56,1654.2,1596,0.5152
1966-05-04-west-bromwich-albion-a,1966-05-04,1654.2,1653.91,1585.8,0.5121
1966-05-07-blackburn-rovers-a,1966-05-07,1653.91,1668.77,1532.64,0.5873
1966-05-09-aston-villa-h,1966-05-09,1668.77,1680.49,1532.6,0.7557
1966-05-19-leeds-united-h,1966-05-19,1680.49,1673.44,1506.25,0.7939
1966-08-20-west-bromwich-albion-h,1966-08-20,1673.44,1682.43,1586.09,0.7002
1966-08-23-everton-a,1966-08-23,1682.43,1694.4,1621.46,0.5014
1966-08-27-leeds-united-a,1966-08-27,1694.4,1674.37,1513.3,0.6675
1966-08-31-everton-h,1966-08-31,1674.37,1686.17,1609.5,0.6724
1966-09-03-newcastle-united-h,1966-09-03,1686.17,1691.64,1534.05,0.7723
1966-09-07-stoke-city-a,1966-09-07,1691.64,1672.64,1612.36,0.5277
1966-09-10-tottenham-hotspur-a,1966-09-10,1672.64,1660.11,1597.34,0.522
1966-09-14-blackpool-a,1966-09-14,1660.11,1632.28,1482.93,0.6625
1966-09-17-manchester-city-h,1966-09-17,1632.28,1639.98,1561.91,0.6793
1966-09-24-burnley-h,1966-09-24,1639.98,1651.49,1568.76,0.6804
1966-10-01-nottingham-forest-a,1966-10-01,1651.49,1629.62,1515.7,0.6074
1966-10-08-blackpool-a,1966-10-08,1629.62,1639.61,1510.76,0.5839
1966-10-15-chelsea-h,1966-10-15,1639.61,1632.63,1468.37,0.791
1966-10-29-arsenal-h,1966-10-29,1632.63,1640.88,1580.38,0.6561
1966-11-05-chelsea-a,1966-11-05,1640.88,1651.46,1475.35,0.6474
1966-11-12-sheffield-wednesday-h,1966-11-12,1651.46,1661.27,1586.26,0.6728
1966-11-19-southampton-a,1966-11-19,1661.27,1669.79,1497.27,0.6454
1966-11-26-sunderland-h,1966-11-26,1669.79,1683.63,1572.89,0.7116
1966-11-30-leicester-city-a,1966-11-30,1683.63,1692.5,1531.02,0.6302
1966-12-03-aston-villa-a,1966-12-03,1692.5,1676.78,1520.87,0.6553
1966-12-10-liverpool-h,1966-12-10,1676.78,1670.86,1549.1,0.7466
1966-12-17-west-bromwich-albion-a,1966-12-17,1670.86,1681.7,1577.09,0.5484
1966-12-26-sheffield-united-a,1966-12-26,1681.7,1667.66,1562.29,0.5847
1966-12-27-sheffield-united-h,1966-12-27,1667.66,1676.51,1576.32,0.705
1966-12-31-leeds-united-h,1966-12-31,1676.51,1670.2,1533.33,0.7631
1967-01-14-tottenham-hotspur-h,1967-01-14,1670.2,1678.2,1609.87,0.6666
1967-01-21-manchester-city-a,1967-01-21,1678.2,1676.02,1554.22,0.5911
1967-01-28-stoke-city-h,1967-01-28,1676.02,1688.4,1631.35,0.6462
1967-02-04-burnley-a,1967-02-04,1688.4,1685.98,1557.25,0.601
1967-02-11-nottingham-forest-h,1967-02-11,1685.98,1691.53,1537.57,0.7685
1967-02-18-norwich-city-h,1967-02-18,1691.53,1668.44,1482.32,0.8249
1967-02-25-blackpool-h,1967-02-25,1668.44,1677.36,1500.77,0.7876
1967-03-03-arsenal-a,1967-03-03,1677.36,1675.8,1572.13,0.5647
1967-03-11-newcastle-united-a,1967-03-11,1675.8,1672.85,1528.58,0.623
1967-03-18-leicester-city-h,1967-03-18,1672.85,1681.1,1522.15,0.7708
1967-03-25-liverpool-a,1967-03-25,1681.1,1678.85,1555.01,0.594
1967-03-27-fulham-a,1967-03-27,1678.85,1674.01,1470.36,0.7016
1967-03-28-fulham-h,1967-03-28,1674.01,1678.42,1475.2,0.8161
1967-04-01-west-ham-united-h,1967-04-01,1678.42,1689.98,1608.37,0.6789
1967-04-10-sheffield-wednesday-a,1967-04-10,1689.98,1688.15,1576.44,0.5765
1967-04-18-southampton-h,1967-04-18,1688.15,1694.75,1488.76,0.8166
1967-04-22-sunderland-a,1967-04-22,1694.75,1692.18,1559.04,0.6073
1967-04-29-aston-villa-h,1967-04-29,1692.18,1698.91,1536.6,0.7757
1967-05-06-west-ham-united-a,1967-05-06,1698.91,1720.01,1596.81,0.5603
1967-05-13-stoke-city-h,1967-05-13,1720.01,1714.82,1618.97,0.7165
1967-08-12-tottenham-hotspur-h,1967-08-12,1714.82,1710.21,1601.87,0.7302
1967-08-19-everton-a,1967-08-19,1710.21,1692.96,1597.7,0.575
1967-08-23-leeds-united-h,1967-08-23,1692.96,1698.4,1539.64,0.7735
1967-08-26-leicester-city-h,1967-08-26,1698.4,1691.12,1513.9,0.8034
1967-09-02-west-ham-united-a,1967-09-02,1691.12,1703.75,1575.7,0.5791
1967-09-06-sunderland-a,1967-09-06,1703.75,1700.96,1561.62,0.616
1967-09-09-burnley-h,1967-09-09,1700.96,1694.7,1559.67,0.7611
1967-09-16-sheffield-wednesday-a,1967-09-16,1694.7,1692.76,1578.27,0.5805
1967-09-20-hibernians-h,1967-09-20,1692.76,1703.36,1500,0.8108
1967-09-23-tottenham-hotspur-h,1967-09-23,1703.36,1712.01,1606.47,0.7116
1967-09-27-hibernians-a,1967-09-27,1712.01,1705.03,1489.4,0.7183
1967-09-30-manchester-city-a,1967-09-30,1705.03,1714.03,1556.4,0.6248
1967-10-07-arsenal-h,1967-10-07,1714.03,1719.79,1573.68,0.7601
1967-10-14-sheffield-united-a,1967-10-14,1719.79,1733.12,1567.47,0.6298
1967-10-25-coventry-city-h,1967-10-25,1733.12,1739.05,1479.79,0.8586
1967-10-28-nottingham-forest-a,1967-10-28,1739.05,1718.06,1532.01,0.6998
1967-11-04-stoke-city-h,1967-11-04,1718.06,1725.07,1624.17,0.708
1967-11-08-leeds-united-a,1967-11-08,1725.07,1708.75,1534.21,0.6799
1967-11-11-liverpool-a,1967-11-11,1708.75,1717.66,1557.27,0.6287
1967-11-15-fk-sarajevo-a,1967-11-15,1717.66,1710.86,1500,0.7125
1967-11-18-southampton-h,1967-11-18,1710.86,1714.69,1482.15,0.8405
1967-11-25-chelsea-a,1967-11-25,1714.69,1708.71,1464.77,0.749
1967-11-29-fk-sarajevo-h,1967-11-29,1708.71,1714.51,1506.8,0.8187
1967-12-02-west-bromwich-albion-h,1967-12-02,1714.51,1720.07,1566.25,0.7683
1967-12-09-newcastle-united-a,1967-12-09,1720.07,1715.83,1531.53,0.677
1967-12-16-everton-h,1967-12-16,1715.83,1724.34,1614.95,0.7163
1967-12-23-leicester-city-a,1967-12-23,1724.34,1719.66,1521.18,0.6951
1967-12-26-wolverhampton-wanderers-h,1967-12-26,1719.66,1730.62,1598.95,0.7389
1967-12-30-wolverhampton-wanderers-a,1967-12-30,1730.62,1739.82,1587.98,0.6167
1968-01-06-west-ham-united-h,1968-01-06,1739.82,1745.93,1563.07,0.7962
1968-01-20-sheffield-wednesday-h,1968-01-20,1745.93,1752.36,1580.21,0.7857
1968-01-27-tottenham-hotspur-h,1968-01-27,1752.36,1744.67,1597.82,0.7747
1968-01-31-tottenham-hotspur-a,1968-01-31,1744.67,1727.53,1605.51,0.612
1968-02-03-tottenham-hotspur-a,1968-02-03,1727.53,1737.99,1622.64,0.5642
1968-02-17-burnley-a,1968-02-17,1737.99,1722.25,1565.94,0.6559
1968-02-24-arsenal-a,1968-02-24,1722.25,1733.28,1567.93,0.6325
1968-02-28-gornik-zabrze-h,1968-02-28,1733.28,1739.52,1500,0.844
1968-03-02-chelsea-h,1968-03-02,1739.52,1713.45,1470.75,0.869
1968-03-13-gornik-zabrze-a,1968-03-13,1713.45,1690.57,1493.76,0.7149
1968-03-16-coventry-city-a,1968-03-16,1690.57,1669.23,1473.85,0.7114
1968-03-23-nottingham-forest-h,1968-03-23,1669.23,1678.81,1553.01,0.7339
1968-03-27-manchester-city-h,1968-03-27,1678.81,1656.29,1547.4,0.7506
1968-03-30-stoke-city-a,1968-03-30,1656.29,1672.19,1617.16,0.47
1968-04-06-liverpool-h,1968-04-06,1672.19,1654.37,1548.36,0.7423
1968-04-12-fulham-a,1968-04-12,1654.37,1668.2,1470.79,0.6707
1968-04-13-southampton-a,1968-04-13,1668.2,1663.91,1478.32,0.6787
1968-04-15-fulham-h,1968-04-15,1663.91,1670.29,1456.96,0.823
1968-04-20-sheffield-united-h,1968-04-20,1670.29,1676.68,1554.15,0.7338
1968-04-24-real-madrid-h,1968-04-24,1676.68,1684.47,1539.71,0.7565
1968-04-29-west-bromwich-albion-a,1968-04-29,1684.47,1663.2,1560.69,0.5908
1968-05-04-newcastle-united-h,1968-05-04,1663.2,1676.9,1535.78,0.7463
1968-05-11-sunderland-h,1968-05-11,1676.9,1659.39,1564.4,0.7297
1968-05-15-real-madrid-a,1968-05-15,1659.39,1656.32,1531.92,0.5959
1968-05-29-benfica-n,1968-05-29,1656.32,1669.14,1480.9,0.733
1968-08-10-everton-h,1968-08-10,1669.14,1677.07,1606.44,0.6696
1968-08-14-west-bromwich-albion-a,1968-08-14,1677.07,1660.56,1581.96,0.5503
1968-08-17-manchester-city-a,1968-08-17,1660.56,1659.5,1569.92,0.544
1968-08-21-coventry-city-h,1968-08-21,1659.5,1664.68,1495.19,0.7844
1968-08-24-chelsea-h,1968-08-24,1664.68,1631.59,1496.82,0.7878
1968-08-28-tottenham-hotspur-h,1968-08-28,1631.59,1643.22,1612.19,0.6123
1968-08-31-sheffield-wednesday-a,1968-08-31,1643.22,1630.89,1573.78,0.5136
1968-09-07-west-ham-united-h,1968-09-07,1630.89,1626.48,1556.96,0.6837
1968-09-14-burnley-a,1968-09-14,1626.48,1615.01,1581.68,0.4781
1968-09-18-waterford-united-a,1968-09-18,1615.01,1631.87,1500,0.5785
1968-09-21-newcastle-united-h,1968-09-21,1631.87,1640.07,1522.08,0.7266
1968-09-25-estudiantes-de-la-plata-a,1968-09-25,1640.07,1625.35,1500,0.6132
1968-10-02-waterford-united-h,1968-10-02,1625.35,1642.48,1483.14,0.7621
1968-10-05-arsenal-h,1968-10-05,1642.48,1637.73,1556.9,0.6981
1968-10-09-tottenham-hotspur-a,1968-10-09,1637.73,1638.52,1600.56,0.4672
1968-10-12-liverpool-a,1968-10-12,1638.52,1622.99,1566.17,0.5178
1968-10-16-estudiantes-de-la-plata-h,1968-10-16,1622.99,1617.59,1514.72,0.7248
1968-10-19-southampton-h,1968-10-19,1617.59,1599.48,1482.61,0.7544
1968-10-26-queens-park-rangers-a,1968-10-26,1599.48,1609.86,1492.22,0.5676
1968-11-02-leeds-united-h,1968-11-02,1609.86,1605.89,1550.52,0.6653
1968-11-09-sunderland-a,1968-11-09,1605.89,1607.13,1581.92,0.4483
1968-11-13-anderlecht-h,1968-11-13,1607.13,1618.99,1473.53,0.753
1968-11-16-ipswich-town-h,1968-11-16,1618.99,1612.34,1461.94,0.7772
1968-11-23-stoke-city-a,1968-11-23,1612.34,1614.02,1601.26,0.4301
1968-11-27-anderlecht-a,1968-11-27,1614.02,1588.82,1461.67,0.6298
1968-11-30-wolverhampton-wanderers-h,1968-11-30,1588.82,1600.84,1578.78,0.5995
1968-12-07-leicester-city-a,1968-12-07,1600.84,1588.32,1525.86,0.5215
1968-12-14-liverpool-h,1968-12-14,1588.32,1598.05,1581.71,0.5947
1968-12-21-southampton-a,1968-12-21,1598.05,1581.44,1500.72,0.5535
1968-12-26-arsenal-a,1968-12-26,1581.44,1565.52,1561.66,0.4424
1969-01-04-exeter-city-a,1969-01-04,1565.52,1582.16,1488.52,0.5244
1969-01-11-leeds-united-a,1969-01-11,1582.16,1571.28,1554.49,0.4536
1969-01-18-sunderland-h,1969-01-18,1571.28,1586.67,1580.68,0.5723
1969-01-25-watford-h,1969-01-25,1586.67,1580.78,1490.7,0.7105
1969-02-01-ipswich-town-a,1969-02-01,1580.78,1566.99,1468.59,0.5745
1969-02-03-watford-a,1969-02-03,1566.99,1583.97,1496.59,0.515
1969-02-11-birmingham-city-a,1969-02-11,1583.97,1585.64,1565.71,0.4402
1969-02-15-wolverhampton-wanderers-a,1969-02-15,1585.64,1587.05,1566.77,0.4411
1969-02-24-birmingham-city-h,1969-02-24,1587.05,1605.81,1564.04,0.6172
1969-02-26-sk-rapid-wien-h,1969-02-26,1605.81,1619.15,1500,0.722
1969-03-01-everton-h,1969-03-01,1619.15,1601.96,1598.51,0.614
1969-03-05-sk-rapid-wien-a,1969-03-05,1601.96,1599.43,1486.66,0.5789
1969-03-08-manchester-city-h,1969-03-08,1599.43,1584.44,1570.97,0.6246
1969-03-10-everton-a,1969-03-10,1584.44,1587.52,1615.7,0.3716
1969-03-15-chelsea-a,1969-03-15,1587.52,1575.61,1529.91,0.4966
1969-03-19-queens-park-rangers-h,1969-03-19,1575.61,1593.13,1481.84,0.7079
1969-03-22-sheffield-wednesday-h,1969-03-22,1593.13,1602.85,1586.1,0.5953
1969-03-24-stoke-city-h,1969-03-24,1602.85,1600.69,1599.58,0.5901
1969-03-29-west-ham-united-a,1969-03-29,1600.69,1601.4,1561.37,0.4703
1969-03-31-nottingham-forest-a,1969-03-31,1601.4,1613.47,1543.43,0.4971
1969-04-02-west-bromwich-albion-h,1969-04-02,1613.47,1622.92,1598.47,0.6063
1969-04-05-nottingham-forest-h,1969-04-05,1622.92,1631.76,1531.36,0.7053
1969-04-08-coventry-city-a,1969-04-08,1631.76,1616.99,1490.02,0.6155
1969-04-12-newcastle-united-a,1969-04-12,1616.99,1600.14,1513.88,0.5617
1969-04-19-burnley-h,1969-04-19,1600.14,1612.28,1593.16,0.5952
1969-04-23-ac-milan-a,1969-04-23,1612.28,1590.27,1517.33,0.5501
1969-05-15-ac-milan-h,1969-05-15,1590.27,1601.33,1539.34,0.6544
1969-05-17-leicester-city-h,1969-05-17,1601.33,1609.25,1538.38,0.6699
1969-08-09-crystal-palace-a,1969-08-09,1609.25,1606.18,1458.15,0.6282
1969-08-13-everton-h,1969-08-13,1606.18,1588.88,1612.62,0.5765
1969-08-16-southampton-h,1969-08-16,1588.88,1564.38,1517.32,0.6808
1969-08-19-everton-a,1969-08-19,1564.38,1552.61,1629.92,0.3268
1969-08-23-wolverhampton-wanderers-a,1969-08-23,1552.61,1555.09,1565.35,0.3968
1969-08-27-newcastle-united-h,1969-08-27,1555.09,1552.23,1530.73,0.6191
1969-08-30-sunderland-h,1969-08-30,1552.23,1565.22,1565.28,0.5672
1969-09-03-middlesbrough-h,1969-09-03,1565.22,1572.69,1487.28,0.6887
1969-09-06-leeds-united-a,1969-09-06,1572.69,1574.49,1565.38,0.4247
1969-09-13-liverpool-h,1969-09-13,1574.49,1584.36,1571.98,0.589
1969-09-17-sheffield-wednesday-a,1969-09-17,1584.36,1601.59,1576.39,0.4257
1969-09-20-arsenal-a,1969-09-20,1601.59,1602.83,1577.58,0.4484
1969-09-23-wrexham-h,1969-09-23,1602.83,1610.7,1483.51,0.7373
1969-09-27-west-ham-united-h,1969-09-27,1610.7,1623.19,1560.65,0.6533
1969-10-04-derby-county-a,1969-10-04,1623.19,1605.28,1495.1,0.5967
1969-10-08-southampton-a,1969-10-08,1605.28,1623.11,1541.83,0.505
1969-10-11-ipswich-town-h,1969-10-11,1623.11,1628.85,1482.38,0.7605
1969-10-14-burnley-a,1969-10-14,1628.85,1629.27,1581.01,0.4825
1969-10-18-nottingham-forest-h,1969-10-18,1629.27,1623.92,1522.51,0.7231
1969-10-20-burnley-h,1969-10-20,1623.92,1632.45,1580.59,0.6445
1969-10-25-west-bromwich-albion-a,1969-10-25,1632.45,1621.02,1589.02,0.4762
1969-11-01-stoke-city-h,1969-11-01,1621.02,1618.33,1601.74,0.6122
1969-11-08-coventry-city-a,1969-11-08,1618.33,1628.5,1504.79,0.5765
1969-11-12-derby-county-a,1969-11-12,1628.5,1626.6,1513,0.5792
1969-11-15-manchester-city-a,1969-11-15,1626.6,1606.77,1585.96,0.4722
1969-11-19-derby-county-h,1969-11-19,1606.77,1613.83,1514.9,0.7056
1969-11-22-tottenham-hotspur-h,1969-11-22,1613.83,1625.68,1599.77,0.605
1969-11-29-burnley-a,1969-11-29,1625.68,1625.9,1572.06,0.4908
1969-12-03-manchester-city-a,1969-12-03,1625.9,1615.27,1605.79,0.4428
1969-12-06-chelsea-h,1969-12-06,1615.27,1594.78,1541.82,0.6831
1969-12-13-liverpool-a,1969-12-13,1594.78,1614.19,1562.12,0.4607
1969-12-17-manchester-city-h,1969-12-17,1614.19,1612.22,1616.42,0.5824
1969-12-26-wolverhampton-wanderers-h,1969-12-26,1612.22,1608.56,1562.88,0.6524
1969-12-27-sunderland-a,1969-12-27,1608.56,1608.69,1552.29,0.4946
1970-01-03-ipswich-town-a,1970-01-03,1608.69,1619.83,1476.64,0.6022
1970-01-10-arsenal-h,1970-01-10,1619.83,1628.35,1576.34,0.6447
1970-01-17-west-ham-united-a,1970-01-17,1628.35,1627.66,1548.17,0.529
1970-01-24-manchester-city-h,1970-01-24,1627.66,1644.53,1618.4,0.5984
1970-01-26-leeds-united-h,1970-01-26,1644.53,1639.91,1563.57,0.6924
1970-01-31-derby-county-h,1970-01-31,1639.91,1645.88,1507.84,0.7513
1970-02-07-northampton-town-a,1970-02-07,1645.88,1669.52,1497.32,0.6248
1970-02-10-ipswich-town-a,1970-02-10,1669.52,1676.81,1465.5,0.6962
1970-02-14-crystal-palace-h,1970-02-14,1676.81,1668.89,1461.22,0.8301
1970-02-21-middlesbrough-a,1970-02-21,1668.89,1663.91,1479.81,0.6777
1970-02-25-middlesbrough-h,1970-02-25,1663.91,1669.56,1484.78,0.7984
1970-02-28-stoke-city-a,1970-02-28,1669.56,1669.38,1604.43,0.5074
1970-03-14-leeds-united-n,1970-03-14,1669.38,1665.41,1568.19,0.6416
1970-03-17-burnley-h,1970-03-17,1665.41,1660.43,1571.84,0.7077
1970-03-21-chelsea-a,1970-03-21,1660.43,1647.12,1562.32,0.5546
1970-03-23-leeds-united-n,1970-03-23,1647.12,1644.14,1572.16,0.6062
1970-03-26-leeds-united-n,1970-03-26,1644.14,1627.4,1575.13,0.598
1970-03-28-manchester-city-h,1970-03-28,1627.4,1612.49,1601.53,0.6211
1970-03-30-coventry-city-h,1970-03-30,1612.49,1606.83,1494.62,0.7357
1970-03-31-nottingham-forest-a,1970-03-31,1606.83,1618.18,1527.87,0.5273
1970-04-04-newcastle-united-a,1970-04-04,1618.18,1595.7,1533.58,0.5353
1970-04-08-west-bromwich-albion-h,1970-04-08,1595.7,1620.96,1600.45,0.5788
1970-04-13-tottenham-hotspur-a,1970-04-13,1620.96,1609.89,1587.92,0.4613
1970-04-15-sheffield-wednesday-h,1970-04-15,1609.89,1606.19,1559.16,0.6542
1970-08-15-leeds-united-h,1970-08-15,1606.19,1591.67,1591.87,0.6054
1970-08-19-chelsea-h,1970-08-19,1591.67,1589.08,1575.63,0.6077
1970-08-22-arsenal-a,1970-08-22,1589.08,1570.41,1567.81,0.4445
1970-08-25-burnley-a,1970-08-25,1570.41,1588.24,1576.82,0.4056
1970-08-29-west-ham-united-h,1970-08-29,1588.24,1584.9,1548.87,0.6392
1970-09-02-everton-h,1970-09-02,1584.9,1599.76,1641.68,0.5046
1970-09-05-liverpool-a,1970-09-05,1599.76,1599.87,1542.7,0.4958
1970-09-09-aldershot-a,1970-09-09,1599.87,1613.15,1500,0.5571
1970-09-12-coventry-city-h,1970-09-12,1613.15,1621.25,1500.28,0.7301
1970-09-19-ipswich-town-a,1970-09-19,1621.25,1594.2,1458.21,0.6441
1970-09-26-blackpool-h,1970-09-26,1594.2,1588.97,1491.85,0.718
1970-10-03-wolverhampton-wanderers-a,1970-10-03,1588.97,1578.26,1566.53,0.4461
1970-10-07-portsmouth-h,1970-10-07,1578.26,1588.04,1573.23,0.5925
1970-10-10-crystal-palace-h,1970-10-10,1588.04,1570.35,1469.15,0.7369
1970-10-17-leeds-united-a,1970-10-17,1570.35,1573.59,1606.4,0.3652
1970-10-24-west-bromwich-albion-h,1970-10-24,1573.59,1583.59,1575.18,0.5833
1970-10-28-chelsea-h,1970-10-28,1583.59,1593.36,1578.21,0.593
1970-10-31-newcastle-united-a,1970-10-31,1593.36,1582.14,1556.07,0.4674
1970-11-07-stoke-city-h,1970-11-07,1582.14,1580.85,1604.61,0.5538
1970-11-14-nottingham-forest-a,1970-11-14,1580.85,1592.7,1516.52,0.5062
1970-11-18-crystal-palace-h,1970-11-18,1592.7,1601.04,1486.83,0.7221
1970-11-21-southampton-a,1970-11-21,1601.04,1588.45,1524.01,0.5245
1970-11-28-huddersfield-town-h,1970-11-28,1588.45,1583.18,1484.56,0.7198
1970-12-05-tottenham-hotspur-a,1970-12-05,1583.18,1585.75,1598.99,0.3926
1970-12-12-manchester-city-h,1970-12-12,1585.75,1566.24,1616.44,0.5421
1970-12-16-aston-villa-h,1970-12-16,1566.24,1562.99,1529.87,0.6352
1970-12-19-arsenal-h,1970-12-19,1562.99,1546.42,1586.48,0.5523
1970-12-23-aston-villa-a,1970-12-23,1546.42,1536.02,1533.12,0.4332
1970-12-26-derby-county-a,1970-12-26,1536.02,1536.92,1501.87,0.4629
1971-01-02-middlesbrough-h,1971-01-02,1536.92,1532.34,1479.14,0.6633
1971-01-05-middlesbrough-a,1971-01-05,1532.34,1518.8,1483.71,0.4836
1971-01-09-chelsea-a,1971-01-09,1518.8,1534.47,1568.45,0.3472
1971-01-16-burnley-h,1971-01-16,1534.47,1533.25,1558.99,0.5509
1971-01-30-huddersfield-town-a,1971-01-30,1533.25,1545.82,1489.84,0.4761
1971-02-06-tottenham-hotspur-h,1971-02-06,1545.82,1557.49,1596.41,0.5135
1971-02-20-southampton-h,1971-02-20,1557.49,1573.69,1536.6,0.6144
1971-02-23-everton-a,1971-02-23,1573.69,1565.47,1626.82,0.3427
1971-02-27-newcastle-united-h,1971-02-27,1565.47,1575.48,1567.29,0.583
1971-03-06-west-bromwich-albion-a,1971-03-06,1575.48,1565.18,1565.18,0.429
1971-03-13-nottingham-forest-h,1971-03-13,1565.18,1575.18,1504.67,0.6668
1971-03-20-stoke-city-a,1971-03-20,1575.18,1590.24,1605.9,0.3723
1971-04-03-west-ham-united-a,1971-04-03,1590.24,1579,1552.21,0.4684
1971-04-10-derby-county-h,1971-04-10,1579,1562.47,1500.98,0.6888
1971-04-12-wolverhampton-wanderers-h,1971-04-12,1562.47,1572.91,1577.24,0.5647
1971-04-13-coventry-city-a,1971-04-13,1572.91,1560.2,1492.18,0.5298
1971-04-17-crystal-palace-a,1971-04-17,1560.2,1574.26,1478.49,0.5312
1971-04-19-liverpool-h,1971-04-19,1574.26,1555.4,1542.6,0.6289
1971-04-24-ipswich-town-h,1971-04-24,1555.4,1563.1,1485.26,0.679
1971-05-01-blackpool-a,1971-05-01,1563.1,1562.89,1497.08,0.5087
1971-05-05-manchester-city-a,1971-05-05,1562.89,1579.28,1635.95,0.3174
1971-08-14-derby-county-a,1971-08-14,1579.28,1579.21,1517.51,0.5025
1971-08-18-chelsea-a,1971-08-18,1579.21,1592.37,1552.78,0.4518
1971-08-20-arsenal-h,1971-08-20,1592.37,1605.26,1603.05,0.5705
1971-08-23-west-bromwich-albion-h,1971-08-23,1605.26,1616.46,1575.47,0.6264
1971-08-28-wolverhampton-wanderers-a,1971-08-28,1616.46,1616.82,1566.79,0.4851
1971-08-31-everton-a,1971-08-31,1616.82,1607.48,1635.04,0.3893
1971-09-04-ipswich-town-h,1971-09-04,1607.48,1613.5,1477.55,0.749
1971-09-07-ipswich-town-a,1971-09-07,1613.5,1625.03,1471.53,0.6158
1971-09-11-crystal-palace-a,1971-09-11,1625.03,1635.8,1464.43,0.6409
1971-09-18-west-ham-united-h,1971-09-18,1635.8,1645.35,1563.45,0.6818
1971-09-25-liverpool-a,1971-09-25,1645.35,1644.52,1561.47,0.5343
1971-10-02-sheffield-united-h,1971-10-02,1644.52,1653.18,1547.76,0.7114
1971-10-06-burnley-h,1971-10-06,1653.18,1648.21,1560.21,0.7069
1971-10-09-huddersfield-town-a,1971-10-09,1648.21,1660.65,1477.27,0.6545
1971-10-16-derby-county-h,1971-10-16,1660.65,1666.34,1517.57,0.763
1971-10-18-burnley-a,1971-10-18,1666.34,1676.93,1565.18,0.559
1971-10-23-newcastle-united-a,1971-10-23,1676.93,1686.89,1557.28,0.585
1971-10-27-stoke-city-h,1971-10-27,1686.89,1681.83,1590.84,0.7106
1971-10-30-leeds-united-h,1971-10-30,1681.83,1665.28,1603.17,0.6896
1971-11-06-manchester-city-a,1971-11-06,1665.28,1665.78,1619.57,0.4795
1971-11-08-stoke-city-a,1971-11-08,1665.78,1665.43,1595.89,0.5142
1971-11-13-tottenham-hotspur-h,1971-11-13,1665.43,1674.67,1584.74,0.6921
1971-11-15-stoke-city-a,1971-11-15,1674.67,1662.04,1596.23,0.5265
1971-11-20-leicester-city-h,1971-11-20,1662.04,1668.02,1530.46,0.7508
1971-11-27-southampton-a,1971-11-27,1668.02,1681.57,1520.4,0.6235
1971-12-04-nottingham-forest-h,1971-12-04,1681.57,1686.24,1494.68,0.8055
1971-12-11-stoke-city-a,1971-12-11,1686.24,1685.64,1608.87,0.525
1971-12-18-ipswich-town-a,1971-12-18,1685.64,1680.32,1460,0.7218
1971-12-27-coventry-city-h,1971-12-27,1680.32,1673.24,1504.9,0.795
1972-01-01-west-ham-united-a,1972-01-01,1673.24,1652.19,1553.91,0.5846
1972-01-08-wolverhampton-wanderers-h,1972-01-08,1652.19,1631.24,1566.44,0.6983
1972-01-15-southampton-a,1972-01-15,1631.24,1628.68,1506.85,0.5916
1972-01-19-southampton-h,1972-01-19,1628.68,1639.71,1509.41,0.7373
1972-01-22-chelsea-h,1972-01-22,1639.71,1622.54,1539.62,0.7154
1972-01-29-west-bromwich-albion-a,1972-01-29,1622.54,1610.6,1564.27,0.4975
1972-02-05-preston-north-end-a,1972-02-05,1610.6,1625.11,1490.66,0.5854
1972-02-12-newcastle-united-h,1972-02-12,1625.11,1604.46,1547.32,0.6885
1972-02-19-leeds-united-a,1972-02-19,1604.46,1587.94,1619.72,0.3934
1972-02-26-middlesbrough-h,1972-02-26,1587.94,1582.22,1497.25,0.7042
1972-02-29-middlesbrough-a,1972-02-29,1582.22,1602.06,1502.97,0.5277
1972-03-04-tottenham-hotspur-a,1972-03-04,1602.06,1588.5,1575.5,0.452
1972-03-08-everton-h,1972-03-08,1588.5,1588.35,1644.39,0.5059
1972-03-11-huddersfield-town-h,1972-03-11,1588.35,1596.09,1464.83,0.742
1972-03-18-stoke-city-h,1972-03-18,1596.09,1594.23,1609.47,0.5667
1972-03-22-stoke-city-a,1972-03-22,1594.23,1583.28,1611.34,0.3908
1972-03-25-crystal-palace-h,1972-03-25,1583.28,1593.84,1453.65,0.7487
1972-04-01-coventry-city-a,1972-04-01,1593.84,1605.09,1511.98,0.5314
1972-04-03-liverpool-h,1972-04-03,1605.09,1581.91,1562.29,0.6438
1972-04-04-sheffield-united-a,1972-04-04,1581.91,1582.5,1539.1,0.4753
1972-04-08-leicester-city-a,1972-04-08,1582.5,1567.59,1524.47,0.4972
1972-04-12-manchester-city-h,1972-04-12,1567.59,1552.22,1619.08,0.5122
1972-04-15-southampton-h,1972-04-15,1552.22,1560.42,1498.38,0.6582
1972-04-22-nottingham-forest-a,1972-04-22,1560.42,1560.06,1490.01,0.515
1972-04-25-arsenal-a,1972-04-25,1560.06,1546.63,1590.17,0.3732
1972-04-29-stoke-city-h,1972-04-29,1546.63,1565.44,1622.28,0.4775
1972-08-12-ipswich-town-h,1972-08-12,1565.44,1548.27,1465.33,0.7154
1972-08-15-liverpool-a,1972-08-15,1548.27,1537.36,1585.47,0.3637
1972-08-19-everton-a,1972-08-19,1537.36,1529.07,1644.53,0.2764
1972-08-23-leicester-city-h,1972-08-23,1529.07,1527.36,1539.39,0.571
1972-08-26-arsenal-h,1972-08-26,1527.36,1527.93,1603.6,0.4766
1972-08-30-chelsea-h,1972-08-30,1527.93,1526.85,1556.79,0.5447
1972-09-02-west-ham-united-a,1972-09-02,1526.85,1530.47,1574.95,0.3493
1972-09-06-oxford-united-a,1972-09-06,1530.47,1531.49,1500,0.4576
1972-09-09-coventry-city-h,1972-09-09,1531.49,1516.42,1500.73,0.6277
1972-09-12-oxford-united-h,1972-09-12,1516.42,1528.13,1498.98,0.6096
1972-09-16-wolverhampton-wanderers-a,1972-09-16,1528.13,1518.09,1587.39,0.3348
1972-09-23-derby-county-h,1972-09-23,1518.09,1532.7,1511.88,0.5941
1972-09-30-sheffield-united-a,1972-09-30,1532.7,1522.95,1538.51,0.4064
1972-10-03-bristol-rovers-a,1972-10-03,1522.95,1524.28,1501.74,0.4444
1972-10-07-west-bromwich-albion-a,1972-10-07,1524.28,1528.02,1576.21,0.3443
1972-10-11-bristol-rovers-h,1972-10-11,1528.02,1513.05,1500.41,0.6235
1972-10-14-birmingham-city-h,1972-10-14,1513.05,1524.1,1545.28,0.5399
1972-10-21-newcastle-united-a,1972-10-21,1524.1,1515.58,1567.97,0.3548
1972-10-28-tottenham-hotspur-h,1972-10-28,1515.58,1498.28,1589.06,0.4806
1972-11-04-leicester-city-a,1972-11-04,1498.28,1501.73,1541.09,0.3562
1972-11-11-liverpool-h,1972-11-11,1501.73,1518.22,1596.38,0.4503
1972-11-18-manchester-city-a,1972-11-18,1518.22,1508.64,1634.44,0.2661
1972-11-25-southampton-h,1972-11-25,1508.64,1517.98,1490.18,0.611
1972-12-02-norwich-city-a,1972-12-02,1517.98,1535.01,1505.41,0.4322
1972-12-09-stoke-city-h,1972-12-09,1535.01,1520.38,1603.47,0.4878
1972-12-16-crystal-palace-a,1972-12-16,1520.38,1495.18,1443.1,0.5248
1972-12-23-leeds-united-h,1972-12-23,1495.18,1497.93,1636.24,0.3854
1972-12-26-derby-county-a,1972-12-26,1497.93,1485.47,1497.27,0.4154
1973-01-06-arsenal-a,1973-01-06,1485.47,1477.53,1603.04,0.2646
1973-01-13-wolverhampton-wanderers-a,1973-01-13,1477.53,1470.2,1597.43,0.262
1973-01-20-west-ham-united-h,1973-01-20,1470.2,1471.61,1571.33,0.4411
1973-01-24-everton-h,1973-01-24,1471.61,1475.64,1652.82,0.3323
1973-01-27-coventry-city-a,1973-01-27,1475.64,1479,1515.8,0.3597
1973-02-10-wolverhampton-wanderers-h,1973-02-10,1479,1493.25,1604.77,0.4065
1973-02-17-ipswich-town-a,1973-02-17,1493.25,1477.78,1482.5,0.4296
1973-03-03-west-bromwich-albion-h,1973-03-03,1477.78,1490.98,1572.47,0.4502
1973-03-10-birmingham-city-a,1973-03-10,1490.98,1480.31,1534.24,0.3556
1973-03-17-newcastle-united-h,1973-03-17,1480.31,1493.55,1576.49,0.4481
1973-03-24-tottenham-hotspur-a,1973-03-24,1493.55,1499.07,1606.36,0.27
1973-03-31-southampton-a,1973-03-31,1499.07,1515.87,1480.84,0.4402
1973-04-07-norwich-city-h,1973-04-07,1515.87,1524.91,1488.38,0.6233
1973-04-11-crystal-palace-h,1973-04-11,1524.91,1535.05,1468.29,0.6618
1973-04-14-stoke-city-a,1973-04-14,1535.05,1539.73,1618.1,0.305
1973-04-18-leeds-united-a,1973-04-18,1539.73,1556.72,1633.49,0.2921
1973-04-21-manchester-city-h,1973-04-21,1556.72,1557.66,1644.02,0.4608
1973-04-23-sheffield-united-h,1973-04-23,1557.66,1543.3,1548.26,0.5986
1973-04-28-chelsea-a,1973-04-28,1543.3,1533.83,1557.87,0.3943
1973-08-25-arsenal-a,1973-08-25,1533.83,1522.59,1610.98,0.3123
1973-08-29-stoke-city-h,1973-08-29,1522.59,1535.65,1613.43,0.4557
1973-09-01-queens-park-rangers-h,1973-09-01,1535.65,1543.32,1464.32,0.6805
1973-09-05-leicester-city-a,1973-09-05,1543.32,1533.18,1537.64,0.4225
1973-09-08-ipswich-town-a,1973-09-08,1533.18,1522.04,1497.96,0.4644
1973-09-12-leicester-city-h,1973-09-12,1522.04,1508.86,1547.78,0.5491
1973-09-15-west-ham-united-h,1973-09-15,1508.86,1523.9,1569.92,0.4985
1973-09-22-leeds-united-a,1973-09-22,1523.9,1528.86,1616.5,0.2935
1973-09-29-liverpool-h,1973-09-29,1528.86,1528.55,1579.89,0.5129
1973-10-06-wolverhampton-wanderers-a,1973-10-06,1528.55,1520.6,1590.52,0.3313
1973-10-08-middlesbrough-h,1973-10-08,1520.6,1505.32,1483.13,0.6367
1973-10-13-derby-county-h,1973-10-13,1505.32,1491.41,1509.73,0.5793
1973-10-20-birmingham-city-h,1973-10-20,1491.41,1503.19,1544.91,0.5094
1973-10-27-burnley-a,1973-10-27,1503.19,1506.91,1554.59,0.345
1973-11-03-chelsea-h,1973-11-03,1506.91,1506.92,1567.33,0.4994
1973-11-10-tottenham-hotspur-a,1973-11-10,1506.92,1499.92,1600.84,0.2919
1973-11-17-newcastle-united-a,1973-11-17,1499.92,1492.01,1563.24,0.3296
1973-11-24-norwich-city-h,1973-11-24,1492.01,1489.53,1479.34,0.6031
1973-12-08-southampton-h,1973-12-08,1489.53,1486.64,1464.05,0.6206
1973-12-15-coventry-city-h,1973-12-15,1486.64,1473.46,1512.43,0.5491
1973-12-22-liverpool-a,1973-12-22,1473.46,1465.15,1580.2,0.2769
1973-12-26-sheffield-united-h,1973-12-26,1465.15,1454.44,1562.63,0.4463
1973-12-29-ipswich-town-h,1973-12-29,1454.44,1469.21,1509.11,0.5077
1974-01-01-queens-park-rangers-a,1974-01-01,1469.21,1453.66,1456.65,0.4322
1974-01-05-plymouth-argyle-h,1974-01-05,1453.66,1466.45,1483.75,0.5429
1974-01-12-west-ham-united-a,1974-01-12,1466.45,1459.29,1554.87,0.2985
1974-01-19-arsenal-h,1974-01-19,1459.29,1462.74,1622.22,0.3561
1974-01-26-ipswich-town-h,1974-01-26,1462.74,1447.6,1494.34,0.5408
1974-02-02-coventry-city-a,1974-02-02,1447.6,1440.13,1525.61,0.3112
1974-02-09-leeds-united-h,1974-02-09,1440.13,1429.78,1611.54,0.3449
1974-02-16-derby-county-a,1974-02-16,1429.78,1434.78,1523.64,0.292
1974-02-23-wolverhampton-wanderers-h,1974-02-23,1434.78,1438.25,1598.47,0.355
1974-03-02-sheffield-united-a,1974-03-02,1438.25,1456.36,1573.34,0.2455
1974-03-13-manchester-city-a,1974-03-13,1456.36,1463.69,1643.08,0.1946
1974-03-16-birmingham-city-a,1974-03-16,1463.69,1455.97,1533.13,0.3219
1974-03-23-tottenham-hotspur-h,1974-03-23,1455.97,1447.07,1607.85,0.3708
1974-03-30-chelsea-a,1974-03-30,1447.07,1469.22,1567.31,0.2616
1974-04-03-burnley-h,1974-04-03,1469.22,1469.97,1550.87,0.4689
1974-04-06-norwich-city-a,1974-04-06,1469.97,1488.03,1481.81,0.3981
1974-04-13-newcastle-united-h,1974-04-13,1488.03,1500.82,1571.15,0.4668
1974-04-15-everton-h,1974-04-15,1500.82,1523.29,1648.8,0.376
1974-04-20-southampton-a,1974-04-20,1523.29,1523.41,1466.94,0.4947
1974-04-23-everton-a,1974-04-23,1523.41,1516.66,1626.33,0.2813
1974-04-27-manchester-city-h,1974-04-27,1516.66,1506.68,1635.75,0.4158
1974-04-29-stoke-city-a,1974-04-29,1506.68,1499.67,1600.36,0.2922
1974-08-17-leyton-orient-a,1974-08-17,1499.67,1516.14,1473.83,0.451
1974-08-24-millwall-h,1974-08-24,1516.14,1529.83,1450.02,0.6739
1974-08-28-portsmouth-h,1974-08-28,1529.83,1540.92,1563.45,0.5379
1974-08-31-cardiff-city-a,1974-08-31,1540.92,1553.71,1503.81,0.4671
1974-09-07-nottingham-forest-h,1974-09-07,1553.71,1549.62,1490.37,0.6704
1974-09-11-charlton-athletic-h,1974-09-11,1549.62,1562.72,1472.18,0.6881
1974-09-14-west-bromwich-albion-a,1974-09-14,1562.72,1564.66,1559.28,0.4193
1974-09-16-millwall-a,1974-09-16,1564.66,1574.33,1436.32,0.5971
1974-09-21-bristol-rovers-h,1974-09-21,1574.33,1584.39,1515.37,0.6648
1974-09-25-bolton-wanderers-h,1974-09-25,1584.39,1599.69,1592.03,0.5748
1974-09-28-norwich-city-a,1974-09-28,1599.69,1581.47,1463.75,0.6076
1974-10-05-fulham-a,1974-10-05,1581.47,1591.05,1450.58,0.6006
1974-10-09-manchester-city-h,1974-10-09,1591.05,1602.87,1645.73,0.5077
1974-10-12-notts-county-h,1974-10-12,1602.87,1609.21,1485.06,0.7357
1974-10-15-portsmouth-a,1974-10-15,1609.21,1609.32,1552.36,0.4955
1974-10-19-blackpool-a,1974-10-19,1609.32,1624.64,1497.29,0.5743
1974-10-26-southampton-h,1974-10-26,1624.64,1629.97,1466.81,0.778
1974-11-02-oxford-united-h,1974-11-02,1629.97,1639.95,1487.27,0.7626
1974-11-09-bristol-city-a,1974-11-09,1639.95,1625.4,1505.08,0.6061
1974-11-13-burnley-h,1974-11-13,1625.4,1632.95,1550.13,0.6854
1974-11-16-aston-villa-h,1974-11-16,1632.95,1640.08,1543.51,0.7027
1974-11-23-hull-city-a,1974-11-23,1640.08,1620.82,1478.58,0.6421
1974-11-30-sunderland-h,1974-11-30,1620.82,1628.57,1552.16,0.6771
1974-12-04-middlesbrough-a,1974-12-04,1628.57,1626.18,1498.42,0.5996
1974-12-07-sheffield-wednesday-a,1974-12-07,1626.18,1626.07,1562.86,0.5048
1974-12-14-leyton-orient-h,1974-12-14,1626.07,1619.14,1457.36,0.7886
1974-12-18-middlesbrough-h,1974-12-18,1619.14,1628.63,1500.81,0.7363
1974-12-21-york-city-a,1974-12-21,1628.63,1638.29,1500,0.5975
1974-12-26-west-bromwich-albion-h,1974-12-26,1638.29,1645.68,1557.34,0.6924
1974-12-28-oldham-athletic-a,1974-12-28,1645.68,1629.34,1454.31,0.6805
1975-01-04-walsall-h,1975-01-04,1629.34,1620.68,1438.08,0.8094
1975-01-07-walsall-a,1975-01-07,1620.68,1602.25,1446.74,0.6583
1975-01-11-sheffield-wednesday-h,1975-01-11,1602.25,1613.07,1562.98,0.6391
1975-01-15-norwich-city-h,1975-01-15,1613.07,1607.07,1481.98,0.7503
1975-01-18-sunderland-a,1975-01-18,1607.07,1606.98,1544.42,0.5038
1975-01-22-norwich-city-a,1975-01-22,1606.98,1592.96,1487.99,0.5841
1975-02-01-bristol-city-h,1975-02-01,1592.96,1576.57,1519.63,0.683
1975-02-08-oxford-united-a,1975-02-08,1576.57,1563.22,1477.3,0.5563
1975-02-15-hull-city-h,1975-02-15,1563.22,1573.03,1497.84,0.673
1975-02-22-aston-villa-a,1975-02-22,1573.03,1559.03,1536.38,0.4664
1975-03-01-cardiff-city-h,1975-03-01,1559.03,1572.63,1491.02,0.6763
1975-03-08-bolton-wanderers-a,1975-03-08,1572.63,1586.82,1576.72,0.4088
1975-03-15-norwich-city-h,1975-03-15,1586.82,1582.09,1502,0.6971
1975-03-22-nottingham-forest-a,1975-03-22,1582.09,1593.13,1494.46,0.5397
1975-03-28-bristol-rovers-a,1975-03-28,1593.13,1592.17,1505.31,0.5399
1975-03-29-york-city-h,1975-03-29,1592.17,1598.96,1490.34,0.7174
1975-03-31-oldham-athletic-h,1975-03-31,1598.96,1605.02,1470.65,0.7473
1975-04-05-southampton-a,1975-04-05,1605.02,1614.19,1461.49,0.618
1975-04-12-fulham-h,1975-04-12,1614.19,1619.16,1441,0.7929
1975-04-19-notts-county-a,1975-04-19,1619.16,1616.43,1478.72,0.6137
1975-04-26-blackpool-h,1975-04-26,1616.43,1626.77,1481.97,0.7539
1975-08-16-wolverhampton-wanderers-a,1975-08-16,1626.77,1642.99,1594.99,0.4595
1975-08-19-birmingham-city-a,1975-08-19,1642.99,1656.18,1540.86,0.5603
1975-08-23-sheffield-united-h,1975-08-23,1656.18,1668.09,1555.23,0.7164
1975-08-27-coventry-city-h,1975-08-27,1668.09,1661.98,1533.08,0.7545
1975-08-30-stoke-city-a,1975-08-30,1661.98,1674.17,1607.38,0.4922
1975-09-06-tottenham-hotspur-h,1975-09-06,1674.17,1682.26,1616.75,0.6628
1975-09-10-brentford-h,1975-09-10,1682.26,1687.13,1504.72,0.797
1975-09-13-queens-park-rangers-a,1975-09-13,1687.13,1670.11,1472.21,0.7093
1975-09-20-ipswich-town-h,1975-09-20,1670.11,1675.37,1509.48,0.7808
1975-09-22-aston-villa-a,1975-09-22,1675.37,1685.15,1550.37,0.5925
1975-09-24-derby-county-a,1975-09-24,1685.15,1669.59,1518.65,0.6486
1975-09-27-manchester-city-a,1975-09-27,1669.59,1670.42,1633.92,0.465
1975-10-04-leicester-city-h,1975-10-04,1670.42,1665,1560.96,0.7262
1975-10-08-aston-villa-a,1975-10-08,1665,1674.8,1540.59,0.5916
1975-10-11-leeds-united-a,1975-10-11,1674.8,1687.04,1621.89,0.4898
1975-10-18-arsenal-h,1975-10-18,1687.04,1696.74,1618.77,0.6766
1975-10-25-west-ham-united-a,1975-10-25,1696.74,1682.2,1562.04,0.6059
1975-11-01-norwich-city-h,1975-11-01,1682.2,1687.12,1506.74,0.795
1975-11-08-liverpool-a,1975-11-08,1687.12,1670.46,1588.5,0.5553
1975-11-12-manchester-city-a,1975-11-12,1670.46,1650.82,1633.08,0.4675
1975-11-15-aston-villa-h,1975-11-15,1650.82,1658.68,1530.79,0.7381
1975-11-22-arsenal-a,1975-11-22,1658.68,1644.13,1609.07,0.4851
1975-11-29-newcastle-united-h,1975-11-29,1644.13,1651.37,1558.36,0.6983
1975-12-06-middlesbrough-a,1975-12-06,1651.37,1648.01,1491.31,0.6401
1975-12-13-sheffield-united-a,1975-12-13,1648.01,1663.7,1543.32,0.564
1975-12-20-wolverhampton-wanderers-h,1975-12-20,1663.7,1670.97,1578.78,0.6973
1975-12-23-everton-a,1975-12-23,1670.97,1671.73,1633.09,0.4682
1975-12-27-burnley-h,1975-12-27,1671.73,1677.78,1542.57,0.7482
1976-01-03-oxford-united-h,1976-01-03,1677.78,1683.22,1490.65,0.8057
1976-01-10-queens-park-rangers-h,1976-01-10,1683.22,1687.73,1489.23,0.8118
1976-01-17-tottenham-hotspur-a,1976-01-17,1687.73,1687.07,1608.65,0.5274
1976-01-24-peterborough-united-h,1976-01-24,1687.07,1693.87,1500,0.8057
1976-01-31-birmingham-city-h,1976-01-31,1693.87,1700.29,1527.67,0.7862
1976-02-07-coventry-city-a,1976-02-07,1700.29,1696.89,1539.18,0.6415
1976-02-14-leicester-city-a,1976-02-14,1696.89,1708.09,1566.39,0.6001
1976-02-18-liverpool-h,1976-02-18,1708.09,1702.84,1605.16,0.7187
1976-02-21-aston-villa-a,1976-02-21,1702.84,1686.86,1522.93,0.666
1976-02-25-derby-county-h,1976-02-25,1686.86,1680.31,1534.21,0.7728
1976-02-28-west-ham-united-h,1976-02-28,1680.31,1692.09,1576.58,0.7196
1976-03-06-wolverhampton-wanderers-h,1976-03-06,1692.09,1685.4,1571.51,0.7387
1976-03-09-wolverhampton-wanderers-a,1976-03-09,1685.4,1697.51,1578.2,0.5675
1976-03-13-leeds-united-h,1976-03-13,1697.51,1704.69,1609.65,0.7008
1976-03-16-norwich-city-a,1976-03-16,1704.69,1700.02,1501.82,0.6948
1976-03-20-newcastle-united-a,1976-03-20,1700.02,1709.01,1551.11,0.6252
1976-03-27-middlesbrough-h,1976-03-27,1709.01,1715.16,1494.67,0.8291
1976-04-03-derby-county-n,1976-04-03,1715.16,1724.55,1540.76,0.7318
1976-04-10-ipswich-town-a,1976-04-10,1724.55,1698.79,1504.22,0.7156
1976-04-17-everton-h,1976-04-17,1698.79,1706.6,1632.32,0.6744
1976-04-19-burnley-a,1976-04-19,1706.6,1714.92,1536.53,0.6533
1976-04-21-stoke-city-h,1976-04-21,1714.92,1697.22,1595.19,0.7378
1976-04-24-leicester-city-a,1976-04-24,1697.22,1682.43,1555.19,0.6159
1976-05-01-southampton-n,1976-05-01,1682.43,1660.32,1452.32,0.79
1976-05-04-manchester-city-h,1976-05-04,1660.32,1672.43,1652.71,0.5961
1976-08-21-birmingham-city-h,1976-08-21,1672.43,1665.92,1521.26,0.7713
1976-08-24-coventry-city-a,1976-08-24,1665.92,1678.22,1542.58,0.5902
1976-08-28-derby-county-a,1976-08-28,1678.22,1675.28,1531.37,0.6224
1976-09-01-tranmere-rovers-h,1976-09-01,1675.28,1685.13,1500,0.7948
1976-09-04-tottenham-hotspur-h,1976-09-04,1685.13,1668.66,1609.31,0.6861
1976-09-11-newcastle-united-a,1976-09-11,1668.66,1666.39,1542.12,0.5946
1976-09-15-afc-ajax-a,1976-09-15,1666.39,1645.64,1500,0.6485
1976-09-18-middlesbrough-h,1976-09-18,1645.64,1652.32,1488.52,0.7773
1976-09-22-sunderland-h,1976-09-22,1652.32,1646.94,1544.51,0.7243
1976-09-25-manchester-city-a,1976-09-25,1646.94,1664.23,1640.59,0.4234
1976-09-29-afc-ajax-h,1976-09-29,1664.23,1673.7,1520.75,0.7634
1976-10-02-leeds-united-a,1976-10-02,1673.7,1688.21,1602.47,0.5162
1976-10-04-sunderland-a,1976-10-04,1688.21,1685.55,1549.89,0.6108
1976-10-06-sunderland-h,1976-10-06,1685.55,1691.5,1552.55,0.7523
1976-10-16-west-bromwich-albion-a,1976-10-16,1691.5,1665.66,1549.96,0.6152
1976-10-20-juventus-h,1976-10-20,1665.66,1672.52,1500,0.7857
1976-10-23-norwich-city-h,1976-10-23,1672.52,1665.65,1506.49,0.786
1976-10-27-newcastle-united-h,1976-10-27,1665.65,1678.16,1544.39,0.7395
1976-10-30-ipswich-town-h,1976-10-30,1678.16,1659.72,1529.98,0.7682
1976-11-03-juventus-a,1976-11-03,1659.72,1628.58,1493.14,0.6487
1976-11-06-aston-villa-a,1976-11-06,1628.58,1615.56,1538.92,0.5426
1976-11-10-sunderland-h,1976-11-10,1615.56,1611.3,1546.61,0.6775
1976-11-20-leicester-city-a,1976-11-20,1611.3,1611.94,1569.97,0.4731
1976-11-27-west-ham-united-h,1976-11-27,1611.94,1592.46,1564.8,0.6495
1976-12-01-everton-h,1976-12-01,1592.46,1573.01,1624.51,0.5401
1976-12-18-arsenal-a,1976-12-18,1573.01,1562.63,1623.62,0.346
1976-12-27-everton-h,1976-12-27,1562.63,1584.92,1643.95,0.4694
1977-01-01-aston-villa-h,1977-01-01,1584.92,1596,1551.94,0.6307
1977-01-03-ipswich-town-a,1977-01-03,1596,1584.43,1548.42,0.4821
1977-01-08-walsall-h,1977-01-08,1584.43,1591.78,1465.18,0.7373
1977-01-15-coventry-city-h,1977-01-15,1591.78,1601.74,1530.29,0.6681
1977-01-19-bristol-city-h,1977-01-19,1601.74,1609.58,1536.02,0.6734
1977-01-22-birmingham-city-a,1977-01-22,1609.58,1620.83,1527.77,0.5314
1977-01-29-queens-park-rangers-h,1977-01-29,1620.83,1627.67,1484.71,0.7556
1977-02-05-derby-county-h,1977-02-05,1627.67,1636.45,1534.31,0.7074
1977-02-12-tottenham-hotspur-a,1977-02-12,1636.45,1653.56,1625.78,0.4295
1977-02-16-liverpool-h,1977-02-16,1653.56,1650.1,1610.41,0.6442
1977-02-19-newcastle-united-h,1977-02-19,1650.1,1658.02,1531.89,0.7361
1977-02-26-southampton-a,1977-02-26,1658.02,1653.24,1474.44,0.6707
1977-03-05-manchester-city-h,1977-03-05,1653.24,1664.44,1623.3,0.6266
1977-03-08-southampton-h,1977-03-08,1664.44,1669.93,1479.21,0.804
1977-03-12-leeds-united-h,1977-03-12,1669.93,1677.28,1587.95,0.6937
1977-03-19-aston-villa-h,1977-03-19,1677.28,1684.11,1540.86,0.756
1977-03-23-west-bromwich-albion-h,1977-03-23,1684.11,1678.71,1575.8,0.7249
1977-04-02-norwich-city-a,1977-04-02,1678.71,1663.18,1513.35,0.6471
1977-04-05-everton-a,1977-04-05,1663.18,1675.82,1621.67,0.4734
1977-04-09-stoke-city-h,1977-04-09,1675.82,1687.71,1612.9,0.6699
1977-04-11-sunderland-a,1977-04-11,1687.71,1673.09,1550.87,0.6088
1977-04-16-leicester-city-h,1977-04-16,1673.09,1667.82,1569.33,0.7196
1977-04-19-queens-park-rangers-a,1977-04-19,1667.82,1639.31,1477.87,0.6788
1977-04-23-leeds-united-n,1977-04-23,1639.31,1650.97,1580.6,0.5837
1977-04-26-middlesbrough-a,1977-04-26,1650.97,1627.5,1481.84,0.6521
1977-04-30-queens-park-rangers-h,1977-04-30,1627.5,1633.75,1506.38,0.7393
1977-05-03-liverpool-a,1977-05-03,1633.75,1623.13,1613.87,0.4425
1977-05-07-bristol-city-a,1977-05-07,1623.13,1621.93,1528.18,0.5501
1977-05-11-stoke-city-a,1977-05-11,1621.93,1623.27,1601.01,0.444
1977-05-14-arsenal-h,1977-05-14,1623.27,1633.58,1634,0.5704
1977-05-16-west-ham-united-a,1977-05-16,1633.58,1619.04,1584.29,0.4846
1977-05-21-liverpool-n,1977-05-21,1619.04,1633.26,1624.49,0.4922
1977-08-13-liverpool-n,1977-08-13,1633.26,1632.6,1610.28,0.533
1977-08-20-birmingham-city-a,1977-08-20,1632.6,1647.72,1516.52,0.58
1977-08-24-coventry-city-h,1977-08-24,1647.72,1653.81,1520.33,0.7463
1977-08-27-ipswich-town-h,1977-08-27,1653.81,1648.82,1559.99,0.708
1977-08-30-arsenal-a,1977-08-30,1648.82,1638.02,1623.69,0.45
1977-09-03-derby-county-a,1977-09-03,1638.02,1648.22,1525.53,0.575
1977-09-10-manchester-city-a,1977-09-10,1648.22,1634.25,1612.09,0.4657
1977-09-14-as-saint-etienne-a,1977-09-14,1634.25,1630.88,1500,0.6053
1977-09-17-chelsea-h,1977-09-17,1630.88,1614.13,1545.16,0.6982
1977-09-24-leeds-united-a,1977-09-24,1614.13,1614.64,1568.94,0.4787
1977-10-01-liverpool-h,1977-10-01,1614.64,1626.92,1610.94,0.5907
1977-10-05-as-saint-etienne-h,1977-10-05,1626.92,1637.24,1503.37,0.742
1977-10-08-middlesbrough-a,1977-10-08,1637.24,1622.79,1505.31,0.602
1977-10-15-newcastle-united-h,1977-10-15,1622.79,1629.65,1523.97,0.7139
1977-10-19-porto-a,1977-10-19,1629.65,1596.11,1500,0.5989
1977-10-22-west-bromwich-albion-a,1977-10-22,1596.11,1577.82,1581.19,0.4355
1977-10-29-aston-villa-a,1977-10-29,1577.82,1566.38,1534.03,0.4767
1977-11-02-porto-h,1977-11-02,1566.38,1584.12,1533.54,0.6305
1977-11-05-arsenal-h,1977-11-05,1584.12,1571.79,1634.49,0.5139
1977-11-12-nottingham-forest-a,1977-11-12,1571.79,1558.81,1483.41,0.5407
1977-11-19-norwich-city-h,1977-11-19,1558.81,1567.77,1528.89,0.6266
1977-11-26-queens-park-rangers-a,1977-11-26,1567.77,1567.51,1500.12,0.511
1977-12-03-wolverhampton-wanderers-h,1977-12-03,1567.51,1579.88,1566.09,0.5875
1977-12-10-west-ham-united-a,1977-12-10,1579.88,1570.56,1598.82,0.3883
1977-12-17-nottingham-forest-h,1977-12-17,1570.56,1541.83,1496.39,0.684
1977-12-26-everton-a,1977-12-26,1541.83,1570.19,1609.03,0.3247
1977-12-27-leicester-city-h,1977-12-27,1570.19,1582.81,1574.6,0.5793
1977-12-31-coventry-city-a,1977-12-31,1582.81,1564.37,1514.24,0.5123
1978-01-02-birmingham-city-h,1978-01-02,1564.37,1548.29,1501.4,0.6699
1978-01-07-carlisle-united-a,1978-01-07,1548.29,1548.76,1500,0.4832
1978-01-11-carlisle-united-h,1978-01-11,1548.76,1560.94,1499.53,0.6522
1978-01-14-ipswich-town-a,1978-01-14,1560.94,1575.12,1564.98,0.4089
1978-01-21-derby-county-h,1978-01-21,1575.12,1589.16,1515.33,0.6659
1978-01-28-west-bromwich-albion-h,1978-01-28,1589.16,1587.17,1599.49,0.571
1978-02-01-west-bromwich-albion-a,1978-02-01,1587.17,1576.12,1601.47,0.3947
1978-02-08-bristol-city-h,1978-02-08,1576.12,1572.54,1529.39,0.6489
1978-02-11-chelsea-a,1978-02-11,1572.54,1574.24,1561.92,0.4294
1978-02-25-liverpool-a,1978-02-25,1574.24,1562.81,1598.66,0.3808
1978-03-01-leeds-united-h,1978-03-01,1562.81,1548.95,1568.43,0.5776
1978-03-04-middlesbrough-h,1978-03-04,1548.95,1545.93,1519.76,0.6256
1978-03-11-newcastle-united-a,1978-03-11,1545.93,1547.01,1517.1,0.4553
1978-03-15-manchester-city-h,1978-03-15,1547.01,1547.67,1626.06,0.4726
1978-03-18-west-bromwich-albion-h,1978-03-18,1547.67,1547.83,1612.52,0.493
1978-03-25-leicester-city-a,1978-03-25,1547.83,1562.36,1561.98,0.3949
1978-03-27-everton-h,1978-03-27,1562.36,1548.92,1580.67,0.5597
1978-03-29-aston-villa-h,1978-03-29,1548.92,1546.76,1545.47,0.5903
1978-04-01-arsenal-a,1978-04-01,1546.76,1538.22,1646.82,0.2847
1978-04-08-queens-park-rangers-h,1978-04-08,1538.22,1549.1,1500.39,0.6372
1978-04-15-norwich-city-a,1978-04-15,1549.1,1565.43,1519.92,0.4558
1978-04-22-west-ham-united-h,1978-04-22,1565.43,1582.53,1608.14,0.5249
1978-04-25-bristol-city-a,1978-04-25,1582.53,1594.89,1532.96,0.485
1978-04-29-wolverhampton-wanderers-a,1978-04-29,1594.89,1583.54,1553.71,0.4729
1978-08-19-birmingham-city-h,1978-08-19,1583.54,1591.37,1517.48,0.6739
1978-08-23-leeds-united-a,1978-08-23,1591.37,1605.12,1582.29,0.4272
1978-08-26-ipswich-town-a,1978-08-26,1605.12,1587.41,1550.79,0.4918
1978-08-30-stockport-county-h,1978-08-30,1587.41,1594.05,1480.44,0.7234
1978-09-02-everton-h,1978-09-02,1594.05,1592,1594.1,0.5854
1978-09-09-queens-park-rangers-a,1978-09-09,1592,1590.54,1489.5,0.5609
1978-09-16-nottingham-forest-h,1978-09-16,1590.54,1586.39,1525.12,0.673
1978-09-23-arsenal-a,1978-09-23,1586.39,1590.65,1655.36,0.3225
1978-09-30-manchester-city-h,1978-09-30,1590.65,1601.78,1625.41,0.5363
1978-10-04-watford-h,1978-10-04,1601.78,1584,1479.61,0.7405
1978-10-07-middlesbrough-h,1978-10-07,1584,1591.98,1522.78,0.6677
1978-10-14-aston-villa-a,1978-10-14,1591.98,1592.52,1547.64,0.4775
1978-10-21-bristol-city-h,1978-10-21,1592.52,1572.08,1520.6,0.6812
1978-10-28-wolverhampton-wanderers-a,1978-10-28,1572.08,1589.35,1565.06,0.4243
1978-11-04-southampton-h,1978-11-04,1589.35,1583.76,1473.73,0.7332
1978-11-11-birmingham-city-a,1978-11-11,1583.76,1561.9,1509.65,0.5203
1978-11-18-ipswich-town-h,1978-11-18,1561.9,1574.62,1568.5,0.5763
1978-11-21-everton-a,1978-11-21,1574.62,1560.76,1596.15,0.3848
1978-11-25-chelsea-a,1978-11-25,1560.76,1574.8,1560.23,0.4153
1978-12-09-derby-county-a,1978-12-09,1574.8,1589.22,1501.3,0.5194
1978-12-16-tottenham-hotspur-h,1978-12-16,1589.22,1602.47,1608.66,0.5581
1978-12-22-bolton-wanderers-a,1978-12-22,1602.47,1585.51,1562.53,0.4712
1978-12-26-liverpool-h,1978-12-26,1585.51,1565.68,1610.08,0.5508
1978-12-30-west-bromwich-albion-h,1978-12-30,1565.68,1550.11,1612.36,0.5192
1979-01-15-chelsea-h,1979-01-15,1550.11,1567.29,1546.19,0.591
1979-01-31-fulham-a,1979-01-31,1567.29,1564.45,1436.03,0.6011
1979-02-03-arsenal-h,1979-02-03,1564.45,1550.6,1651.1,0.4617
1979-02-10-manchester-city-a,1979-02-10,1550.6,1574.75,1614.28,0.3292
1979-02-12-fulham-h,1979-02-12,1574.75,1581.6,1438.86,0.7554
1979-02-20-colchester-united-a,1979-02-20,1581.6,1594.73,1500,0.531
1979-02-24-aston-villa-h,1979-02-24,1594.73,1591.13,1547.1,0.6501
1979-02-28-queens-park-rangers-h,1979-02-28,1591.13,1599.67,1490.96,0.7154
1979-03-03-bristol-city-a,1979-03-03,1599.67,1611.71,1541.04,0.498
1979-03-10-tottenham-hotspur-a,1979-03-10,1611.71,1613.46,1595.41,0.4375
1979-03-14-tottenham-hotspur-h,1979-03-14,1613.46,1627.01,1593.65,0.6129
1979-03-20-coventry-city-a,1979-03-20,1627.01,1613.83,1532.68,0.5492
1979-03-24-leeds-united-h,1979-03-24,1613.83,1626.54,1568.55,0.647
1979-03-27-middlesbrough-a,1979-03-27,1626.54,1624.76,1514.8,0.5739
1979-03-31-liverpool-n,1979-03-31,1624.76,1624.97,1629.91,0.4926
1979-04-04-liverpool-n,1979-04-04,1624.97,1639.16,1629.7,0.4932
1979-04-07-norwich-city-a,1979-04-07,1639.16,1636.59,1503.6,0.6071
1979-04-11-bolton-wanderers-h,1979-04-11,1636.59,1620.69,1579.49,0.6624
1979-04-14-liverpool-a,1979-04-14,1620.69,1608.04,1615.51,0.4218
1979-04-16-coventry-city-h,1979-04-16,1608.04,1603.99,1545.86,0.6689
1979-04-18-nottingham-forest-a,1979-04-18,1603.99,1603.48,1529.27,0.5212
1979-04-21-tottenham-hotspur-a,1979-04-21,1603.48,1604.74,1580.1,0.4475
1979-04-25-norwich-city-h,1979-04-25,1604.74,1611.61,1506.17,0.7136
1979-04-28-derby-county-h,1979-04-28,1611.61,1605.77,1486.88,0.7433
1979-04-30-southampton-a,1979-04-30,1605.77,1603.51,1479.32,0.5945
1979-05-05-west-bromwich-albion-a,1979-05-05,1603.51,1594.37,1627.93,0.3808
1979-05-07-wolverhampton-wanderers-h,1979-05-07,1594.37,1602.8,1547.79,0.6487
1979-05-12-arsenal-n,1979-05-12,1602.8,1591.28,1664.95,0.4115
1979-05-16-chelsea-h,1979-05-16,1591.28,1587.22,1529.01,0.669
1979-08-18-southampton-a,1979-08-18,1587.22,1585.65,1481.59,0.5653
1979-08-22-west-bromwich-albion-h,1979-08-22,1585.65,1600.28,1637.07,0.5123
1979-08-25-arsenal-a,1979-08-25,1600.28,1604.76,1676.47,0.3135
1979-08-29-tottenham-hotspur-a,1979-08-29,1604.76,1593.93,1578.84,0.4511
1979-09-01-middlesbrough-h,1979-09-01,1593.93,1601.42,1516.58,0.688
1979-09-05-tottenham-hotspur-h,1979-09-05,1601.42,1613.37,1589.67,0.6018
1979-09-08-aston-villa-a,1979-09-08,1613.37,1631.23,1550.7,0.5038
1979-09-15-derby-county-h,1979-09-15,1631.23,1637.03,1492.72,0.7582
1979-09-22-wolverhampton-wanderers-a,1979-09-22,1637.03,1620.41,1539.36,0.554
1979-09-26-norwich-city-a,1979-09-26,1620.41,1599.28,1499.29,0.5871
1979-09-29-stoke-city-h,1979-09-29,1599.28,1616.71,1599.67,0.585
1979-10-06-brighton-and-hove-albion-h,1979-10-06,1616.71,1624.41,1492.14,0.7432
1979-10-10-west-bromwich-albion-a,1979-10-10,1624.41,1611.9,1622.44,0.4173
1979-10-13-bristol-city-a,1979-10-13,1611.9,1611.11,1528.99,0.5329
1979-10-20-ipswich-town-h,1979-10-20,1611.11,1619.26,1555.79,0.6601
1979-10-27-everton-a,1979-10-27,1619.26,1621,1610,0.4275
1979-11-03-southampton-h,1979-11-03,1621,1626.82,1483.16,0.7575
1979-11-10-manchester-city-a,1979-11-10,1626.82,1612.83,1590.13,0.4665
1979-11-17-crystal-palace-h,1979-11-17,1612.83,1606.23,1458.15,0.7748
1979-11-24-norwich-city-h,1979-11-24,1606.23,1620.71,1520.43,0.6983
1979-12-01-tottenham-hotspur-a,1979-12-01,1620.71,1633.3,1577.73,0.4755
1979-12-08-leeds-united-h,1979-12-08,1633.3,1628.79,1555.84,0.6881
1979-12-15-coventry-city-a,1979-12-15,1628.79,1640.14,1549.92,0.5271
1979-12-22-nottingham-forest-h,1979-12-22,1640.14,1649.95,1529.78,0.7272
1979-12-26-liverpool-a,1979-12-26,1649.95,1636.6,1628.17,0.4452
1979-12-29-arsenal-h,1979-12-29,1636.6,1653.33,1672,0.5353
1980-01-05-tottenham-hotspur-a,1980-01-05,1653.33,1652.19,1565.14,0.5405
1980-01-09-tottenham-hotspur-h,1980-01-09,1652.19,1632.63,1566.27,0.6985
1980-01-12-middlesbrough-a,1980-01-12,1632.63,1630.46,1509.09,0.5904
1980-02-02-derby-county-a,1980-02-02,1630.46,1641.93,1486.92,0.618
1980-02-09-wolverhampton-wanderers-h,1980-02-09,1641.93,1625.16,1555.98,0.6985
1980-02-16-stoke-city-a,1980-02-16,1625.16,1625.75,1582.24,0.4754
1980-02-23-bristol-city-h,1980-02-23,1625.75,1637.91,1529.78,0.7105
1980-02-27-bolton-wanderers-h,1980-02-27,1637.91,1648.61,1595.39,0.6434
1980-03-01-ipswich-town-a,1980-03-01,1648.61,1618.44,1547.63,0.5587
1980-03-12-everton-h,1980-03-12,1618.44,1616.05,1608.26,0.5996
1980-03-15-brighton-and-hove-albion-a,1980-03-15,1616.05,1613.61,1484.44,0.6016
1980-03-22-manchester-city-h,1980-03-22,1613.61,1623.24,1604.12,0.5987
1980-03-29-crystal-palace-a,1980-03-29,1623.24,1634.1,1464.74,0.6381
1980-04-02-nottingham-forest-a,1980-04-02,1634.1,1616.78,1519.96,0.5773
1980-04-05-liverpool-h,1980-04-05,1616.78,1627.57,1641.52,0.5506
1980-04-07-bolton-wanderers-a,1980-04-07,1627.57,1643.3,1584.69,0.4754
1980-04-12-tottenham-hotspur-h,1980-04-12,1643.3,1655.44,1585.83,0.6629
1980-04-19-norwich-city-a,1980-04-19,1655.44,1666.66,1505.95,0.626
1980-04-23-aston-villa-h,1980-04-23,1666.66,1672.58,1532.84,0.7532
1980-04-26-coventry-city-h,1980-04-26,1672.58,1678.5,1538.57,0.7534
1980-05-03-leeds-united-a,1980-05-03,1678.5,1661.01,1560.36,0.5829
1980-08-16-middlesbrough-h,1980-08-16,1661.01,1669.3,1511.26,0.7698
1980-08-19-wolverhampton-wanderers-a,1980-08-19,1669.3,1656.04,1572.75,0.5524
1980-08-23-birmingham-city-a,1980-08-23,1656.04,1653.84,1531.5,0.5918
1980-08-27-coventry-city-h,1980-08-27,1653.84,1636.09,1532.65,0.7394
1980-08-30-sunderland-h,1980-08-30,1636.09,1631.78,1565.48,0.6796
1980-09-02-coventry-city-a,1980-09-02,1631.78,1619.04,1550.4,0.5307
1980-09-06-tottenham-hotspur-a,1980-09-06,1619.04,1619.55,1573.69,0.4789
1980-09-13-leicester-city-h,1980-09-13,1619.55,1634.84,1547.46,0.6814
1980-09-17-widzew-odz-h,1980-09-17,1634.84,1626.7,1500,0.7543
1980-09-20-leeds-united-a,1980-09-20,1626.7,1627.09,1577.84,0.484
1980-09-27-manchester-city-h,1980-09-27,1627.09,1623.96,1594.49,0.6302
1980-10-01-widzew-odz-a,1980-10-01,1623.96,1621.41,1508.14,0.5797
1980-10-04-nottingham-forest-a,1980-10-04,1621.41,1632.58,1537.28,0.5347
1980-10-08-aston-villa-h,1980-10-08,1632.58,1627.26,1526.91,0.7219
1980-10-11-arsenal-h,1980-10-11,1627.26,1626.16,1655.27,0.5459
1980-10-18-ipswich-town-a,1980-10-18,1626.16,1626.56,1577.8,0.4832
1980-10-22-stoke-city-a,1980-10-22,1626.56,1639.08,1581.65,0.4783
1980-10-25-everton-h,1980-10-25,1639.08,1650.34,1610.65,0.6246
1980-11-01-crystal-palace-a,1980-11-01,1650.34,1633.86,1453.88,0.6869
1980-11-08-coventry-city-h,1980-11-08,1633.86,1629.54,1563.13,0.6797
1980-11-12-wolverhampton-wanderers-h,1980-11-12,1629.54,1626.07,1586,0.6447
1980-11-15-middlesbrough-a,1980-11-15,1626.07,1623.91,1502.97,0.5898
1980-11-22-brighton-and-hove-albion-a,1980-11-22,1623.91,1637.99,1486.88,0.6091
1980-11-29-southampton-h,1980-11-29,1637.99,1631.25,1477.34,0.7808
1980-12-06-norwich-city-a,1980-12-06,1631.25,1628.65,1494.73,0.6084
1980-12-13-stoke-city-h,1980-12-13,1628.65,1624.67,1569.13,0.6655
1980-12-20-arsenal-a,1980-12-20,1624.67,1615.77,1656.37,0.371
1980-12-26-liverpool-h,1980-12-26,1615.77,1614.22,1630.74,0.5644
1980-12-27-west-bromwich-albion-a,1980-12-27,1614.22,1602.65,1634.96,0.3859
1981-01-03-brighton-and-hove-albion-h,1981-01-03,1602.65,1595.68,1472.8,0.7489
1981-01-07-brighton-and-hove-albion-a,1981-01-07,1595.68,1610.39,1479.77,0.5798
1981-01-10-brighton-and-hove-albion-h,1981-01-10,1610.39,1616.02,1465.06,0.7653
1981-01-24-nottingham-forest-a,1981-01-24,1616.02,1600.82,1526.11,0.5429
1981-01-28-sunderland-a,1981-01-28,1600.82,1587.06,1569.79,0.4584
1981-01-31-birmingham-city-h,1981-01-31,1587.06,1597.34,1533.71,0.6576
1981-02-07-leicester-city-a,1981-02-07,1597.34,1585.16,1532.17,0.5074
1981-02-17-tottenham-hotspur-h,1981-02-17,1585.16,1582.71,1573.19,0.6021
1981-02-21-manchester-city-a,1981-02-21,1582.71,1573.26,1597.62,0.3938
1981-02-28-leeds-united-h,1981-02-28,1573.26,1559.35,1577.46,0.5796
1981-03-07-southampton-a,1981-03-07,1559.35,1546.82,1484.08,0.522
1981-03-14-aston-villa-a,1981-03-14,1546.82,1548.38,1532.24,0.435
1981-03-18-nottingham-forest-h,1981-03-18,1548.38,1546.09,1541.31,0.5953
1981-03-21-ipswich-town-h,1981-03-21,1546.09,1557.1,1577.4,0.5412
1981-03-28-everton-a,1981-03-28,1557.1,1572.54,1599.39,0.3569
1981-04-04-crystal-palace-h,1981-04-04,1572.54,1579.31,1470.37,0.7178
1981-04-11-coventry-city-a,1981-04-11,1579.31,1596.37,1567.45,0.4312
1981-04-14-liverpool-a,1981-04-14,1596.37,1611.6,1632.28,0.3654
1981-04-18-west-bromwich-albion-h,1981-04-18,1611.6,1622.74,1646.54,0.536
1981-04-25-norwich-city-h,1981-04-25,1622.74,1628.88,1497.33,0.7441
1981-08-29-coventry-city-a,1981-08-29,1628.88,1616.24,1550.38,0.5266
1981-08-31-nottingham-forest-h,1981-08-31,1616.24,1611.87,1543.6,0.6821
1981-09-05-ipswich-town-h,1981-09-05,1611.87,1596.34,1566.39,0.6473
1981-09-12-aston-villa-a,1981-09-12,1596.34,1596.14,1530.68,0.5081
1981-09-19-swansea-city-h,1981-09-19,1596.14,1603.03,1497.9,0.7132
1981-09-22-middlesbrough-a,1981-09-22,1603.03,1616.4,1505.13,0.5543
1981-09-26-arsenal-a,1981-09-26,1616.4,1620.04,1665.28,0.3482
1981-09-30-leeds-united-h,1981-09-30,1620.04,1629.04,1591.37,0.6249
1981-10-03-wolverhampton-wanderers-h,1981-10-03,1629.04,1646.34,1589.48,0.6395
1981-10-07-tottenham-hotspur-a,1981-10-07,1646.34,1633.98,1575.64,0.5154
1981-10-10-manchester-city-a,1981-10-10,1633.98,1635.11,1607.07,0.4525
1981-10-17-birmingham-city-h,1981-10-17,1635.11,1629.62,1523.43,0.7287
1981-10-21-middlesbrough-h,1981-10-21,1629.62,1635.44,1491.76,0.7575
1981-10-24-liverpool-a,1981-10-24,1635.44,1648.88,1617.05,0.4404
1981-10-28-tottenham-hotspur-h,1981-10-28,1648.88,1632.86,1588.01,0.6672
1981-10-31-notts-county-h,1981-10-31,1632.86,1638.34,1481.45,0.7715
1981-11-07-sunderland-a,1981-11-07,1638.34,1659.66,1583.54,0.4925
1981-11-21-tottenham-hotspur-a,1981-11-21,1659.66,1644.85,1604.02,0.4937
1981-11-28-brighton-and-hove-albion-h,1981-11-28,1644.85,1650.72,1459.43,0.8042
1981-12-05-southampton-a,1981-12-05,1650.72,1635.55,1496.6,0.6322
1982-01-02-watford-a,1982-01-02,1635.55,1618.45,1497.39,0.6106
1982-01-06-everton-h,1982-01-06,1618.45,1615.26,1583.96,0.6327
1982-01-23-stoke-city-a,1982-01-23,1615.26,1634.19,1573.1,0.4744
1982-01-27-west-ham-united-h,1982-01-27,1634.19,1642.73,1591.04,0.6442
1982-01-30-swansea-city-a,1982-01-30,1642.73,1623.86,1491.01,0.629
1982-02-06-aston-villa-h,1982-02-06,1623.86,1634.41,1530.87,0.707
1982-02-13-wolverhampton-wanderers-a,1982-02-13,1634.41,1646.33,1572.17,0.5032
1982-02-20-arsenal-h,1982-02-20,1646.33,1644.79,1661.63,0.564
1982-02-27-manchester-city-h,1982-02-27,1644.79,1641.47,1605.93,0.6386
1982-03-06-birmingham-city-a,1982-03-06,1641.47,1651.67,1528.92,0.575
1982-03-17-coventry-city-h,1982-03-17,1651.67,1634.82,1563.02,0.7018
1982-03-20-notts-county-a,1982-03-20,1634.82,1645.67,1475.96,0.6386
1982-03-27-sunderland-h,1982-03-27,1645.67,1640.98,1562.23,0.6954
1982-04-03-leeds-united-a,1982-04-03,1640.98,1641.03,1582.37,0.498
1982-04-07-liverpool-h,1982-04-07,1641.03,1625.75,1603.62,0.6366
1982-04-10-everton-a,1982-04-10,1625.75,1626.48,1587.14,0.4692
1982-04-12-west-bromwich-albion-h,1982-04-12,1626.48,1636.73,1635.4,0.573
1982-04-17-tottenham-hotspur-h,1982-04-17,1636.73,1648.42,1618.83,0.6103
1982-04-20-ipswich-town-a,1982-04-20,1648.42,1636.2,1581.92,0.5094
1982-04-24-brighton-and-hove-albion-a,1982-04-24,1636.2,1644.13,1453.56,0.6695
1982-05-01-southampton-h,1982-05-01,1644.13,1650.09,1511.78,0.7516
1982-05-05-nottingham-forest-a,1982-05-05,1650.09,1660.65,1547.97,0.5603
1982-05-08-west-ham-united-a,1982-05-08,1660.65,1660.02,1582.5,0.5261
1982-05-12-west-bromwich-albion-a,1982-05-12,1660.02,1679.32,1625.15,0.4639
1982-05-15-stoke-city-h,1982-05-15,1679.32,1687.01,1554.18,0.7438
1982-08-28-birmingham-city-h,1982-08-28,1687.01,1694.63,1518.72,0.7882
1982-09-01-nottingham-forest-a,1982-09-01,1694.63,1707.72,1537.42,0.6364
1982-09-04-west-bromwich-albion-a,1982-09-04,1707.72,1690.92,1605.85,0.56
1982-09-08-everton-h,1982-09-08,1690.92,1697.63,1586.4,0.7205
1982-09-11-ipswich-town-h,1982-09-11,1697.63,1706.05,1594.15,0.7193
1982-09-15-valencia-cf-h,1982-09-15,1706.05,1695.74,1500,0.8222
1982-09-18-southampton-a,1982-09-18,1695.74,1703.45,1505.82,0.6787
1982-09-25-arsenal-h,1982-09-25,1703.45,1700.08,1663.17,0.6404
1982-09-29-valencia-cf-a,1982-09-29,1700.08,1678.37,1510.31,0.6785
1982-10-02-luton-town-a,1982-10-02,1678.37,1672.18,1420.24,0.7578
1982-10-06-bournemouth-h,1982-10-06,1672.18,1677.93,1482.2,0.8083
1982-10-09-stoke-city-h,1982-10-09,1677.93,1683.92,1546.49,0.7506
1982-10-16-liverpool-a,1982-10-16,1683.92,1683.74,1618.9,0.5072
1982-10-23-manchester-city-h,1982-10-23,1683.74,1679.32,1609.25,0.6844
1982-10-26-bournemouth-a,1982-10-26,1679.32,1674.64,1476.45,0.6947
1982-10-30-west-ham-united-a,1982-10-30,1674.64,1658.29,1583.13,0.5452
1982-11-06-brighton-and-hove-albion-a,1982-11-06,1658.29,1641.33,1445.63,0.7066
1982-11-10-bradford-city-a,1982-11-10,1641.33,1637.77,1475.05,0.6483
1982-11-13-tottenham-hotspur-h,1982-11-13,1637.77,1646.71,1607.14,0.6275
1982-11-20-aston-villa-a,1982-11-20,1646.71,1632.44,1520.32,0.5944
1982-11-24-bradford-city-h,1982-11-24,1632.44,1640.58,1478.61,0.774
1982-11-27-norwich-city-h,1982-11-27,1640.58,1648.88,1491.19,0.7695
1982-12-01-southampton-h,1982-12-01,1648.88,1655.75,1498.11,0.7709
1982-12-04-watford-a,1982-12-04,1655.75,1664.99,1514.48,0.6149
1982-12-11-notts-county-h,1982-12-11,1664.99,1672.68,1465.12,0.817
1982-12-18-swansea-city-a,1982-12-18,1672.68,1669.23,1509.88,0.6438
1982-12-27-sunderland-h,1982-12-27,1669.23,1664,1566.92,0.718
1982-12-28-coventry-city-a,1982-12-28,1664,1644.75,1579.86,0.5347
1983-01-01-aston-villa-h,1983-01-01,1644.75,1652.94,1534.59,0.727
1983-01-03-west-bromwich-albion-h,1983-01-03,1652.94,1649.89,1622.65,0.6271
1983-01-08-west-ham-united-h,1983-01-08,1649.89,1662.01,1599.48,0.6537
1983-01-15-birmingham-city-a,1983-01-15,1662.01,1670.94,1511.1,0.6279
1983-01-19-nottingham-forest-h,1983-01-19,1670.94,1680.74,1524.33,0.7666
1983-01-22-nottingham-forest-h,1983-01-22,1680.74,1687.15,1514.53,0.7862
1983-01-29-luton-town-a,1983-01-29,1687.15,1695.54,1426.43,0.7605
1983-02-05-ipswich-town-a,1983-02-05,1695.54,1693.83,1585.73,0.5712
1983-02-15-arsenal-a,1983-02-15,1693.83,1710.24,1666.54,0.4531
1983-02-19-derby-county-a,1983-02-19,1710.24,1717.73,1475.46,0.7323
1983-02-23-arsenal-h,1983-02-23,1717.73,1725.51,1650.13,0.6758
1983-02-26-liverpool-h,1983-02-26,1725.51,1720.17,1619.07,0.7227
1983-03-02-stoke-city-a,1983-03-02,1720.17,1704.19,1540.5,0.6657
1983-03-05-manchester-city-a,1983-03-05,1704.19,1715.14,1613.68,0.5438
1983-03-12-everton-h,1983-03-12,1715.14,1722,1579.7,0.7549
1983-03-19-brighton-and-hove-albion-h,1983-03-19,1722,1713.29,1462.58,0.8628
1983-03-22-west-ham-united-h,1983-03-22,1713.29,1719.42,1587.36,0.7447
1983-03-26-liverpool-n,1983-03-26,1719.42,1704.22,1624.42,0.6334
1983-04-02-coventry-city-h,1983-04-02,1704.22,1714.26,1599.11,0.7212
1983-04-04-sunderland-a,1983-04-04,1714.26,1711.47,1572.15,0.616
1983-04-09-southampton-h,1983-04-09,1711.47,1703.46,1491.23,0.8339
1983-04-16-arsenal-n,1983-04-16,1703.46,1715.02,1642.35,0.587
1983-04-19-everton-a,1983-04-19,1715.02,1696.54,1572.83,0.6161
1983-04-23-watford-h,1983-04-23,1696.54,1702.26,1505.24,0.8095
1983-04-30-norwich-city-a,1983-04-30,1702.26,1697.11,1482.89,0.7145
1983-05-02-arsenal-a,1983-05-02,1697.11,1678.78,1630.79,0.5091
1983-05-07-swansea-city-h,1983-05-07,1678.78,1683.93,1513.33,0.7855
1983-05-09-luton-town-h,1983-05-09,1683.93,1688.71,1418.05,0.8671
1983-05-11-tottenham-hotspur-a,1983-05-11,1688.71,1672.4,1598.2,0.5438
1983-05-14-notts-county-a,1983-05-14,1672.4,1655.37,1457.43,0.7093
1983-05-21-brighton-and-hove-albion-n,1983-05-21,1655.37,1648.58,1471.29,0.7426
1983-05-26-brighton-and-hove-albion-n,1983-05-26,1648.58,1661.94,1478.08,0.7274
1983-08-20-liverpool-n,1983-08-20,1661.94,1673.64,1639.62,0.5321
1983-08-27-queens-park-rangers-h,1983-08-27,1673.64,1679.35,1482.43,0.8094
1983-08-29-nottingham-forest-h,1983-08-29,1679.35,1660.37,1508.11,0.791
1983-09-03-stoke-city-a,1983-09-03,1660.37,1670.86,1556.48,0.5628
1983-09-06-arsenal-a,1983-09-06,1670.86,1684.18,1649.12,0.4452
1983-09-10-luton-town-h,1983-09-10,1684.18,1688.06,1413.26,0.8704
1983-09-14-dukla-prague-h,1983-09-14,1688.06,1678.66,1513.82,0.7939
1983-09-17-southampton-a,1983-09-17,1678.66,1654.71,1499.24,0.6654
1983-09-24-liverpool-h,1983-09-24,1654.71,1663.77,1627.92,0.6224
1983-09-27-dukla-prague-a,1983-09-27,1663.77,1660.13,1523.23,0.6139
1983-10-01-norwich-city-a,1983-10-01,1660.13,1656.38,1488.04,0.6559
1983-10-03-port-vale-a,1983-10-03,1656.38,1661.52,1370.43,0.786
1983-10-15-west-bromwich-albion-h,1983-10-15,1661.52,1674.68,1625.7,0.6345
1983-10-19-pfc-spartak-1918-a,1983-10-19,1674.68,1685.58,1500,0.6593
1983-10-22-sunderland-a,1983-10-22,1685.58,1695.84,1574.93,0.5724
1983-10-26-port-vale-h,1983-10-26,1695.84,1698.71,1365.29,0.9045
1983-10-29-wolverhampton-wanderers-h,1983-10-29,1698.71,1707.42,1560.25,0.7581
1983-11-02-pfc-spartak-1918-h,1983-11-02,1707.42,1714.12,1489.1,0.8323
1983-11-05-aston-villa-h,1983-11-05,1714.12,1694.77,1526.4,0.8063
1983-11-08-colchester-united-a,1983-11-08,1694.77,1703.75,1486.87,0.7009
1983-11-12-leicester-city-a,1983-11-12,1703.75,1700.41,1544.35,0.6393
1983-11-19-watford-h,1983-11-19,1700.41,1706.96,1499.52,0.8178
1983-11-27-west-ham-united-a,1983-11-27,1706.96,1704.72,1581.24,0.5935
1983-11-30-oxford-united-a,1983-11-30,1704.72,1699.57,1485.21,0.7147
1983-12-03-everton-h,1983-12-03,1699.57,1682.17,1591.32,0.7248
1983-12-07-oxford-united-h,1983-12-07,1682.17,1674.73,1490.36,0.8099
1983-12-10-ipswich-town-a,1983-12-10,1674.73,1688.56,1587.43,0.5392
1983-12-16-tottenham-hotspur-h,1983-12-16,1688.56,1698.04,1614.52,0.6839
1983-12-19-oxford-united-a,1983-12-19,1698.04,1681.44,1497.8,0.6915
1983-12-26-coventry-city-a,1983-12-26,1681.44,1680.33,1589.07,0.5464
1983-12-27-notts-county-h,1983-12-27,1680.33,1672.6,1474.46,0.8221
1983-12-31-stoke-city-h,1983-12-31,1672.6,1678.71,1545.99,0.7454
1984-01-02-liverpool-a,1984-01-02,1678.71,1678.72,1618.86,0.4998
1984-01-07-bournemouth-a,1984-01-07,1678.72,1654.63,1481.13,0.6883
1984-01-13-queens-park-rangers-a,1984-01-13,1654.63,1650.7,1476.71,0.6635
1984-01-21-southampton-h,1984-01-21,1650.7,1656.79,1523.2,0.7464
1984-02-04-norwich-city-h,1984-02-04,1656.79,1649.95,1491.78,0.785
1984-02-07-birmingham-city-a,1984-02-07,1649.95,1646.98,1502.17,0.6237
1984-02-12-luton-town-a,1984-02-12,1646.98,1659.68,1409.38,0.7354
1984-02-18-wolverhampton-wanderers-a,1984-02-18,1659.68,1658.03,1551.54,0.5688
1984-02-25-sunderland-h,1984-02-25,1658.03,1665.05,1564.67,0.7074
1984-03-03-aston-villa-a,1984-03-03,1665.05,1680.01,1545.75,0.5845
1984-03-07-barcelona-a,1984-03-07,1680.01,1653.36,1500,0.6661
1984-03-10-leicester-city-h,1984-03-10,1653.36,1661.71,1547.69,0.7219
1984-03-17-arsenal-h,1984-03-17,1661.71,1677.62,1635.8,0.6212
1984-03-21-barcelona-h,1984-03-21,1677.62,1688.6,1526.65,0.7711
1984-03-31-west-bromwich-albion-a,1984-03-31,1688.6,1672.91,1612.54,0.5231
1984-04-07-birmingham-city-h,1984-04-07,1672.91,1678.01,1505.14,0.7877
1984-04-11-juventus-h,1984-04-11,1678.01,1669.24,1524.28,0.7739
1984-04-14-notts-county-a,1984-04-14,1669.24,1653.04,1482.19,0.6751
1984-04-17-watford-a,1984-04-17,1653.04,1649.68,1492.97,0.6402
1984-04-21-coventry-city-h,1984-04-21,1649.68,1661.72,1590.19,0.6655
1984-04-25-juventus-a,1984-04-25,1661.72,1642.6,1533.04,0.5976
1984-04-28-west-ham-united-h,1984-04-28,1642.6,1638.64,1583.48,0.665
1984-05-05-everton-a,1984-05-05,1638.64,1639.67,1608.71,0.4568
1984-05-07-ipswich-town-h,1984-05-07,1639.67,1623.5,1573.61,0.6739
1984-05-12-tottenham-hotspur-a,1984-05-12,1623.5,1624.93,1605.03,0.4405
1984-05-16-nottingham-forest-a,1984-05-16,1624.93,1608.3,1527.1,0.5542
1984-08-25-watford-h,1984-08-25,1608.3,1602.8,1496.33,0.7291
1984-08-28-southampton-a,1984-08-28,1602.8,1601.92,1517.11,0.5369
1984-09-01-ipswich-town-a,1984-09-01,1601.92,1603.56,1589.78,0.4315
1984-09-05-chelsea-h,1984-09-05,1603.56,1599.25,1533.07,0.6794
1984-09-08-newcastle-united-h,1984-09-08,1599.25,1613.88,1516.03,0.6952
1984-09-15-coventry-city-a,1984-09-15,1613.88,1633.14,1578.15,0.4651
1984-09-19-gyori-eto-h,1984-09-19,1633.14,1645.02,1500,0.7525
1984-09-22-liverpool-h,1984-09-22,1645.02,1642.11,1618.85,0.6215
1984-09-26-burnley-h,1984-09-26,1642.11,1653.39,1528.21,0.7313
1984-09-29-west-bromwich-albion-a,1984-09-29,1653.39,1666.59,1628.24,0.45
1984-10-03-gyori-eto-a,1984-10-03,1666.59,1661.34,1488.12,0.6642
1984-10-06-aston-villa-a,1984-10-06,1661.34,1639.73,1530.79,0.6001
1984-10-09-burnley-a,1984-10-09,1639.73,1654.51,1516.92,0.5894
1984-10-13-west-ham-united-h,1984-10-13,1654.51,1668.16,1587.44,0.6751
1984-10-20-tottenham-hotspur-h,1984-10-20,1668.16,1676.03,1603.6,0.6719
1984-10-24-psv-eindhoven-a,1984-10-24,1676.03,1670.88,1500,0.661
1984-10-27-everton-a,1984-10-27,1670.88,1646.66,1607.68,0.5046
1984-10-30-everton-h,1984-10-30,1646.66,1632.11,1631.9,0.606
1984-11-02-arsenal-h,1984-11-02,1632.11,1644.04,1619.89,0.6025
1984-11-07-psv-eindhoven-h,1984-11-07,1644.04,1651.77,1505.15,0.7586
1984-11-10-leicester-city-a,1984-11-10,1651.77,1661.97,1539.34,0.5749
1984-11-17-luton-town-h,1984-11-17,1661.97,1665.97,1396.68,0.8668
1984-11-24-sunderland-a,1984-11-24,1665.97,1652.31,1557.65,0.5691
1984-11-28-dundee-united-h,1984-11-28,1652.31,1643.59,1500,0.7724
1984-12-01-norwich-city-h,1984-12-01,1643.59,1650.64,1498.62,0.7649
1984-12-08-nottingham-forest-a,1984-12-08,1650.64,1637.03,1543.72,0.5671
1984-12-12-dundee-united-a,1984-12-12,1637.03,1649.92,1508.72,0.5971
1984-12-15-queens-park-rangers-h,1984-12-15,1649.92,1657.51,1480.63,0.7892
1984-12-22-ipswich-town-h,1984-12-22,1657.51,1669.11,1588.14,0.678
1984-12-26-stoke-city-a,1984-12-26,1669.11,1654.75,1539.88,0.5983
1984-12-29-chelsea-a,1984-12-29,1654.75,1667.29,1537.38,0.5818
1985-01-01-sheffield-wednesday-h,1985-01-01,1667.29,1649.71,1552.15,0.7327
1985-01-05-bournemouth-h,1985-01-05,1649.71,1659.6,1505.21,0.7644
1985-01-12-coventry-city-h,1985-01-12,1659.6,1642.42,1558.89,0.7161
1985-01-26-coventry-city-h,1985-01-26,1642.42,1651.54,1576.08,0.6742
1985-02-02-west-bromwich-albion-h,1985-02-02,1651.54,1662.47,1615.04,0.6354
1985-02-09-newcastle-united-a,1985-02-09,1662.47,1659.08,1501.4,0.6415
1985-02-15-blackburn-rovers-a,1985-02-15,1659.08,1672.56,1517.78,0.6149
1985-02-23-arsenal-a,1985-02-23,1672.56,1684.4,1607.96,0.5066
1985-03-02-everton-h,1985-03-02,1684.4,1681.1,1646.44,0.6374
1985-03-06-fehervar-h,1985-03-06,1681.1,1687.49,1500,0.8003
1985-03-09-west-ham-united-h,1985-03-09,1687.49,1696.91,1573.79,0.731
1985-03-12-tottenham-hotspur-a,1985-03-12,1696.91,1707.49,1595.73,0.559
1985-03-15-west-ham-united-a,1985-03-15,1707.49,1704.68,1564.38,0.6174
1985-03-20-fehervar-a,1985-03-20,1704.68,1682.13,1493.61,0.7047
1985-03-23-aston-villa-h,1985-03-23,1682.13,1692.68,1552.4,0.7488
1985-03-31-liverpool-a,1985-03-31,1692.68,1704.3,1621.77,0.5157
1985-04-03-leicester-city-h,1985-04-03,1704.3,1709.23,1529.14,0.7947
1985-04-06-stoke-city-h,1985-04-06,1709.23,1720.02,1554.24,0.7751
1985-04-09-sheffield-wednesday-a,1985-04-09,1720.02,1704.97,1569.73,0.6271
1985-04-13-liverpool-n,1985-04-13,1704.97,1701.24,1610.15,0.6332
1985-04-17-liverpool-n,1985-04-17,1701.24,1711.79,1613.88,0.6231
1985-04-21-luton-town-a,1985-04-21,1711.79,1692.2,1392.68,0.8163
1985-04-24-southampton-h,1985-04-24,1692.2,1685.15,1518,0.7938
1985-04-27-sunderland-h,1985-04-27,1685.15,1679.6,1571.31,0.7312
1985-05-04-norwich-city-a,1985-05-04,1679.6,1687.37,1491.57,0.6763
1985-05-06-nottingham-forest-h,1985-05-06,1687.37,1694.89,1557.33,0.7491
1985-05-11-queens-park-rangers-a,1985-05-11,1694.89,1703.37,1473.04,0.7174
1985-05-13-watford-a,1985-05-13,1703.37,1674.26,1501.83,0.6931
1985-05-18-everton-n,1985-05-18,1674.26,1687.27,1649.74,0.5352
1985-08-10-everton-n,1985-08-10,1687.27,1672.97,1636.72,0.5722
1985-08-17-aston-villa-h,1985-08-17,1672.97,1683.46,1541.85,0.7503
1985-08-20-ipswich-town-a,1985-08-20,1683.46,1693.85,1576.55,0.5671
1985-08-24-arsenal-a,1985-08-24,1693.85,1704.55,1596.12,0.5541
1985-08-26-west-ham-united-h,1985-08-26,1704.55,1711.84,1567.2,0.757
1985-08-31-nottingham-forest-a,1985-08-31,1711.84,1722.56,1549.81,0.6428
1985-09-04-newcastle-united-h,1985-09-04,1722.56,1728.61,1504.79,0.8319
1985-09-07-oxford-united-h,1985-09-07,1728.61,1734.77,1514.4,0.829
1985-09-14-manchester-city-a,1985-09-14,1734.77,1749.09,1602.73,0.6022
1985-09-18-everton-h,1985-09-18,1749.09,1731.26,1651.03,0.713
1985-09-21-west-bromwich-albion-a,1985-09-21,1731.26,1748.25,1604.1,0.5955
1985-09-24-crystal-palace-a,1985-09-24,1748.25,1753.42,1463.6,0.7847
1985-09-28-southampton-h,1985-09-28,1753.42,1757.25,1525.05,0.8402
1985-10-05-luton-town-a,1985-10-05,1757.25,1749.15,1412.27,0.8376
1985-10-09-crystal-palace-h,1985-10-09,1749.15,1751.97,1458.43,0.8828
1985-10-12-queens-park-rangers-h,1985-10-12,1751.97,1755.54,1464.56,0.8808
1985-10-19-liverpool-h,1985-10-19,1755.54,1749.01,1603.32,0.7723
1985-10-26-chelsea-a,1985-10-26,1749.01,1755.72,1524.83,0.7201
1985-10-29-west-ham-united-h,1985-10-29,1755.72,1760.2,1559.91,0.8135
1985-11-02-coventry-city-h,1985-11-02,1760.2,1765.86,1566.96,0.8112
1985-11-06-norwich-city-h,1985-11-06,1765.86,1758.31,1483.8,0.8775
1985-11-09-sheffield-wednesday-a,1985-11-09,1758.31,1742.53,1584.78,0.6578
1985-11-16-tottenham-hotspur-h,1985-11-16,1742.53,1735.87,1585.15,0.7775
1985-11-23-leicester-city-a,1985-11-23,1735.87,1710.47,1524.21,0.7054
1985-11-26-liverpool-a,1985-11-26,1710.47,1697.08,1609.86,0.5582
1985-11-30-watford-h,1985-11-30,1697.08,1690.21,1530.94,0.7861
1985-12-04-everton-a,1985-12-04,1690.21,1681.32,1668.85,0.4446
1985-12-07-ipswich-town-h,1985-12-07,1681.32,1687.73,1566.16,0.7327
1985-12-11-norwich-city-a,1985-12-11,1687.73,1684,1491.35,0.6868
1985-12-14-aston-villa-a,1985-12-14,1684,1695.09,1531.36,0.6302
1985-12-21-arsenal-h,1985-12-21,1695.09,1677.65,1585.42,0.7265
1985-12-26-everton-a,1985-12-26,1677.65,1665.22,1677.75,0.4144
1986-01-01-birmingham-city-h,1986-01-01,1665.22,1670.38,1500.04,0.7852
1986-01-09-rochdale-h,1986-01-09,1670.38,1677.72,1500,0.7902
1986-01-11-oxford-united-a,1986-01-11,1677.72,1688.15,1508.24,0.6525
1986-01-18-nottingham-forest-h,1986-01-18,1688.15,1669.69,1539.09,0.7691
1986-01-25-sunderland-a,1986-01-25,1669.69,1668.37,1576.85,0.5471
1986-01-29-sunderland-h,1986-01-29,1668.37,1680.82,1578.17,0.7036
1986-02-02-west-ham-united-a,1986-02-02,1680.82,1666.58,1555.43,0.593
1986-02-09-liverpool-a,1986-02-09,1666.58,1667.16,1623.26,0.476
1986-02-22-west-bromwich-albion-h,1986-02-22,1667.16,1678.27,1587.11,0.6913
1986-03-01-southampton-a,1986-03-01,1678.27,1663,1521.22,0.6362
1986-03-05-west-ham-united-a,1986-03-05,1663,1661.66,1569.66,0.5478
1986-03-09-west-ham-united-h,1986-03-09,1661.66,1637.02,1571,0.7042
1986-03-15-queens-park-rangers-a,1986-03-15,1637.02,1621.15,1460.99,0.661
1986-03-19-luton-town-h,1986-03-19,1621.15,1626.62,1420.37,0.8177
1986-03-22-manchester-city-h,1986-03-22,1626.62,1623.32,1588.41,0.6377
1986-03-29-birmingham-city-a,1986-03-29,1623.32,1620.98,1494.89,0.5972
1986-03-31-everton-h,1986-03-31,1620.98,1621.3,1690.18,0.4868
1986-04-05-coventry-city-a,1986-04-05,1621.3,1636.3,1561.29,0.5
1986-04-09-chelsea-h,1986-04-09,1636.3,1618.63,1518.11,0.7361
1986-04-13-sheffield-wednesday-h,1986-04-13,1618.63,1600.32,1600.57,0.6105
1986-04-16-newcastle-united-a,1986-04-16,1600.32,1613.53,1498.74,0.5596
1986-04-19-tottenham-hotspur-a,1986-04-19,1613.53,1614.85,1591.81,0.4451
1986-04-26-leicester-city-h,1986-04-26,1614.85,1628.59,1549.61,0.6728
1986-05-03-watford-a,1986-05-03,1628.59,1627.53,1537.81,0.5442
1986-08-23-arsenal-a,1986-08-23,1627.53,1616.75,1602.85,0.4493
1986-08-25-west-ham-united-h,1986-08-25,1616.75,1602,1595.65,0.6146
1986-08-30-charlton-athletic-h,1986-08-30,1602,1583.69,1459.08,0.7628
1986-09-06-leicester-city-a,1986-09-06,1583.69,1584.11,1535.87,0.4825
1986-09-13-southampton-h,1986-09-13,1584.11,1598.8,1536.48,0.6501
1986-09-16-watford-a,1986-09-16,1598.8,1586.81,1538.87,0.4999
1986-09-21-everton-a,1986-09-21,1586.81,1578.37,1689.86,0.2812
1986-09-24-port-vale-h,1986-09-24,1578.37,1583.46,1362.42,0.8304
1986-09-28-chelsea-h,1986-09-28,1583.46,1567.85,1535.78,0.6502
1986-10-04-nottingham-forest-a,1986-10-04,1567.85,1569.56,1557.55,0.429
1986-10-07-port-vale-a,1986-10-07,1569.56,1580.14,1357.34,0.706
1986-10-11-sheffield-wednesday-h,1986-10-11,1580.14,1594.22,1618.88,0.5306
1986-10-18-luton-town-h,1986-10-18,1594.22,1599.06,1414.91,0.7986
1986-10-26-manchester-city-a,1986-10-26,1599.06,1600.86,1591.72,0.4248
1986-10-29-southampton-h,1986-10-29,1600.86,1596.3,1521.79,0.6901
1986-11-01-coventry-city-h,1986-11-01,1596.3,1592.62,1546.29,0.6532
1986-11-04-southampton-a,1986-11-04,1592.62,1574.3,1526.35,0.509
1986-11-08-oxford-united-a,1986-11-08,1574.3,1558.59,1497.82,0.5237
1986-11-15-norwich-city-a,1986-11-15,1558.59,1558.47,1495.08,0.505
1986-11-22-queens-park-rangers-h,1986-11-22,1558.47,1565.83,1476.85,0.6932
1986-11-29-wimbledon-a,1986-11-29,1565.83,1553.63,1500,0.5084
1986-12-07-tottenham-hotspur-h,1986-12-07,1553.63,1552.83,1590.49,0.5332
1986-12-13-aston-villa-a,1986-12-13,1552.83,1553.78,1520.27,0.4606
1986-12-20-leicester-city-h,1986-12-20,1553.78,1565.45,1535.45,0.6109
1986-12-26-liverpool-a,1986-12-26,1565.45,1581.35,1622.68,0.3374
1986-12-27-norwich-city-h,1986-12-27,1581.35,1564.58,1495.21,0.6987
1987-01-01-newcastle-united-h,1987-01-01,1564.58,1575.74,1485.53,0.6901
1987-01-03-southampton-a,1987-01-03,1575.74,1576.74,1544.67,0.4585
1987-01-10-manchester-city-h,1987-01-10,1576.74,1588.86,1589.91,0.567
1987-01-24-arsenal-h,1987-01-24,1588.86,1602.35,1613.64,0.5505
1987-01-31-coventry-city-h,1987-01-31,1602.35,1583.97,1549.97,0.6563
1987-02-07-charlton-athletic-a,1987-02-07,1583.97,1582.37,1477.38,0.5666
1987-02-14-watford-h,1987-02-14,1582.37,1593.51,1550.86,0.6287
1987-02-21-chelsea-a,1987-02-21,1593.51,1594.12,1551.38,0.4743
1987-02-28-everton-h,1987-02-28,1594.12,1595.64,1698.3,0.4368
1987-03-07-manchester-city-h,1987-03-07,1595.64,1607.34,1577.79,0.6102
1987-03-14-luton-town-a,1987-03-14,1607.34,1590.83,1410.07,0.6879
1987-03-21-sheffield-wednesday-a,1987-03-21,1590.83,1581.34,1604.8,0.3951
1987-03-28-nottingham-forest-h,1987-03-28,1581.34,1592.73,1555.85,0.6206
1987-04-04-oxford-united-h,1987-04-04,1592.73,1600.16,1513.53,0.6902
1987-04-14-west-ham-united-a,1987-04-14,1600.16,1602.55,1610.4,0.4003
1987-04-18-newcastle-united-a,1987-04-18,1602.55,1588.23,1474.37,0.5969
1987-04-20-liverpool-h,1987-04-20,1588.23,1598.8,1606.78,0.5594
1987-04-25-queens-park-rangers-a,1987-04-25,1598.8,1596.44,1469.49,0.5984
1987-05-02-wimbledon-h,1987-05-02,1596.44,1579.73,1512.2,0.6964
1987-05-04-tottenham-hotspur-a,1987-05-04,1579.73,1562.99,1591.29,0.3984
1987-05-06-coventry-city-a,1987-05-06,1562.99,1565.22,1568.35,0.407
1987-05-09-aston-villa-h,1987-05-09,1565.22,1575.79,1519.32,0.6479
1987-08-15-southampton-a,1987-08-15,1575.79,1576.75,1543.68,0.4599
1987-08-19-arsenal-h,1987-08-19,1576.75,1575.49,1600.15,0.5525
1987-08-22-watford-h,1987-08-22,1575.49,1586.46,1539.73,0.6344
1987-08-29-charlton-athletic-a,1987-08-29,1586.46,1599.42,1478.98,0.5679
1987-08-31-chelsea-h,1987-08-31,1599.42,1609.88,1550.77,0.6515
1987-09-05-coventry-city-a,1987-09-05,1609.88,1610.44,1566.12,0.4766
1987-09-12-newcastle-united-h,1987-09-12,1610.44,1604.68,1488.7,0.74
1987-09-19-everton-a,1987-09-19,1604.68,1597.62,1696.78,0.2941
1987-09-23-hull-city-h,1987-09-23,1597.62,1610.75,1488.03,0.7264
1987-09-26-tottenham-hotspur-h,1987-09-26,1610.75,1620.61,1608.02,0.5893
1987-10-03-luton-town-a,1987-10-03,1620.61,1616.2,1426.58,0.6839
1987-10-07-hull-city-a,1987-10-07,1616.2,1625.44,1474.9,0.6149
1987-10-10-sheffield-wednesday-a,1987-10-10,1625.44,1642.53,1614.28,0.4302
1987-10-17-norwich-city-h,1987-10-17,1642.53,1648.54,1511.98,0.7497
1987-10-25-west-ham-united-a,1987-10-25,1648.54,1649.21,1608.01,0.472
1987-10-28-crystal-palace-h,1987-10-28,1649.21,1653.74,1455.61,0.8115
1987-10-31-nottingham-forest-h,1987-10-31,1653.74,1648.31,1544.46,0.726
1987-11-15-liverpool-h,1987-11-15,1648.31,1644.57,1596.2,0.656
1987-11-18-bury-h,1987-11-18,1644.57,1649.43,1466.51,0.7974
1987-11-21-wimbledon-a,1987-11-21,1649.43,1635.36,1528.92,0.5862
1987-12-05-queens-park-rangers-a,1987-12-05,1635.36,1646.02,1471.85,0.6447
1987-12-12-oxford-united-h,1987-12-12,1646.02,1653.23,1506.09,0.7597
1987-12-19-portsmouth-a,1987-12-19,1653.23,1663.82,1552.25,0.5587
1987-12-26-newcastle-united-a,1987-12-26,1663.82,1648.16,1494.46,0.6524
1987-12-28-everton-h,1987-12-28,1648.16,1660.01,1703.84,0.5062
1988-01-01-charlton-athletic-h,1988-01-01,1660.01,1652.53,1466.02,0.8119
1988-01-02-watford-a,1988-01-02,1652.53,1662.35,1528.76,0.5908
1988-01-10-ipswich-town-a,1988-01-10,1662.35,1674.64,1559.74,0.561
1988-01-16-southampton-h,1988-01-16,1674.64,1652.11,1542.72,0.7512
1988-01-20-oxford-united-a,1988-01-20,1652.11,1633.18,1498.88,0.631
1988-01-24-arsenal-a,1988-01-24,1633.18,1646.15,1601.41,0.4595
1988-01-30-chelsea-h,1988-01-30,1646.15,1655.88,1540.31,0.7221
1988-02-06-coventry-city-h,1988-02-06,1655.88,1662.99,1565.55,0.7038
1988-02-10-derby-county-a,1988-02-10,1662.99,1670.55,1467.96,0.6851
1988-02-13-chelsea-a,1988-02-13,1670.55,1679.83,1530.58,0.6131
1988-02-20-arsenal-a,1988-02-20,1679.83,1664.57,1588.44,0.5451
1988-02-23-tottenham-hotspur-a,1988-02-23,1664.57,1664.35,1598.17,0.5092
1988-03-05-norwich-city-a,1988-03-05,1664.35,1649.04,1505.97,0.6379
1988-03-12-sheffield-wednesday-h,1988-03-12,1649.04,1661.44,1597.19,0.6556
1988-03-19-nottingham-forest-a,1988-03-19,1661.44,1659.67,1549.89,0.5736
1988-03-26-west-ham-united-h,1988-03-26,1659.67,1669.98,1607.33,0.6563
1988-04-02-derby-county-h,1988-04-02,1669.98,1676.28,1460.4,0.8252
1988-04-04-liverpool-a,1988-04-04,1676.28,1675.71,1599.95,0.5235
1988-04-12-luton-town-h,1988-04-12,1675.71,1681.02,1430.99,0.8525
1988-04-30-queens-park-rangers-h,1988-04-30,1681.02,1685.02,1461.19,0.8335
1988-05-02-oxford-united-a,1988-05-02,1685.02,1695.53,1517.82,0.6496
1988-05-07-portsmouth-h,1988-05-07,1695.53,1703.67,1541.66,0.774
1988-05-09-wimbledon-h,1988-05-09,1703.67,1708.93,1542.98,0.7808
1988-08-27-queens-park-rangers-h,1988-08-27,1708.93,1700.35,1457.2,0.8575
1988-09-03-liverpool-a,1988-09-03,1700.35,1686.98,1600.51,0.5571
1988-09-10-middlesbrough-h,1988-09-10,1686.98,1691.35,1485.94,0.818
1988-09-17-luton-town-a,1988-09-17,1691.35,1698.38,1425.68,0.7656
1988-09-24-west-ham-united-h,1988-09-24,1698.38,1706.87,1597.02,0.7168
1988-09-28-rotherham-united-a,1988-09-28,1706.87,1714.12,1501.38,0.6979
1988-10-01-tottenham-hotspur-a,1988-10-01,1714.12,1712.21,1598.39,0.5795
1988-10-12-rotherham-united-h,1988-10-12,1712.21,1720.27,1494.13,0.8321
1988-10-22-wimbledon-a,1988-10-22,1720.27,1716.21,1537.72,0.6694
1988-10-26-norwich-city-h,1988-10-26,1716.21,1696.7,1521.28,0.8127
1988-10-30-everton-a,1988-10-30,1696.7,1698.59,1691.99,0.4211
1988-11-02-wimbledon-a,1988-11-02,1698.59,1683.34,1541.79,0.6358
1988-11-05-aston-villa-h,1988-11-05,1683.34,1676.27,1508.76,0.7942
1988-11-12-derby-county-a,1988-11-12,1676.27,1671.05,1454.11,0.7178
1988-11-19-southampton-h,1988-11-19,1671.05,1665.72,1565.25,0.722
1988-11-23-sheffield-wednesday-h,1988-11-23,1665.72,1661.1,1584.79,0.6924
1988-11-27-newcastle-united-a,1988-11-27,1661.1,1658.03,1510.11,0.628
1988-12-03-charlton-athletic-h,1988-12-03,1658.03,1665.11,1473.5,0.8034
1988-12-10-coventry-city-a,1988-12-10,1665.11,1651.51,1558.45,0.5668
1988-12-17-arsenal-a,1988-12-17,1651.51,1639.93,1603.7,0.4825
1988-12-26-nottingham-forest-h,1988-12-26,1639.93,1648.89,1551.66,0.7013
1989-01-01-liverpool-h,1989-01-01,1648.89,1659.89,1613.88,0.6334
1989-01-02-middlesbrough-a,1989-01-02,1659.89,1643.95,1481.57,0.664
1989-01-07-queens-park-rangers-h,1989-01-07,1643.95,1635.62,1465.78,0.7975
1989-01-11-queens-park-rangers-a,1989-01-11,1635.62,1631.64,1474.11,0.6421
1989-01-14-millwall-h,1989-01-14,1631.64,1638.07,1426.65,0.8213
1989-01-21-west-ham-united-a,1989-01-21,1638.07,1653.52,1588.53,0.485
1989-01-23-queens-park-rangers-h,1989-01-23,1653.52,1662.13,1478.09,0.795
1989-01-28-oxford-united-h,1989-01-28,1662.13,1673.16,1507.3,0.775
1989-02-05-tottenham-hotspur-h,1989-02-05,1673.16,1680.78,1600.3,0.6824
1989-02-11-sheffield-wednesday-a,1989-02-11,1680.78,1694.43,1589.41,0.545
1989-02-18-bournemouth-a,1989-02-18,1694.43,1689.11,1495.32,0.6901
1989-02-22-bournemouth-h,1989-02-22,1689.11,1694.51,1500.65,0.8069
1989-02-25-norwich-city-a,1989-02-25,1694.51,1679.35,1540.78,0.6317
1989-03-12-aston-villa-a,1989-03-12,1679.35,1675.88,1515.82,0.6447
1989-03-18-nottingham-forest-h,1989-03-18,1675.88,1654.81,1542.69,0.7525
1989-03-25-luton-town-h,1989-03-25,1654.81,1659.42,1418.65,0.8462
1989-03-27-nottingham-forest-a,1989-03-27,1659.42,1642.89,1563.76,0.5511
1989-04-02-arsenal-h,1989-04-02,1642.89,1639.93,1615.28,0.6235
1989-04-08-millwall-a,1989-04-08,1639.93,1634.77,1420.22,0.7149
1989-04-15-derby-county-h,1989-04-15,1634.77,1610.92,1459.34,0.795
1989-04-22-charlton-athletic-a,1989-04-22,1610.92,1596.06,1466.43,0.6193
1989-04-29-coventry-city-h,1989-04-29,1596.06,1581.21,1572.05,0.6186
1989-05-02-wimbledon-h,1989-05-02,1581.21,1590.36,1557.05,0.6188
1989-05-06-southampton-a,1989-05-06,1590.36,1579.74,1570.58,0.4424
1989-05-08-queens-park-rangers-a,1989-05-08,1579.74,1566.02,1469.48,0.5718
1989-05-10-everton-h,1989-05-10,1566.02,1556.21,1690.09,0.4088
1989-05-13-newcastle-united-h,1989-05-13,1556.21,1566.88,1513.19,0.6441
1989-08-19-arsenal-h,1989-08-19,1566.88,1584.44,1618.24,0.5124
1989-08-22-crystal-palace-a,1989-08-22,1584.44,1581.94,1451.09,0.604
1989-08-26-derby-county-a,1989-08-26,1581.94,1565.27,1483.19,0.5555
1989-08-30-norwich-city-h,1989-08-30,1565.27,1547.32,1555.94,0.5985
1989-09-09-everton-a,1989-09-09,1547.32,1541.87,1699.9,0.2273
1989-09-16-millwall-h,1989-09-16,1541.87,1553.03,1425.38,0.7342
1989-09-20-portsmouth-a,1989-09-20,1553.03,1566.42,1533.52,0.442
1989-09-23-manchester-city-a,1989-09-23,1566.42,1548.99,1566.09,0.415
1989-10-03-portsmouth-h,1989-10-03,1548.99,1545.99,1520.13,0.6252
1989-10-14-sheffield-wednesday-h,1989-10-14,1545.99,1544.95,1575.76,0.5434
1989-10-21-coventry-city-a,1989-10-21,1544.95,1568.08,1586.89,0.3574
1989-10-25-tottenham-hotspur-h,1989-10-25,1568.08,1548.26,1592.67,0.5508
1989-10-28-southampton-h,1989-10-28,1548.26,1559.32,1581.2,0.5389
1989-11-04-charlton-athletic-a,1989-11-04,1559.32,1543.54,1481.29,0.5259
1989-11-12-nottingham-forest-h,1989-11-12,1543.54,1554.74,1580.3,0.5334
1989-11-18-luton-town-a,1989-11-18,1554.74,1566.32,1414.04,0.6141
1989-11-25-chelsea-h,1989-11-25,1566.32,1562.8,1521.3,0.6467
1989-12-03-arsenal-a,1989-12-03,1562.8,1554.09,1600.69,0.3627
1989-12-09-crystal-palace-h,1989-12-09,1554.09,1536.91,1453.59,0.7158
1989-12-16-tottenham-hotspur-h,1989-12-16,1536.91,1525.45,1612.5,0.4776
1989-12-23-liverpool-a,1989-12-23,1525.45,1529.96,1602.88,0.3119
1989-12-26-aston-villa-a,1989-12-26,1529.96,1514.5,1519.29,0.4295
1989-12-30-wimbledon-a,1989-12-30,1514.5,1517.65,1547.9,0.3687
1990-01-01-queens-park-rangers-h,1990-01-01,1517.65,1514.47,1483.2,0.6327
1990-01-07-nottingham-forest-a,1990-01-07,1514.47,1532.93,1569.1,0.3408
1990-01-13-derby-county-h,1990-01-13,1532.93,1517.79,1499.85,0.6308
1990-01-21-norwich-city-a,1990-01-21,1517.79,1507.62,1573.9,0.3389
1990-01-28-hereford-united-a,1990-01-28,1507.62,1523.43,1492.83,0.4353
1990-02-03-manchester-city-h,1990-02-03,1523.43,1523.44,1583.52,0.4999
1990-02-10-millwall-a,1990-02-10,1523.44,1533.75,1414.21,0.5704
1990-02-18-newcastle-united-a,1990-02-18,1533.75,1548.9,1502.51,0.4587
1990-02-24-chelsea-a,1990-02-24,1548.9,1538.14,1524.82,0.4485
1990-03-03-luton-town-h,1990-03-03,1538.14,1546.95,1402.46,0.7552
1990-03-11-sheffield-united-a,1990-03-11,1546.95,1562.58,1527.62,0.4417
1990-03-14-everton-h,1990-03-14,1562.58,1565.39,1705.36,0.3831
1990-03-18-liverpool-h,1990-03-18,1565.39,1552.46,1598.37,0.5388
1990-03-21-sheffield-wednesday-a,1990-03-21,1552.46,1543.32,1576.8,0.381
1990-03-24-southampton-a,1990-03-24,1543.32,1561.99,1570.13,0.3776
1990-03-31-coventry-city-h,1990-03-31,1561.99,1577,1563.76,0.583
1990-04-08-oldham-athletic-n,1990-04-08,1577,1572.62,1464.58,0.6564
1990-04-11-oldham-athletic-n,1990-04-11,1572.62,1582.56,1468.96,0.6449
1990-04-14-queens-park-rangers-a,1990-04-14,1582.56,1593.32,1486.38,0.5519
1990-04-17-aston-villa-h,1990-04-17,1593.32,1603.39,1534.75,0.6643
1990-04-21-tottenham-hotspur-a,1990-04-21,1603.39,1594.12,1623.96,0.3861
1990-04-30-wimbledon-h,1990-04-30,1594.12,1590.47,1544.75,0.6524
1990-05-02-nottingham-forest-a,1990-05-02,1590.47,1570.68,1550.64,0.471
1990-05-05-charlton-athletic-h,1990-05-05,1570.68,1578.28,1497.07,0.6833
1990-05-12-crystal-palace-n,1990-05-12,1578.28,1574.09,1470.77,0.65
1990-05-17-crystal-palace-n,1990-05-17,1574.09,1584.2,1474.97,0.6389
1990-08-18-liverpool-n,1990-08-18,1584.2,1584.97,1611.3,0.4611
1990-08-25-coventry-city-h,1990-08-25,1584.97,1595.92,1548.75,0.635
1990-08-28-leeds-united-a,1990-08-28,1595.92,1597.52,1582.32,0.4336
1990-09-01-sunderland-a,1990-09-01,1597.52,1586.49,1565.73,0.4595
1990-09-04-luton-town-a,1990-09-04,1586.49,1594.11,1393.65,0.6824
1990-09-08-queens-park-rangers-h,1990-09-08,1594.11,1602.02,1475.63,0.7364
1990-09-16-liverpool-a,1990-09-16,1602.02,1585.11,1610.52,0.4027
1990-09-19-pecsi-mecsek-h,1990-09-19,1585.11,1597.21,1500,0.6975
1990-09-22-southampton-h,1990-09-22,1597.21,1605.66,1551.46,0.6477
1990-09-26-halifax-town-a,1990-09-26,1605.66,1618.7,1500,0.5653
1990-09-29-nottingham-forest-h,1990-09-29,1618.7,1603.08,1570.42,0.651
1990-10-03-pecsi-mecsek-a,1990-10-03,1603.08,1616.56,1487.9,0.5788
1990-10-10-halifax-town-h,1990-10-10,1616.56,1622.59,1486.96,0.7487
1990-10-20-arsenal-h,1990-10-20,1622.59,1608.1,1609.4,0.6038
1990-10-23-wrexham-h,1990-10-23,1608.1,1620.02,1475.63,0.7517
1990-10-27-manchester-city-a,1990-10-27,1620.02,1620.83,1583.52,0.4662
1990-10-31-liverpool-h,1990-10-31,1620.83,1633.54,1627.43,0.5762
1990-11-03-crystal-palace-h,1990-11-03,1633.54,1639.88,1464.86,0.7886
1990-11-07-wrexham-a,1990-11-07,1639.88,1653.43,1463.72,0.6612
1990-11-10-derby-county-a,1990-11-10,1653.43,1650.77,1514.99,0.611
1990-11-17-sheffield-united-h,1990-11-17,1650.77,1658.02,1511.99,0.7585
1990-11-25-chelsea-h,1990-11-25,1658.02,1640.24,1535.58,0.7408
1990-11-28-arsenal-a,1990-11-28,1640.24,1663.86,1623.89,0.4375
1990-12-01-everton-a,1990-12-01,1663.86,1679.18,1702.55,0.3617
1990-12-08-leeds-united-h,1990-12-08,1679.18,1674.06,1580.73,0.7134
1990-12-15-coventry-city-a,1990-12-15,1674.06,1671.47,1537.8,0.608
1990-12-22-wimbledon-a,1990-12-22,1671.47,1683.77,1548.41,0.5898
1990-12-26-norwich-city-h,1990-12-26,1683.77,1694.04,1584.06,0.7149
1990-12-29-aston-villa-h,1990-12-29,1694.04,1687.1,1524.68,0.7892
1991-01-01-tottenham-hotspur-a,1991-01-01,1687.1,1699.31,1633.23,0.4912
1991-01-07-queens-park-rangers-h,1991-01-07,1699.31,1703.71,1467.72,0.8427
1991-01-12-sunderland-h,1991-01-12,1703.71,1712.86,1576.75,0.7458
1991-01-16-southampton-a,1991-01-16,1712.86,1709.19,1543,0.653
1991-01-19-queens-park-rangers-a,1991-01-19,1709.19,1703.32,1463.32,0.7446
1991-01-23-southampton-h,1991-01-23,1703.32,1708.68,1546.67,0.7768
1991-01-26-bolton-wanderers-h,1991-01-26,1708.68,1715.41,1568.96,0.7595
1991-02-03-liverpool-h,1991-02-03,1715.41,1710.23,1614.72,0.7161
1991-02-10-leeds-united-h,1991-02-10,1710.23,1716.4,1585.85,0.743
1991-02-18-norwich-city-a,1991-02-18,1716.4,1699.13,1573.8,0.6167
1991-02-24-leeds-united-a,1991-02-24,1699.13,1709.1,1579.68,0.5847
1991-02-26-sheffield-united-a,1991-02-26,1709.1,1692.38,1504.74,0.6966
1991-03-02-everton-h,1991-03-02,1692.38,1674.6,1687.23,0.5927
1991-03-06-montpellier-hsc-h,1991-03-06,1674.6,1665.18,1500,0.7942
1991-03-09-chelsea-a,1991-03-09,1665.18,1651.41,1553.36,0.574
1991-03-13-southampton-a,1991-03-13,1651.41,1649.69,1541.32,0.5716
1991-03-16-nottingham-forest-a,1991-03-16,1649.69,1649.56,1586.05,0.5052
1991-03-19-montpellier-hsc-a,1991-03-19,1649.56,1665.03,1509.41,0.6133
1991-03-23-luton-town-h,1991-03-23,1665.03,1669.51,1386.02,0.8756
1991-03-30-norwich-city-a,1991-03-30,1669.51,1686.55,1591.07,0.5265
1991-04-02-wimbledon-h,1991-04-02,1686.55,1692.06,1536.1,0.7706
1991-04-06-aston-villa-a,1991-04-06,1692.06,1688.68,1531.62,0.6406
1991-04-10-legia-warsaw-a,1991-04-10,1688.68,1701.6,1500,0.6772
1991-04-16-derby-county-h,1991-04-16,1701.6,1707.51,1517.66,0.8029
1991-04-21-sheffield-wednesday-n,1991-04-21,1707.51,1691.48,1585.94,0.6681
1991-04-24-legia-warsaw-h,1991-04-24,1691.48,1681.21,1487.09,0.8208
1991-05-04-manchester-city-h,1991-05-04,1681.21,1688.09,1582.71,0.7135
1991-05-06-arsenal-a,1991-05-06,1688.09,1671.89,1600.26,0.54
1991-05-11-crystal-palace-a,1991-05-11,1671.89,1646.42,1458.51,0.7074
1991-05-15-barcelona-n,1991-05-15,1646.42,1656.67,1515.66,0.6798
1991-05-20-tottenham-hotspur-h,1991-05-20,1656.67,1653.45,1621.02,0.6343
1991-08-17-notts-county-h,1991-08-17,1653.45,1660.19,1498.39,0.7752
1991-08-21-aston-villa-a,1991-08-21,1660.19,1669.96,1535,0.5927
1991-08-24-everton-a,1991-08-24,1669.96,1673.17,1705.01,0.3665
1991-08-28-oldham-athletic-h,1991-08-28,1673.17,1677.27,1459.02,0.8289
1991-08-31-leeds-united-h,1991-08-31,1677.27,1671.9,1569.71,0.724
1991-09-03-wimbledon-a,1991-09-03,1671.9,1681.14,1530.59,0.6149
1991-09-07-norwich-city-h,1991-09-07,1681.14,1691.09,1574.02,0.7235
1991-09-14-southampton-a,1991-09-14,1691.09,1700.11,1543.04,0.6241
1991-09-18-athinaikos-a,1991-09-18,1700.11,1693.99,1500,0.6914
1991-09-21-luton-town-h,1991-09-21,1693.99,1699.02,1381.55,0.8951
1991-09-25-cambridge-united-h,1991-09-25,1699.02,1705.64,1500,0.8162
1991-09-28-tottenham-hotspur-a,1991-09-28,1705.64,1716.9,1624.24,0.5308
1991-10-02-athinaikos-h,1991-10-02,1716.9,1723.85,1506.12,0.8262
1991-10-06-liverpool-h,1991-10-06,1723.85,1718.58,1619.91,0.7199
1991-10-09-cambridge-united-a,1991-10-09,1718.58,1713.27,1493.38,0.7213
1991-10-19-arsenal-h,1991-10-19,1713.27,1708.19,1616.46,0.7115
1991-10-23-atletico-madrid-a,1991-10-23,1708.19,1674.53,1500,0.7012
1991-10-26-sheffield-wednesday-a,1991-10-26,1674.53,1662.1,1601.98,0.5181
1991-10-30-portsmouth-h,1991-10-30,1662.1,1669.34,1523.14,0.7587
1991-11-02-sheffield-united-h,1991-11-02,1669.34,1676.3,1521.46,0.7679
1991-11-06-atletico-madrid-h,1991-11-06,1676.3,1667.9,1533.66,0.7625
1991-11-16-manchester-city-a,1991-11-16,1667.9,1666.8,1575.83,0.546
1991-11-19-red-star-belgrade-h,1991-11-19,1666.8,1671.07,1500.23,0.7865
1991-11-23-west-ham-united-h,1991-11-23,1671.07,1677.96,1573.08,0.7129
1991-11-30-crystal-palace-a,1991-11-30,1677.96,1687.44,1483.98,0.6838
1991-12-04-oldham-athletic-h,1991-12-04,1687.44,1692.14,1454.91,0.8434
1991-12-07-coventry-city-h,1991-12-07,1692.14,1701.72,1540.39,0.7719
1991-12-15-chelsea-a,1991-12-15,1701.72,1713.55,1567.14,0.6057
1991-12-26-oldham-athletic-a,1991-12-26,1713.55,1722.07,1450.21,0.7632
1991-12-29-leeds-united-a,1991-12-29,1722.07,1719.13,1575.09,0.6226
1992-01-01-queens-park-rangers-h,1992-01-01,1719.13,1688.31,1469.19,0.8562
1992-01-08-leeds-united-a,1992-01-08,1688.31,1701.15,1578.03,0.5718
1992-01-11-everton-h,1992-01-11,1701.15,1711.12,1701.81,0.5846
1992-01-15-leeds-united-a,1992-01-15,1711.12,1721.73,1565.19,0.6212
1992-01-18-notts-county-a,1992-01-18,1721.73,1716.28,1491.65,0.7269
1992-01-22-aston-villa-h,1992-01-22,1716.28,1720.86,1525.22,0.8093
1992-01-27-southampton-a,1992-01-27,1720.86,1715.96,1534.01,0.6748
1992-02-01-arsenal-a,1992-02-01,1715.96,1714.78,1621.54,0.5494
1992-02-05-southampton-h,1992-02-05,1714.78,1706.51,1538.91,0.7954
1992-02-08-sheffield-wednesday-h,1992-02-08,1706.51,1701.57,1614.41,0.7059
1992-02-22-crystal-palace-h,1992-02-22,1701.57,1706.39,1474.49,0.8392
1992-02-26-chelsea-h,1992-02-26,1706.39,1699.88,1555.31,0.7712
1992-02-29-coventry-city-a,1992-02-29,1699.88,1696.23,1530.81,0.652
1992-03-04-middlesbrough-a,1992-03-04,1696.23,1691.68,1497.51,0.6897
1992-03-11-middlesbrough-h,1992-03-11,1691.68,1696.29,1502.06,0.808
1992-03-14-sheffield-united-a,1992-03-14,1696.29,1704.25,1514.5,0.6684
1992-03-18-nottingham-forest-a,1992-03-18,1704.25,1690.26,1586.17,0.5828
1992-03-21-wimbledon-h,1992-03-21,1690.26,1683.33,1521.35,0.7888
1992-03-28-queens-park-rangers-a,1992-03-28,1683.33,1679.24,1500.01,0.6704
1992-03-31-norwich-city-a,1992-03-31,1679.24,1691.88,1564.07,0.5787
1992-04-07-manchester-city-h,1992-04-07,1691.88,1686.3,1576.94,0.7324
1992-04-12-nottingham-forest-n,1992-04-12,1686.3,1695.38,1600.16,0.6215
1992-04-16-southampton-h,1992-04-16,1695.38,1700.94,1547.18,0.7683
1992-04-18-luton-town-a,1992-04-18,1700.94,1693.24,1376.51,0.8209
1992-04-20-nottingham-forest-h,1992-04-20,1693.24,1676.02,1591.08,0.7178
1992-04-22-west-ham-united-a,1992-04-22,1676.02,1662.31,1566.18,0.5712
1992-04-26-liverpool-a,1992-04-26,1662.31,1648.29,1625.18,0.4671
1992-05-02-tottenham-hotspur-h,1992-05-02,1648.29,1659.28,1612.98,0.6338
1992-08-15-sheffield-united-a,1992-08-15,1659.28,1644.15,1506.54,0.6304
1992-08-19-everton-h,1992-08-19,1644.15,1625.51,1691.84,0.5177
1992-08-22-ipswich-town-h,1992-08-22,1625.51,1620.98,1547.45,0.6888
1992-08-24-southampton-a,1992-08-24,1620.98,1632.31,1541.62,0.5278
1992-08-29-nottingham-forest-a,1992-08-29,1632.31,1648.86,1608.3,0.4484
1992-09-02-crystal-palace-h,1992-09-02,1648.86,1653.7,1469.67,0.7985
1992-09-06-leeds-united-h,1992-09-06,1653.7,1662.27,1554.58,0.7142
1992-09-12-everton-a,1992-09-12,1662.27,1681.8,1710.48,0.3491
1992-09-16-torpedo-moscow-h,1992-09-16,1681.8,1672.17,1500,0.8009
1992-09-19-tottenham-hotspur-a,1992-09-19,1672.17,1671.82,1601.99,0.5146
1992-09-23-brighton-and-hove-albion-a,1992-09-23,1671.82,1667.02,1464.73,0.6999
1992-09-26-queens-park-rangers-h,1992-09-26,1667.02,1660.23,1504.1,0.783
1992-09-29-torpedo-moscow-a,1992-09-29,1660.23,1656.15,1509.63,0.6275
1992-10-03-middlesbrough-a,1992-10-03,1656.15,1652.83,1497.45,0.6383
1992-10-07-brighton-and-hove-albion-h,1992-10-07,1652.83,1657.57,1469.52,0.8023
1992-10-18-liverpool-h,1992-10-18,1657.57,1654.91,1639.2,0.6109
1992-10-24-blackburn-rovers-a,1992-10-24,1654.91,1651.85,1504.31,0.6275
1992-10-28-aston-villa-a,1992-10-28,1651.85,1637.42,1520.65,0.6011
1992-10-31-wimbledon-h,1992-10-31,1637.42,1620,1528.28,0.7258
1992-11-07-aston-villa-a,1992-11-07,1620,1607.14,1535.07,0.5358
1992-11-21-oldham-athletic-h,1992-11-21,1607.14,1614.87,1441.69,0.7855
1992-11-28-arsenal-a,1992-11-28,1614.87,1629.18,1622.72,0.4036
1992-12-06-manchester-city-h,1992-12-06,1629.18,1637.61,1582.51,0.6489
1992-12-12-norwich-city-h,1992-12-12,1637.61,1644.84,1551.43,0.6988
1992-12-19-chelsea-a,1992-12-19,1644.84,1644.04,1561.82,0.5331
1992-12-26-sheffield-wednesday-a,1992-12-26,1644.04,1645.26,1619.35,0.4494
1992-12-28-coventry-city-h,1992-12-28,1645.26,1658.33,1534.46,0.7277
1993-01-05-bury-h,1993-01-05,1658.33,1664.83,1461.65,0.8142
1993-01-09-tottenham-hotspur-h,1993-01-09,1664.83,1676.74,1602.35,0.6693
1993-01-18-queens-park-rangers-a,1993-01-18,1676.74,1687.3,1510.89,0.6478
1993-01-23-brighton-and-hove-albion-h,1993-01-23,1687.3,1691.9,1464.78,0.8357
1993-01-27-nottingham-forest-h,1993-01-27,1691.9,1700.44,1591.75,0.7154
1993-01-30-ipswich-town-a,1993-01-30,1700.44,1685.45,1551.99,0.6246
1993-02-06-sheffield-united-h,1993-02-06,1685.45,1690.64,1521.67,0.7838
1993-02-08-leeds-united-a,1993-02-08,1690.64,1687.77,1546.01,0.6194
1993-02-14-sheffield-united-a,1993-02-14,1687.77,1669.43,1516.48,0.6549
1993-02-20-southampton-h,1993-02-20,1669.43,1675.22,1530.29,0.7589
1993-02-27-middlesbrough-h,1993-02-27,1675.22,1682.64,1500.77,0.7941
1993-03-06-liverpool-a,1993-03-06,1682.64,1695.3,1641.86,0.4724
1993-03-09-oldham-athletic-a,1993-03-09,1695.3,1677.03,1433.97,0.7611
1993-03-14-aston-villa-h,1993-03-14,1677.03,1671.08,1547.93,0.7481
1993-03-20-manchester-city-a,1993-03-20,1671.08,1669.8,1574.09,0.553
1993-03-24-arsenal-h,1993-03-24,1669.8,1665.77,1608.41,0.6679
1993-04-05-norwich-city-a,1993-04-05,1665.77,1678.14,1544.2,0.5877
1993-04-10-sheffield-wednesday-h,1993-04-10,1678.14,1686.16,1618.14,0.6661
1993-04-12-coventry-city-a,1993-04-12,1686.16,1694.64,1521.39,0.6464
1993-04-17-chelsea-h,1993-04-17,1694.64,1703.6,1562.61,0.7513
1993-04-21-crystal-palace-a,1993-04-21,1703.6,1711.5,1464.83,0.7367
1993-05-03-blackburn-rovers-h,1993-05-03,1711.5,1716.88,1507.37,0.8206
1993-05-09-wimbledon-a,1993-05-09,1716.88,1725.16,1545.7,0.6547
1993-08-07-arsenal-n,1993-08-07,1725.16,1722.03,1612.44,0.6568
1993-08-15-norwich-city-a,1993-08-15,1722.03,1731.66,1531.83,0.6791
1993-08-18-sheffield-united-h,1993-08-18,1731.66,1738.34,1534.82,0.8143
1993-08-21-newcastle-united-h,1993-08-21,1738.34,1729.77,1487.35,0.857
1993-08-23-aston-villa-a,1993-08-23,1729.77,1737.91,1553.89,0.6609
1993-08-28-southampton-a,1993-08-28,1737.91,1746.69,1524.5,0.7075
1993-09-01-west-ham-united-h,1993-09-01,1746.69,1754.36,1579.89,0.7868
1993-09-11-chelsea-a,1993-09-11,1754.36,1737.75,1553.66,0.6921
1993-09-15-budapest-honved-a,1993-09-15,1737.75,1746.22,1500,0.7356
1993-09-19-arsenal-h,1993-09-19,1746.22,1752.22,1615.57,0.7498
1993-09-22-stoke-city-a,1993-09-22,1752.22,1735.37,1543.45,0.7019
1993-09-25-swindon-town-h,1993-09-25,1735.37,1740.68,1528.23,0.8231
1993-10-02-sheffield-wednesday-a,1993-10-02,1740.68,1750.28,1610.13,0.6002
1993-10-06-stoke-city-h,1993-10-06,1750.28,1756.03,1560.29,0.8083
1993-10-16-tottenham-hotspur-h,1993-10-16,1756.03,1761.17,1590.44,0.7856
1993-10-20-galatasaray-h,1993-10-20,1761.17,1749.53,1500,0.864
1993-10-23-everton-a,1993-10-23,1749.53,1761.57,1690.95,0.4979
1993-10-27-leicester-city-h,1993-10-27,1761.57,1767.98,1523.77,0.8474
1993-10-30-queens-park-rangers-h,1993-10-30,1767.98,1771.14,1500.33,0.8683
1993-11-07-manchester-city-a,1993-11-07,1771.14,1778.68,1575.36,0.686
1993-11-20-wimbledon-h,1993-11-20,1778.68,1783.18,1537.42,0.8499
1993-11-24-ipswich-town-h,1993-11-24,1783.18,1775.25,1566.98,0.8306
1993-11-27-coventry-city-a,1993-11-27,1775.25,1780.95,1512.9,0.7622
1993-11-30-everton-a,1993-11-30,1780.95,1794.15,1678.9,0.5602
1993-12-04-norwich-city-h,1993-12-04,1794.15,1785.24,1522.2,0.8711
1993-12-07-sheffield-united-a,1993-12-07,1785.24,1794,1528.13,0.7567
1993-12-11-newcastle-united-a,1993-12-11,1794,1786.86,1495.92,0.7975
1993-12-19-aston-villa-h,1993-12-19,1786.86,1791.36,1545.75,0.8498
1993-12-26-blackburn-rovers-h,1993-12-26,1791.36,1782.2,1501.98,0.882
1993-12-29-oldham-athletic-a,1993-12-29,1782.2,1788.48,1452.23,0.8255
1994-01-01-leeds-united-h,1994-01-01,1788.48,1780.11,1548.88,0.8487
1994-01-04-liverpool-a,1994-01-04,1780.11,1777.04,1629.2,0.6279
1994-01-09-sheffield-united-a,1994-01-09,1777.04,1783.84,1519.38,0.7573
1994-01-12-portsmouth-h,1994-01-12,1783.84,1774.99,1515.9,0.8685
1994-01-15-tottenham-hotspur-a,1994-01-15,1774.99,1782.71,1585.29,0.6784
1994-01-22-everton-h,1994-01-22,1782.71,1789.08,1665.71,0.7348
1994-01-26-portsmouth-a,1994-01-26,1789.08,1794.73,1524.74,0.7643
1994-01-30-norwich-city-a,1994-01-30,1794.73,1803.01,1531.11,0.7635
1994-02-05-queens-park-rangers-a,1994-02-05,1803.01,1807.7,1497.17,0.8046
1994-02-13-sheffield-wednesday-h,1994-02-13,1807.7,1811.94,1600.53,0.8232
1994-02-20-wimbledon-a,1994-02-20,1811.94,1821.22,1532.92,0.7792
1994-02-26-west-ham-united-a,1994-02-26,1821.22,1815.27,1572.22,0.748
1994-03-05-chelsea-h,1994-03-05,1815.27,1794.8,1570.27,0.8527
1994-03-12-charlton-athletic-h,1994-03-12,1794.8,1798.61,1489.47,0.8912
1994-03-16-sheffield-wednesday-h,1994-03-16,1798.61,1807.29,1596.29,0.8191
1994-03-19-swindon-town-a,1994-03-19,1807.29,1800.47,1522.92,0.7844
1994-03-22-arsenal-a,1994-03-22,1800.47,1796.15,1609.57,0.6799
1994-03-27-aston-villa-n,1994-03-27,1796.15,1771.77,1541.24,0.8127
1994-03-30-liverpool-h,1994-03-30,1771.77,1777.55,1632.27,0.7592
1994-04-02-blackburn-rovers-a,1994-04-02,1777.55,1754.56,1511.15,0.7664
1994-04-04-oldham-athletic-h,1994-04-04,1754.56,1757.12,1445.95,0.893
1994-04-10-oldham-athletic-n,1994-04-10,1757.12,1747.08,1443.38,0.8589
1994-04-13-oldham-athletic-n,1994-04-13,1747.08,1753.62,1453.43,0.8443
1994-04-16-wimbledon-a,1994-04-16,1753.62,1736.17,1523.64,0.7268
1994-04-23-manchester-city-h,1994-04-23,1736.17,1742.53,1567.82,0.7883
1994-04-27-leeds-united-a,1994-04-27,1742.53,1752.34,1557.24,0.6729
1994-05-01-ipswich-town-a,1994-05-01,1752.34,1760.43,1574.91,0.6628
1994-05-04-southampton-h,1994-05-04,1760.43,1764.86,1515.72,0.8525
1994-05-08-coventry-city-h,1994-05-08,1764.86,1756.18,1507.2,0.8616
1994-05-14-chelsea-n,1994-05-14,1756.18,1769.82,1590.73,0.7216
1994-08-14-blackburn-rovers-n,1994-08-14,1769.82,1774.94,1534.14,0.7952
1994-08-20-queens-park-rangers-h,1994-08-20,1774.94,1778.61,1492.48,0.8778
1994-08-22-nottingham-forest-a,1994-08-22,1778.61,1774.15,1583.22,0.6855
1994-08-27-tottenham-hotspur-a,1994-08-27,1774.15,1781.67,1577.58,0.687
1994-08-31-wimbledon-h,1994-08-31,1781.67,1787.09,1541.08,0.8494
1994-09-11-leeds-united-a,1994-09-11,1787.09,1769.38,1547.43,0.7377
1994-09-14-ifk-goteborg-h,1994-09-14,1769.38,1774.6,1500,0.8694
1994-09-17-liverpool-h,1994-09-17,1774.6,1781.56,1626.49,0.7682
1994-09-21-port-vale-a,1994-09-21,1781.56,1784.04,1346.75,0.8964
1994-09-24-ipswich-town-a,1994-09-24,1784.04,1766.96,1566.82,0.712
1994-09-28-galatasaray-a,1994-09-28,1766.96,1758.8,1511.65,0.7548
1994-10-01-everton-h,1994-10-01,1758.8,1767.37,1659.34,0.7146
1994-10-05-port-vale-h,1994-10-05,1767.37,1769.12,1344.27,0.9416
1994-10-08-sheffield-wednesday-a,1994-10-08,1769.12,1753.08,1587.6,0.6681
1994-10-15-west-ham-united-h,1994-10-15,1753.08,1758.01,1578.17,0.7945
1994-10-19-barcelona-h,1994-10-19,1758.01,1746.56,1505.41,0.8581
1994-10-23-blackburn-rovers-a,1994-10-23,1746.56,1755.19,1529.02,0.7124
1994-10-26-newcastle-united-a,1994-10-26,1755.19,1732.64,1503.06,0.7514
1994-10-29-newcastle-united-h,1994-10-29,1732.64,1737.95,1525.6,0.8231
1994-11-02-barcelona-a,1994-11-02,1737.95,1697.83,1516.87,0.7165
1994-11-06-aston-villa-a,1994-11-06,1697.83,1707.37,1565.62,0.6024
1994-11-10-manchester-city-h,1994-11-10,1707.37,1718.61,1561.47,0.7659
1994-11-19-crystal-palace-h,1994-11-19,1718.61,1723.49,1456.94,0.8643
1994-11-23-ifk-goteborg-a,1994-11-23,1723.49,1694.48,1494.78,0.7254
1994-11-26-arsenal-a,1994-11-26,1694.48,1693.77,1613.89,0.5296
1994-12-03-norwich-city-h,1994-12-03,1693.77,1698.79,1522.83,0.7907
1994-12-07-galatasaray-h,1994-12-07,1698.79,1710.08,1519.8,0.7983
1994-12-10-queens-park-rangers-a,1994-12-10,1710.08,1716.88,1488.81,0.7167
1994-12-17-nottingham-forest-h,1994-12-17,1716.88,1698.92,1587.67,0.7482
1994-12-26-chelsea-a,1994-12-26,1698.92,1708.81,1577.09,0.5881
1994-12-28-leicester-city-h,1994-12-28,1708.81,1701.38,1517.36,0.8096
1994-12-31-southampton-a,1994-12-31,1701.38,1697.09,1511.3,0.6789
1995-01-03-coventry-city-h,1995-01-03,1697.09,1703.07,1515.87,0.8004
1995-01-09-sheffield-united-a,1995-01-09,1703.07,1714.29,1512.58,0.6794
1995-01-15-newcastle-united-a,1995-01-15,1714.29,1709.88,1520.29,0.6838
1995-01-22-blackburn-rovers-h,1995-01-22,1709.88,1714.49,1520.39,0.8079
1995-01-25-crystal-palace-a,1995-01-25,1714.49,1708.2,1452.05,0.7623
1995-01-28-wrexham-h,1995-01-28,1708.2,1714,1450.17,0.8618
1995-02-04-aston-villa-h,1995-02-04,1714,1719.33,1556.08,0.7781
1995-02-11-manchester-city-a,1995-02-11,1719.33,1731.85,1550.23,0.652
1995-02-19-leeds-united-h,1995-02-19,1731.85,1739.32,1565.14,0.7867
1995-02-22-norwich-city-a,1995-02-22,1739.32,1747.81,1517.81,0.717
1995-02-25-everton-a,1995-02-25,1747.81,1734.54,1650.78,0.5531
1995-03-04-ipswich-town-h,1995-03-04,1734.54,1751.04,1583.91,0.7707
1995-03-07-wimbledon-a,1995-03-07,1751.04,1758.01,1535.66,0.7098
1995-03-12-queens-park-rangers-h,1995-03-12,1758.01,1762.43,1482.01,0.8737
1995-03-15-tottenham-hotspur-h,1995-03-15,1762.43,1754.98,1570.07,0.8104
1995-03-19-liverpool-a,1995-03-19,1754.98,1736.77,1619.53,0.6069
1995-03-22-arsenal-h,1995-03-22,1736.77,1746.11,1614.6,0.7405
1995-04-02-leeds-united-h,1995-04-02,1746.11,1738.75,1557.67,0.8069
1995-04-09-crystal-palace-n,1995-04-09,1738.75,1729.39,1458.35,0.834
1995-04-12-crystal-palace-n,1995-04-12,1729.39,1735.75,1467.7,0.8185
1995-04-15-leicester-city-a,1995-04-15,1735.75,1748.16,1524.79,0.7045
1995-04-17-chelsea-h,1995-04-17,1748.16,1740.95,1567.2,0.8001
1995-05-01-coventry-city-a,1995-05-01,1740.95,1747.48,1509.88,0.728
1995-05-07-sheffield-wednesday-h,1995-05-07,1747.48,1753.15,1603.64,0.7638
1995-05-10-southampton-h,1995-05-10,1753.15,1756.82,1515.59,0.8472
1995-05-14-west-ham-united-a,1995-05-14,1756.82,1752.72,1573.24,0.6707
1995-05-20-everton-n,1995-05-20,1752.72,1735.22,1664.06,0.6249
1995-08-19-aston-villa-a,1995-08-19,1735.22,1715.07,1550.75,0.6718
1995-08-23-west-ham-united-h,1995-08-23,1715.07,1720.89,1577.33,0.7574
1995-08-26-wimbledon-h,1995-08-26,1720.89,1726.58,1528.7,0.8103
1995-08-28-blackburn-rovers-a,1995-08-28,1726.58,1733.68,1515.78,0.7043
1995-09-09-everton-a,1995-09-09,1733.68,1745.95,1681.55,0.4887
1995-09-12-rotor-volgograd-a,1995-09-12,1745.95,1738.12,1500,0.7447
1995-09-16-bolton-wanderers-h,1995-09-16,1738.12,1745.49,1562.22,0.7954
1995-09-20-york-city-h,1995-09-20,1745.49,1714.36,1483.56,0.8645
1995-09-23-sheffield-wednesday-a,1995-09-23,1714.36,1712.43,1597.97,0.5805
1995-09-26-rotor-volgograd-h,1995-09-26,1712.43,1702.16,1507.83,0.821
1995-10-01-liverpool-h,1995-10-01,1702.16,1698.04,1637.74,0.6718
1995-10-03-york-city-a,1995-10-03,1698.04,1707.92,1514.68,0.6704
1995-10-14-manchester-city-h,1995-10-14,1707.92,1712.96,1537.71,0.7901
1995-10-21-chelsea-a,1995-10-21,1712.96,1726.96,1574.41,0.6112
1995-10-28-middlesbrough-h,1995-10-28,1726.96,1731.63,1493.36,0.8442
1995-11-04-arsenal-a,1995-11-04,1731.63,1717.37,1605.26,0.5944
1995-11-18-southampton-h,1995-11-18,1717.37,1723.79,1511.92,0.8217
1995-11-22-coventry-city-a,1995-11-22,1723.79,1735.73,1503.36,0.7158
1995-11-27-nottingham-forest-a,1995-11-27,1735.73,1733.34,1605.63,0.5995
1995-12-02-chelsea-h,1995-12-02,1733.34,1726.31,1560.41,0.7926
1995-12-09-sheffield-wednesday-h,1995-12-09,1726.31,1720.43,1599.9,0.7452
1995-12-17-liverpool-a,1995-12-17,1720.43,1704.63,1641.86,0.5267
1995-12-24-leeds-united-a,1995-12-24,1704.63,1686.25,1565.04,0.6126
1995-12-27-newcastle-united-h,1995-12-27,1686.25,1692.8,1524.7,0.7817
1995-12-30-queens-park-rangers-h,1995-12-30,1692.8,1696.89,1477.59,0.8298
1996-01-01-tottenham-hotspur-a,1996-01-01,1696.89,1675.84,1577.52,0.5846
1996-01-06-sunderland-h,1996-01-06,1675.84,1669.55,1567.6,0.7248
1996-01-13-aston-villa-h,1996-01-13,1669.55,1664.42,1570.91,0.7137
1996-01-16-sunderland-a,1996-01-16,1664.42,1677.19,1573.9,0.5438
1996-01-22-west-ham-united-a,1996-01-22,1677.19,1687.62,1571.51,0.5654
1996-01-27-reading-a,1996-01-27,1687.62,1699.67,1469.38,0.7132
1996-02-03-wimbledon-a,1996-02-03,1699.67,1709.81,1523.01,0.6619
1996-02-10-blackburn-rovers-h,1996-02-10,1709.81,1714.18,1508.69,0.818
1996-02-18-manchester-city-h,1996-02-18,1714.18,1719.76,1532.67,0.8006
1996-02-21-everton-h,1996-02-21,1719.76,1730.15,1669.28,0.6538
1996-02-25-bolton-wanderers-a,1996-02-25,1730.15,1748.5,1554.86,0.6601
1996-03-04-newcastle-united-a,1996-03-04,1748.5,1755.05,1518.15,0.7272
1996-03-11-southampton-h,1996-03-11,1755.05,1760.09,1505.51,0.8559
1996-03-16-queens-park-rangers-a,1996-03-16,1760.09,1753.21,1473.51,0.7866
1996-03-20-arsenal-h,1996-03-20,1753.21,1759.14,1619.52,0.7531
1996-03-24-tottenham-hotspur-h,1996-03-24,1759.14,1764.4,1598.56,0.7807
1996-03-31-chelsea-n,1996-03-31,1764.4,1771.22,1567.43,0.7566
1996-04-06-manchester-city-a,1996-04-06,1771.22,1777.4,1527.09,0.7427
1996-04-08-coventry-city-h,1996-04-08,1777.4,1780.28,1491.42,0.8799
1996-04-13-southampton-a,1996-04-13,1780.28,1756.88,1500.46,0.7799
1996-04-17-leeds-united-h,1996-04-17,1756.88,1761.84,1583.41,0.7931
1996-04-28-nottingham-forest-h,1996-04-28,1761.84,1772.69,1608.02,0.774
1996-05-05-middlesbrough-a,1996-05-05,1772.69,1780.47,1488.68,0.7841
1996-05-11-liverpool-n,1996-05-11,1780.47,1789.71,1657.66,0.6697
1996-08-11-newcastle-united-n,1996-08-11,1789.71,1795.59,1511.61,0.8321
1996-08-17-wimbledon-a,1996-08-17,1795.59,1803.41,1512.86,0.7828
1996-08-21-everton-h,1996-08-21,1803.41,1797.06,1658.9,0.7645
1996-08-25-blackburn-rovers-h,1996-08-25,1797.06,1787.85,1504.32,0.884
1996-09-04-derby-county-a,1996-09-04,1787.85,1781.22,1511.74,0.7763
1996-09-07-leeds-united-a,1996-09-07,1781.22,1794.04,1578.45,0.6946
1996-09-11-juventus-a,1996-09-11,1794.04,1770.36,1552.17,0.7402
1996-09-14-nottingham-forest-h,1996-09-14,1770.36,1777.81,1597.17,0.7929
1996-09-21-aston-villa-a,1996-09-21,1777.81,1773.17,1576.04,0.6934
1996-09-25-sk-rapid-wien-h,1996-09-25,1773.17,1778.02,1489.18,0.8787
1996-09-29-tottenham-hotspur-h,1996-09-29,1778.02,1783.92,1593.3,0.8036
1996-10-12-liverpool-h,1996-10-12,1783.92,1789.8,1648.42,0.755
1996-10-16-fenerbahce-a,1996-10-16,1789.8,1798.21,1500,0.7896
1996-10-20-newcastle-united-a,1996-10-20,1798.21,1760.18,1505.73,0.7922
1996-10-23-swindon-town-h,1996-10-23,1760.18,1763.98,1529.75,0.8418
1996-10-26-southampton-a,1996-10-26,1763.98,1737.4,1523.86,0.7382
1996-10-30-fenerbahce-h,1996-10-30,1737.4,1710.1,1491.59,0.8533
1996-11-02-chelsea-h,1996-11-02,1710.1,1691.63,1560.61,0.7696
1996-11-16-arsenal-h,1996-11-16,1691.63,1699.1,1613.6,0.6888
1996-11-20-juventus-h,1996-11-20,1699.1,1675.36,1575.85,0.7417
1996-11-23-middlesbrough-a,1996-11-23,1675.36,1670.94,1480.91,0.6844
1996-11-27-leicester-city-a,1996-11-27,1670.94,1651.79,1512.38,0.6381
1996-11-30-leicester-city-h,1996-11-30,1651.79,1659.64,1531.53,0.7384
1996-12-04-sk-rapid-wien-a,1996-12-04,1659.64,1673.24,1484.33,0.6601
1996-12-08-west-ham-united-a,1996-12-08,1673.24,1671.45,1561.08,0.5745
1996-12-18-sheffield-wednesday-a,1996-12-18,1671.45,1671.25,1605.78,0.5082
1996-12-21-sunderland-h,1996-12-21,1671.25,1684.36,1561.12,0.727
1996-12-26-nottingham-forest-a,1996-12-26,1684.36,1703.27,1589.71,0.5497
1996-12-28-leeds-united-h,1996-12-28,1703.27,1709.1,1565.62,0.7573
1997-01-01-aston-villa-h,1997-01-01,1709.1,1703.16,1580.68,0.7474
1997-01-05-tottenham-hotspur-h,1997-01-05,1703.16,1712.49,1587.41,0.7334
1997-01-12-tottenham-hotspur-a,1997-01-12,1712.49,1721.96,1578.07,0.6055
1997-01-18-coventry-city-a,1997-01-18,1721.96,1730.04,1488.54,0.7307
1997-01-25-wimbledon-h,1997-01-25,1730.04,1720.59,1505.04,0.8376
1997-01-29-wimbledon-h,1997-01-29,1720.59,1724.85,1514.5,0.8223
1997-02-01-southampton-h,1997-02-01,1724.85,1729.79,1550.44,0.794
1997-02-04-wimbledon-a,1997-02-04,1729.79,1709.78,1510.23,0.7147
1997-02-19-arsenal-a,1997-02-19,1709.78,1720.28,1606.13,0.5625
1997-02-22-chelsea-a,1997-02-22,1720.28,1717.53,1579.08,0.6148
1997-03-01-coventry-city-h,1997-03-01,1717.53,1722.12,1480.46,0.8468
1997-03-05-porto-h,1997-03-05,1722.12,1732.07,1515.8,0.8225
1997-03-08-sunderland-a,1997-03-08,1732.07,1715.95,1548.02,0.6713
1997-03-15-sheffield-wednesday-h,1997-03-15,1715.95,1724.15,1605.98,0.7268
1997-03-19-porto-a,1997-03-19,1724.15,1717.33,1505.86,0.7132
1997-03-22-everton-a,1997-03-22,1717.33,1732.67,1665.24,0.4886
1997-04-05-derby-county-h,1997-04-05,1732.67,1712.77,1518.37,0.8291
1997-04-09-borussia-dortmund-a,1997-04-09,1712.77,1689.39,1479.36,0.7307
1997-04-12-blackburn-rovers-a,1997-04-12,1689.39,1697.53,1513.54,0.6608
1997-04-19-liverpool-a,1997-04-19,1697.53,1712.74,1642.54,0.4928
1997-04-23-borussia-dortmund-h,1997-04-23,1712.74,1686.33,1502.74,0.8255
1997-05-03-leicester-city-a,1997-05-03,1686.33,1682.88,1523.68,0.6436
1997-05-05-middlesbrough-h,1997-05-05,1682.88,1675.32,1485.33,0.815
1997-05-08-newcastle-united-h,1997-05-08,1675.32,1669.3,1543.76,0.7508
1997-05-11-west-ham-united-h,1997-05-11,1669.3,1677.62,1562.87,0.7227
1997-08-03-chelsea-n,1997-08-03,1677.62,1674.93,1581.84,0.6345
1997-08-10-tottenham-hotspur-a,1997-08-10,1674.93,1687.94,1568.61,0.5663
1997-08-13-southampton-h,1997-08-13,1687.94,1693.65,1545.49,0.7623
1997-08-23-leicester-city-a,1997-08-23,1693.65,1690.08,1527.12,0.6487
1997-08-27-everton-a,1997-08-27,1690.08,1705.94,1649.9,0.4715
1997-08-30-coventry-city-h,1997-08-30,1705.94,1711.64,1475.86,0.8415
1997-09-13-west-ham-united-h,1997-09-13,1711.64,1716.99,1554.55,0.7772
1997-09-17-mfk-kosice-a,1997-09-17,1716.99,1730.82,1500,0.7117
1997-09-20-bolton-wanderers-a,1997-09-20,1730.82,1726.4,1536.5,0.6842
1997-09-24-chelsea-h,1997-09-24,1726.4,1720.12,1584.53,0.7617
1997-09-27-leeds-united-a,1997-09-27,1720.12,1704.75,1559.8,0.6405
1997-10-01-juventus-h,1997-10-01,1704.75,1713.67,1599.59,0.7213
1997-10-04-crystal-palace-h,1997-10-04,1713.67,1717.93,1461.35,0.8579
1997-10-14-ipswich-town-a,1997-10-14,1717.93,1699.11,1567.4,0.6274
1997-10-18-derby-county-a,1997-10-18,1699.11,1695.72,1538.27,0.6412
1997-10-22-feyenoord-h,1997-10-22,1695.72,1701.69,1500,0.8134
1997-10-25-barnsley-h,1997-10-25,1701.69,1707.75,1381.87,0.899
1997-11-01-sheffield-wednesday-h,1997-11-01,1707.75,1720.87,1597.78,0.7268
1997-11-05-feyenoord-a,1997-11-05,1720.87,1731.94,1494.03,0.7232
1997-11-09-arsenal-a,1997-11-09,1731.94,1717.34,1595.63,0.6081
1997-11-22-wimbledon-a,1997-11-22,1717.34,1729.04,1530.24,0.6752
1997-11-27-mfk-kosice-h,1997-11-27,1729.04,1736.18,1486.16,0.8511
1997-11-30-blackburn-rovers-h,1997-11-30,1736.18,1742.82,1505.39,0.8421
1997-12-06-liverpool-a,1997-12-06,1742.82,1755.44,1627.32,0.5792
1997-12-10-juventus-a,1997-12-10,1755.44,1734.76,1590.67,0.6464
1997-12-15-aston-villa-h,1997-12-15,1734.76,1740.32,1586.62,0.7682
1997-12-21-newcastle-united-a,1997-12-21,1740.32,1748.01,1549.78,0.6795
1997-12-26-everton-h,1997-12-26,1748.01,1756.07,1634.05,0.7313
1997-12-28-coventry-city-a,1997-12-28,1756.07,1737.21,1470.16,0.7859
1998-01-04-chelsea-a,1998-01-04,1737.21,1750.45,1590.81,0.6218
1998-01-10-tottenham-hotspur-h,1998-01-10,1750.45,1756.07,1555.59,0.8126
1998-01-19-southampton-a,1998-01-19,1756.07,1739.01,1539.79,0.7109
1998-01-24-walsall-h,1998-01-24,1739.01,1745.03,1457.82,0.877
1998-01-31-leicester-city-h,1998-01-31,1745.03,1725.14,1530.69,0.8291
1998-02-07-bolton-wanderers-h,1998-02-07,1725.14,1717.86,1540.92,0.8031
1998-02-15-barnsley-h,1998-02-15,1717.86,1706.38,1375.82,0.9101
1998-02-18-aston-villa-a,1998-02-18,1706.38,1718.59,1581.05,0.5929
1998-02-21-derby-county-h,1998-02-21,1718.59,1724.7,1541.66,0.7964
1998-02-25-barnsley-a,1998-02-25,1724.7,1701.42,1387.3,0.8316
1998-02-28-chelsea-a,1998-02-28,1701.42,1711.24,1577.57,0.5909
1998-03-04-as-monaco-a,1998-03-04,1711.24,1704.68,1500,0.7049
1998-03-07-sheffield-wednesday-a,1998-03-07,1704.68,1687.11,1584.67,0.5855
1998-03-11-west-ham-united-a,1998-03-11,1687.11,1684.47,1549.2,0.6103
1998-03-14-arsenal-h,1998-03-14,1684.47,1668.05,1610.22,0.6841
1998-03-18-as-monaco-h,1998-03-18,1668.05,1659.04,1506.56,0.7816
1998-03-28-wimbledon-h,1998-03-28,1659.04,1666.23,1518.55,0.7603
1998-04-06-blackburn-rovers-a,1998-04-06,1666.23,1676.73,1498.76,0.6499
1998-04-10-liverpool-h,1998-04-10,1676.73,1672.68,1614.7,0.6687
1998-04-18-newcastle-united-h,1998-04-18,1672.68,1666.69,1542.08,0.7497
1998-04-27-crystal-palace-a,1998-04-27,1666.69,1677.38,1457.08,0.7029
1998-05-04-leeds-united-h,1998-05-04,1677.38,1687.54,1575.17,0.7178
1998-05-10-barnsley-a,1998-05-10,1687.54,1694.23,1410.58,0.7771
1998-08-09-arsenal-n,1998-08-09,1694.23,1676.35,1626.64,0.5961
1998-08-12-ks-odz-h,1998-08-12,1676.35,1684.51,1500,0.7958
1998-08-15-leicester-city-h,1998-08-15,1684.51,1678.43,1550.59,0.7533
1998-08-22-west-ham-united-a,1998-08-22,1678.43,1676.16,1551.85,0.5947
1998-08-26-ks-odz-a,1998-08-26,1676.16,1670.67,1491.83,0.6717
1998-09-09-charlton-athletic-h,1998-09-09,1670.67,1677.73,1485.66,0.8038
1998-09-12-coventry-city-h,1998-09-12,1677.73,1683.52,1489.02,0.8072
1998-09-16-barcelona-h,1998-09-16,1683.52,1675.67,1556.99,0.7453
1998-09-20-arsenal-a,1998-09-20,1675.67,1659.16,1644.52,0.4586
1998-09-24-liverpool-h,1998-09-24,1659.16,1669.94,1618.74,0.6406
1998-09-30-bayern-munich-a,1998-09-30,1669.94,1665.04,1500,0.6531
1998-10-03-southampton-a,1998-10-03,1665.04,1680.56,1556.85,0.5689
1998-10-17-wimbledon-h,1998-10-17,1680.56,1689.42,1511.36,0.7891
1998-10-21-br-ndby-if-a,1998-10-21,1689.42,1707.44,1500,0.6781
1998-10-24-derby-county-a,1998-10-24,1707.44,1703.71,1535.55,0.6557
1998-10-28-bury-h,1998-10-28,1703.71,1708.05,1455.14,0.8552
1998-10-31-everton-a,1998-10-31,1708.05,1724.91,1625.99,0.5317
1998-11-04-br-ndby-if-h,1998-11-04,1724.91,1734.43,1481.97,0.8512
1998-11-08-newcastle-united-h,1998-11-08,1734.43,1727.11,1548.08,0.805
1998-11-11-nottingham-forest-h,1998-11-11,1727.11,1732.48,1570.8,0.7765
1998-11-14-blackburn-rovers-h,1998-11-14,1732.48,1736.03,1488.26,0.8521
1998-11-21-sheffield-wednesday-a,1998-11-21,1736.03,1717.89,1602.23,0.6046
1998-11-25-barcelona-a,1998-11-25,1717.89,1713.7,1564.84,0.6308
1998-11-29-leeds-united-h,1998-11-29,1713.7,1719.25,1565.01,0.7688
1998-12-02-tottenham-hotspur-a,1998-12-02,1719.25,1699.68,1549.97,0.6523
1998-12-05-aston-villa-a,1998-12-05,1699.68,1697.27,1568.84,0.6006
1998-12-09-bayern-munich-h,1998-12-09,1697.27,1687.34,1504.9,0.8104
1998-12-12-tottenham-hotspur-a,1998-12-12,1687.34,1685.36,1569.54,0.5824
1998-12-16-chelsea-h,1998-12-16,1685.36,1679.71,1567.75,0.7354
1998-12-19-middlesbrough-h,1998-12-19,1679.71,1660.38,1492.89,0.8055
1998-12-26-nottingham-forest-h,1998-12-26,1660.38,1670.84,1565.43,0.7093
1998-12-29-chelsea-a,1998-12-29,1670.84,1669.56,1573.4,0.5537
1999-01-03-middlesbrough-h,1999-01-03,1669.56,1677.34,1512.22,0.7775
1999-01-10-west-ham-united-h,1999-01-10,1677.34,1686.64,1554.12,0.7417
1999-01-16-leicester-city-a,1999-01-16,1686.64,1703.47,1556.67,0.5994
1999-01-24-liverpool-h,1999-01-24,1703.47,1711.59,1607.96,0.71
1999-01-31-charlton-athletic-a,1999-01-31,1711.59,1718.07,1478.6,0.7302
1999-02-03-derby-county-h,1999-02-03,1718.07,1722.91,1539.29,0.7981
1999-02-06-nottingham-forest-a,1999-02-06,1722.91,1743.88,1554.97,0.6505
1999-02-14-fulham-h,1999-02-14,1743.88,1746.83,1432.01,0.8948
1999-02-17-arsenal-h,1999-02-17,1746.83,1742.07,1661.03,0.6983
1999-02-20-coventry-city-a,1999-02-20,1742.07,1747.86,1483.24,0.7585
1999-02-27-southampton-h,1999-02-27,1747.86,1752.12,1541.33,0.8226
1999-03-03-inter-milan-h,1999-03-03,1752.12,1757.81,1500,0.8577
1999-03-07-chelsea-h,1999-03-07,1757.81,1749.35,1574.69,0.8021
1999-03-10-chelsea-a,1999-03-10,1749.35,1761.66,1583.15,0.6482
1999-03-13-newcastle-united-a,1999-03-13,1761.66,1768.89,1555.4,0.6989
1999-03-17-inter-milan-a,1999-03-17,1768.89,1760.1,1494.31,0.7747
1999-03-21-everton-h,1999-03-21,1760.1,1766.96,1609.13,0.7711
1999-04-03-wimbledon-a,1999-04-03,1766.96,1760.62,1502.5,0.7644
1999-04-07-juventus-h,1999-04-07,1760.62,1752,1611.35,0.7693
1999-04-11-arsenal-n,1999-04-11,1752,1748.59,1665.79,0.6216
1999-04-14-arsenal-n,1999-04-14,1748.59,1759.45,1669.19,0.6123
1999-04-17-sheffield-wednesday-h,1999-04-17,1759.45,1768.13,1620.37,0.7588
1999-04-21-juventus-a,1999-04-21,1768.13,1780.16,1619.97,0.6242
1999-04-25-leeds-united-a,1999-04-25,1780.16,1774.97,1559.46,0.7161
1999-05-01-aston-villa-h,1999-05-01,1774.97,1779.29,1571.25,0.8203
1999-05-05-liverpool-a,1999-05-05,1779.29,1775.32,1599.84,0.6654
1999-05-09-middlesbrough-a,1999-05-09,1775.32,1780.81,1504.44,0.771
1999-05-12-blackburn-rovers-a,1999-05-12,1780.81,1773.72,1484.71,0.7956
1999-05-16-tottenham-hotspur-h,1999-05-16,1773.72,1778.06,1571.52,0.819
1999-05-22-newcastle-united-n,1999-05-22,1778.06,1785.42,1548.17,0.7897
1999-05-26-bayern-munich-n,1999-05-26,1785.42,1790.99,1514.83,0.826
1999-08-01-arsenal-n,1999-08-01,1790.99,1777.35,1658.34,0.6821
1999-08-08-everton-a,1999-08-08,1777.35,1773.51,1602.26,0.6598
1999-08-11-sheffield-wednesday-h,1999-08-11,1773.51,1782.67,1611.69,0.7819
1999-08-14-leeds-united-h,1999-08-14,1782.67,1787.71,1564.65,0.8321
1999-08-22-arsenal-a,1999-08-22,1787.71,1797.8,1671.98,0.5795
1999-08-25-coventry-city-a,1999-08-25,1797.8,1802.18,1477.44,0.8174
1999-08-27-lazio-n,1999-08-27,1802.18,1785.17,1500,0.8506
1999-08-30-newcastle-united-h,1999-08-30,1785.17,1791.38,1540.81,0.8522
1999-09-11-liverpool-a,1999-09-11,1791.38,1799.16,1603.81,0.6758
1999-09-14-gnk-dinamo-zagreb-h,1999-09-14,1799.16,1786.75,1500,0.8877
1999-09-18-wimbledon-h,1999-09-18,1786.75,1777.75,1508.85,0.8749
1999-09-22-sk-sturm-graz-a,1999-09-22,1777.75,1788.42,1500,0.7779
1999-09-25-southampton-h,1999-09-25,1788.42,1779.84,1537.07,0.8572
1999-09-29-olympique-de-marseille-h,1999-09-29,1779.84,1783.81,1500,0.8761
1999-10-03-chelsea-a,1999-10-03,1783.81,1749.87,1570.84,0.7069
1999-10-13-aston-villa-a,1999-10-13,1749.87,1725.76,1566.94,0.6699
1999-10-16-watford-h,1999-10-16,1725.76,1732.13,1518.94,0.8229
1999-10-19-olympique-de-marseille-a,1999-10-19,1732.13,1708.65,1496.04,0.7337
1999-10-23-tottenham-hotspur-a,1999-10-23,1708.65,1690.2,1567.17,0.6152
1999-10-27-gnk-dinamo-zagreb-a,1999-10-27,1690.2,1700.97,1512.41,0.6633
1999-10-30-aston-villa-h,1999-10-30,1700.97,1710.81,1591.06,0.7267
1999-11-02-sk-sturm-graz-h,1999-11-02,1710.81,1716.1,1489.34,0.8348
1999-11-06-leicester-city-h,1999-11-06,1716.1,1722.22,1539.84,0.7958
1999-11-20-derby-county-a,1999-11-20,1722.22,1730,1534.44,0.676
1999-11-23-acf-fiorentina-a,1999-11-23,1730,1700.93,1500,0.7268
1999-11-30-sociedade-esportiva-palmeiras-n,1999-11-30,1700.93,1706.67,1500,0.7607
1999-12-04-everton-h,1999-12-04,1706.67,1718.6,1606.1,0.7159
1999-12-08-valencia-cf-h,1999-12-08,1718.6,1727.95,1532.02,0.8052
1999-12-18-west-ham-united-a,1999-12-18,1727.95,1737.84,1544.82,0.6701
1999-12-26-bradford-city-h,1999-12-26,1737.84,1743.38,1470.47,0.8681
1999-12-28-sunderland-a,1999-12-28,1743.38,1739.42,1564.13,0.6652
2000-01-06-club-necaxa-n,2000-01-06,1739.42,1732.25,1500,0.7987
2000-01-08-cr-vasco-da-gama-n,2000-01-08,1732.25,1708.49,1500,0.792
2000-01-11-south-melbourne-n,2000-01-11,1708.49,1715.43,1500,0.7686
2000-01-24-arsenal-h,2000-01-24,1715.43,1711.65,1661.89,0.6578
2000-01-29-middlesbrough-h,2000-01-29,1711.65,1715.78,1498.94,0.8278
2000-02-02-sheffield-wednesday-a,2000-02-02,1715.78,1725.95,1602.53,0.576
2000-02-05-coventry-city-h,2000-02-05,1725.95,1729.36,1473.06,0.8583
2000-02-12-newcastle-united-a,2000-02-12,1729.36,1704.7,1534.61,0.6847
2000-02-20-leeds-united-a,2000-02-20,1704.7,1713.82,1559.61,0.6201
2000-02-26-wimbledon-a,2000-02-26,1713.82,1709.35,1517.84,0.6863
2000-03-01-bordeaux-h,2000-03-01,1709.35,1716.35,1500,0.825
2000-03-04-liverpool-h,2000-03-04,1716.35,1710.63,1596.03,0.7385
2000-03-07-bordeaux-a,2000-03-07,1710.63,1719.83,1493,0.7125
2000-03-11-derby-county-h,2000-03-11,1719.83,1725.5,1526.67,0.8111
2000-03-15-acf-fiorentina-h,2000-03-15,1725.5,1732.94,1529.07,0.814
2000-03-18-leicester-city-a,2000-03-18,1732.94,1742.23,1533.72,0.6903
2000-03-21-valencia-cf-a,2000-03-21,1742.23,1735.36,1522.68,0.7147
2000-03-25-bradford-city-a,2000-03-25,1735.36,1745,1464.93,0.7705
2000-04-01-west-ham-united-h,2000-04-01,1745,1754.41,1534.93,0.8256
2000-04-04-real-madrid-a,2000-04-04,1754.41,1747.55,1534.99,0.7146
2000-04-10-middlesbrough-a,2000-04-10,1747.55,1753.5,1494.81,0.752
2000-04-15-sunderland-h,2000-04-15,1753.5,1761.72,1568.09,0.8042
2000-04-19-real-madrid-h,2000-04-19,1761.72,1735.05,1541.85,0.8336
2000-04-22-southampton-a,2000-04-22,1735.05,1744.71,1545.65,0.6781
2000-04-24-chelsea-h,2000-04-24,1744.71,1750.47,1604.77,0.7597
2000-04-29-watford-a,2000-04-29,1750.47,1756.82,1512.56,0.7358
2000-05-06-tottenham-hotspur-h,2000-05-06,1756.82,1763.09,1585.63,0.791
2000-05-14-aston-villa-a,2000-05-14,1763.09,1771.04,1581.22,0.6685
2000-08-13-chelsea-n,2000-08-13,1771.04,1752.81,1599.01,0.7292
2000-08-20-newcastle-united-h,2000-08-20,1752.81,1758.47,1559.26,0.8115
2000-08-22-ipswich-town-a,2000-08-22,1758.47,1754.72,1586.22,0.6561
2000-08-26-west-ham-united-a,2000-08-26,1754.72,1749.3,1525.51,0.7259
2000-09-05-bradford-city-h,2000-09-05,1749.3,1755.53,1455.3,0.8847
2000-09-09-sunderland-h,2000-09-09,1755.53,1762.25,1559.87,0.8133
2000-09-13-anderlecht-h,2000-09-13,1762.25,1769.34,1486.87,0.8733
2000-09-16-everton-a,2000-09-16,1769.34,1779.54,1594.16,0.6599
2000-09-19-dynamo-kyiv-a,2000-09-19,1779.54,1770.59,1500,0.7797
2000-09-23-chelsea-h,2000-09-23,1770.59,1764.03,1617.23,0.7735
2000-09-26-psv-eindhoven-a,2000-09-26,1764.03,1733.36,1497.43,0.7666
2000-10-01-arsenal-a,2000-10-01,1733.36,1721.1,1665.68,0.5111
2000-10-14-leicester-city-a,2000-10-14,1721.1,1732.36,1524.42,0.6871
2000-10-18-psv-eindhoven-h,2000-10-18,1732.36,1739.53,1528.09,0.8207
2000-10-21-leeds-united-h,2000-10-21,1739.53,1746.46,1550.49,0.8075
2000-10-24-anderlecht-a,2000-10-24,1746.46,1721.93,1479.77,0.7667
2000-10-28-southampton-h,2000-10-28,1721.93,1731.31,1535.99,0.8047
2000-10-31-watford-a,2000-10-31,1731.31,1741.34,1506.22,0.7212
2000-11-04-coventry-city-a,2000-11-04,1741.34,1746.82,1469.66,0.7718
2000-11-08-dynamo-kyiv-h,2000-11-08,1746.82,1751.7,1508.95,0.8474
2000-11-11-middlesbrough-h,2000-11-11,1751.7,1754.94,1488.86,0.8651
2000-11-18-manchester-city-a,2000-11-18,1754.94,1761.38,1520.91,0.7314
2000-11-21-panathinaikos-h,2000-11-21,1761.38,1766.82,1500,0.8641
2000-11-25-derby-county-a,2000-11-25,1766.82,1776.02,1521,0.7445
2000-11-28-sunderland-a,2000-11-28,1776.02,1758.77,1553.15,0.7186
2000-12-02-tottenham-hotspur-h,2000-12-02,1758.77,1764.81,1579.36,0.7987
2000-12-06-sk-sturm-graz-a,2000-12-06,1764.81,1773.57,1484.05,0.7809
2000-12-09-charlton-athletic-a,2000-12-09,1773.57,1766.36,1472.12,0.8006
2000-12-17-liverpool-h,2000-12-17,1766.36,1747.53,1601.75,0.7846
2000-12-23-ipswich-town-h,2000-12-23,1747.53,1754.2,1589.97,0.7777
2000-12-26-aston-villa-a,2000-12-26,1754.2,1762.18,1573.26,0.6673
2000-12-30-newcastle-united-a,2000-12-30,1762.18,1757.34,1553.6,0.7017
2001-01-01-west-ham-united-h,2001-01-01,1757.34,1762.18,1530.93,0.8387
2001-01-07-fulham-a,2001-01-07,1762.18,1766.99,1429.06,0.8281
2001-01-13-bradford-city-a,2001-01-13,1766.99,1773.64,1449.07,0.8153
2001-01-20-aston-villa-h,2001-01-20,1773.64,1778.92,1565.28,0.8242
2001-01-28-west-ham-united-h,2001-01-28,1778.92,1754.89,1526.09,0.8582
2001-01-31-sunderland-a,2001-01-31,1754.89,1762.76,1570.39,0.6719
2001-02-03-everton-h,2001-02-03,1762.76,1767.61,1583.96,0.7981
2001-02-10-chelsea-a,2001-02-10,1767.61,1764.77,1623.8,0.6183
2001-02-14-valencia-cf-a,2001-02-14,1764.77,1757.32,1529.55,0.7328
2001-02-20-valencia-cf-h,2001-02-20,1757.32,1746.63,1537,0.8339
2001-02-25-arsenal-h,2001-02-25,1746.63,1762.13,1677.94,0.6772
2001-03-03-leeds-united-a,2001-03-03,1762.13,1757,1543.56,0.7136
2001-03-07-panathinaikos-a,2001-03-07,1757,1748.61,1494.57,0.7623
2001-03-13-sk-sturm-graz-h,2001-03-13,1748.61,1754.75,1475.29,0.872
2001-03-17-leicester-city-h,2001-03-17,1754.75,1759.25,1513.16,0.8502
2001-03-31-liverpool-a,2001-03-31,1759.25,1740.91,1620.59,0.6113
2001-04-03-bayern-munich-h,2001-04-03,1740.91,1713.94,1509.27,0.8427
2001-04-10-charlton-athletic-h,2001-04-10,1713.94,1717.66,1479.34,0.845
2001-04-14-coventry-city-h,2001-04-14,1717.66,1721.9,1464.18,0.8587
2001-04-18-bayern-munich-a,2001-04-18,1721.9,1700.35,1536.23,0.6734
2001-04-21-manchester-city-h,2001-04-21,1700.35,1693.04,1514.47,0.8046
2001-04-28-middlesbrough-a,2001-04-28,1693.04,1702.03,1485.62,0.7003
2001-05-05-derby-county-h,2001-05-05,1702.03,1682.63,1511.8,0.8085
2001-05-13-southampton-a,2001-05-13,1682.63,1667.39,1526.61,0.6348
2001-05-19-tottenham-hotspur-a,2001-05-19,1667.39,1650.93,1573.32,0.5489
2001-08-12-liverpool-n,2001-08-12,1650.93,1640.58,1638.92,0.5173
2001-08-19-fulham-h,2001-08-19,1640.58,1644.65,1424.25,0.8307
2001-08-22-blackburn-rovers-a,2001-08-22,1644.65,1641.51,1491.81,0.6305
2001-08-26-aston-villa-a,2001-08-26,1641.51,1640.77,1560,0.5309
2001-09-08-everton-h,2001-09-08,1640.77,1652.71,1579.12,0.6683
2001-09-15-newcastle-united-a,2001-09-15,1652.71,1639.53,1558.44,0.5492
2001-09-18-lille-osc-h,2001-09-18,1639.53,1647.24,1500,0.7593
2001-09-22-ipswich-town-h,2001-09-22,1647.24,1661.05,1583.3,0.6712
2001-09-25-deportivo-de-la-coruna-a,2001-09-25,1661.05,1640.52,1500,0.6415
2001-09-29-tottenham-hotspur-a,2001-09-29,1640.52,1655.92,1589.78,0.4867
2001-10-10-olympiacos-a,2001-10-10,1655.92,1670.54,1500,0.6346
2001-10-13-sunderland-a,2001-10-13,1670.54,1683.48,1562.52,0.5687
2001-10-17-deportivo-de-la-coruna-h,2001-10-17,1683.48,1658.42,1520.53,0.783
2001-10-20-bolton-wanderers-h,2001-10-20,1658.42,1640.97,1548.2,0.7271
2001-10-23-olympiacos-h,2001-10-23,1640.97,1651.73,1485.39,0.7757
2001-10-27-leeds-united-h,2001-10-27,1651.73,1646.48,1548.69,0.7188
2001-10-31-lille-osc-a,2001-10-31,1646.48,1642.25,1492.3,0.6323
2001-11-04-liverpool-a,2001-11-04,1642.25,1630.11,1649.27,0.4047
2001-11-05-arsenal-a,2001-11-05,1630.11,1614.56,1662.45,0.3702
2001-11-17-leicester-city-h,2001-11-17,1614.56,1622.9,1508.67,0.7221
2001-11-20-bayern-munich-a,2001-11-20,1622.9,1622.66,1557.78,0.5074
2001-11-25-arsenal-a,2001-11-25,1622.66,1612.47,1677.99,0.3399
2001-12-01-chelsea-h,2001-12-01,1612.47,1592.1,1626.64,0.5656
2001-12-05-boavista-h,2001-12-05,1592.1,1606.22,1500,0.7059
2001-12-08-west-ham-united-h,2001-12-08,1606.22,1590.35,1550.12,0.6611
2001-12-12-derby-county-h,2001-12-12,1590.35,1606.43,1531.21,0.665
2001-12-15-middlesbrough-a,2001-12-15,1606.43,1616.05,1476.63,0.5991
2001-12-22-southampton-h,2001-12-22,1616.05,1631.22,1541.85,0.6841
2001-12-26-everton-a,2001-12-26,1631.22,1646.04,1567.18,0.5058
2001-12-30-fulham-a,2001-12-30,1646.04,1652.71,1420.19,0.7221
2002-01-02-newcastle-united-h,2002-01-02,1652.71,1661.94,1571.62,0.6926
2002-01-06-aston-villa-a,2002-01-06,1661.94,1674.28,1560.75,0.559
2002-01-13-southampton-a,2002-01-13,1674.28,1685.58,1526.68,0.6235
2002-01-19-blackburn-rovers-h,2002-01-19,1685.58,1690.17,1494.94,0.8089
2002-01-22-liverpool-h,2002-01-22,1690.17,1675.17,1661.41,0.625
2002-01-26-middlesbrough-a,2002-01-26,1675.17,1650.63,1467.01,0.7012
2002-01-29-bolton-wanderers-a,2002-01-29,1650.63,1670.12,1565.65,0.5359
2002-02-02-sunderland-h,2002-02-02,1670.12,1679.52,1549.58,0.7387
2002-02-10-charlton-athletic-a,2002-02-10,1679.52,1688.64,1475.62,0.696
2002-02-20-nantes-a,2002-02-20,1688.64,1682.98,1500,0.6771
2002-02-23-aston-villa-h,2002-02-23,1682.98,1688.88,1548.4,0.754
2002-02-26-nantes-h,2002-02-26,1688.88,1699.96,1505.67,0.8022
2002-03-03-derby-county-a,2002-03-03,1699.96,1695.82,1515.13,0.6723
2002-03-06-tottenham-hotspur-h,2002-03-06,1695.82,1706.76,1574.38,0.7397
2002-03-13-bayern-munich-h,2002-03-13,1706.76,1698.15,1558.02,0.7688
2002-03-16-west-ham-united-a,2002-03-16,1698.15,1710.08,1565.99,0.6024
2002-03-19-boavista-a,2002-03-19,1710.08,1723.51,1485.88,0.7201
2002-03-23-middlesbrough-h,2002-03-23,1723.51,1703.28,1491.55,0.843
2002-03-30-leeds-united-a,2002-03-30,1703.28,1712.26,1553.94,0.6258
2002-04-02-deportivo-de-la-coruna-a,2002-04-02,1712.26,1726.31,1545.58,0.6489
2002-04-06-leicester-city-a,2002-04-06,1726.31,1732.98,1500.33,0.7222
2002-04-10-deportivo-de-la-coruna-h,2002-04-10,1732.98,1738.79,1531.54,0.8183
2002-04-20-chelsea-a,2002-04-20,1738.79,1755.15,1647,0.5456
2002-04-24-bayer-04-leverkusen-h,2002-04-24,1755.15,1743.63,1500,0.8599
2002-04-27-ipswich-town-a,2002-04-27,1743.63,1751.82,1569.49,0.6586
2002-04-30-bayer-04-leverkusen-a,2002-04-30,1751.82,1744.19,1511.52,0.7385
2002-05-08-arsenal-h,2002-05-08,1744.19,1728.33,1688.19,0.661
2002-05-11-charlton-athletic-h,2002-05-11,1728.33,1719.58,1466.5,0.8644
2002-08-14-zalaegerszegi-te-a,2002-08-14,1719.58,1696.71,1500,0.7148
2002-08-17-west-bromwich-albion-h,2002-08-17,1696.71,1702.98,1576,0.7389
2002-08-23-chelsea-a,2002-08-23,1702.98,1702.55,1630.64,0.5177
2002-08-27-zalaegerszegi-te-h,2002-08-27,1702.55,1715.42,1522.87,0.7989
2002-08-31-sunderland-a,2002-08-31,1715.42,1711.58,1540.17,0.66
2002-09-03-middlesbrough-h,2002-09-03,1711.58,1715.97,1511.78,0.8169
2002-09-11-bolton-wanderers-h,2002-09-11,1715.97,1697.02,1546.15,0.7897
2002-09-14-leeds-united-a,2002-09-14,1697.02,1681.91,1544.96,0.6295
2002-09-18-maccabi-haifa-h,2002-09-18,1681.91,1691.47,1500,0.801
2002-09-21-tottenham-hotspur-h,2002-09-21,1691.47,1697.54,1563.45,0.7469
2002-09-24-bayer-04-leverkusen-a,2002-09-24,1697.54,1708.29,1519.15,0.6641
2002-09-28-charlton-athletic-a,2002-09-28,1708.29,1716.38,1475.24,0.7303
2002-10-01-olympiacos-h,2002-10-01,1716.38,1724.76,1474.62,0.8503
2002-10-07-everton-h,2002-10-07,1724.76,1732.25,1552.35,0.7921
2002-10-19-fulham-a,2002-10-19,1732.25,1724.66,1413.52,0.816
2002-10-23-olympiacos-a,2002-10-23,1724.66,1732.4,1466.24,0.7581
2002-10-26-aston-villa-h,2002-10-26,1732.4,1725.01,1542.49,0.8082
2002-10-29-maccabi-haifa-a,2002-10-29,1725.01,1689.87,1490.45,0.732
2002-11-02-southampton-h,2002-11-02,1689.87,1694.81,1515.39,0.7941
2002-11-05-leicester-city-h,2002-11-05,1694.81,1700.27,1493.66,0.8181
2002-11-09-manchester-city-a,2002-11-09,1700.27,1680.34,1521.78,0.6642
2002-11-13-bayer-04-leverkusen-h,2002-11-13,1680.34,1688.67,1508.4,0.7917
2002-11-17-west-ham-united-a,2002-11-17,1688.67,1686.14,1554.06,0.6058
2002-11-23-newcastle-united-h,2002-11-23,1686.14,1693.87,1562.4,0.7422
2002-11-26-basel-a,2002-11-26,1693.87,1706.52,1500,0.6837
2002-12-01-liverpool-a,2002-12-01,1706.52,1719.55,1676.41,0.4571
2002-12-03-burnley-a,2002-12-03,1719.55,1728.19,1502.14,0.7122
2002-12-07-arsenal-h,2002-12-07,1728.19,1739.62,1704.05,0.6188
2002-12-11-deportivo-de-la-coruna-h,2002-12-11,1739.62,1746.47,1525.72,0.8287
2002-12-14-west-ham-united-h,2002-12-14,1746.47,1753.38,1556.6,0.8082
2002-12-17-chelsea-h,2002-12-17,1753.38,1759.6,1631.07,0.7407
2002-12-22-blackburn-rovers-a,2002-12-22,1759.6,1741.14,1490.35,0.7693
2002-12-26-middlesbrough-a,2002-12-26,1741.14,1719.21,1507.38,0.7311
2002-12-28-birmingham-city-h,2002-12-28,1719.21,1724.15,1497.22,0.8352
2003-01-01-sunderland-h,2003-01-01,1724.15,1728.96,1544.01,0.7994
2003-01-04-portsmouth-h,2003-01-04,1728.96,1736.3,1519.08,0.8254
2003-01-07-blackburn-rovers-h,2003-01-07,1736.3,1728.15,1508.82,0.8395
2003-01-11-west-bromwich-albion-a,2003-01-11,1728.15,1739.01,1569.73,0.638
2003-01-18-chelsea-h,2003-01-18,1739.01,1745.45,1624.84,0.7316
2003-01-22-blackburn-rovers-a,2003-01-22,1745.45,1753.7,1516.96,0.7251
2003-01-26-west-ham-united-h,2003-01-26,1753.7,1765.01,1549.7,0.8205
2003-02-01-southampton-a,2003-02-01,1765.01,1772.39,1510.45,0.754
2003-02-04-birmingham-city-a,2003-02-04,1772.39,1777.66,1492.28,0.7802
2003-02-09-manchester-city-h,2003-02-09,1777.66,1769.36,1541.7,0.846
2003-02-15-arsenal-h,2003-02-15,1769.36,1745.3,1692.62,0.6872
2003-02-19-juventus-h,2003-02-19,1745.3,1753.08,1607.95,0.757
2003-02-22-bolton-wanderers-a,2003-02-22,1753.08,1748.85,1565.11,0.6763
2003-02-25-juventus-a,2003-02-25,1748.85,1766.85,1600.17,0.6249
2003-03-02-liverpool-n,2003-03-02,1766.85,1747.51,1663.38,0.6447
2003-03-05-leeds-united-h,2003-03-05,1747.51,1752.17,1560.06,0.806
2003-03-12-basel-h,2003-03-12,1752.17,1740.44,1487.35,0.8664
2003-03-15-aston-villa-a,2003-03-15,1740.44,1748.14,1549.89,0.6795
2003-03-18-deportivo-de-la-coruna-a,2003-03-18,1748.14,1719.1,1518.87,0.726
2003-03-22-fulham-h,2003-03-22,1719.1,1723.16,1421.1,0.887
2003-04-05-liverpool-h,2003-04-05,1723.16,1738.26,1682.72,0.6406
2003-04-08-real-madrid-a,2003-04-08,1738.26,1712.14,1568.53,0.6529
2003-04-12-newcastle-united-a,2003-04-12,1712.14,1727.4,1554.67,0.6367
2003-04-16-arsenal-a,2003-04-16,1727.4,1729.09,1716.67,0.4296
2003-04-19-blackburn-rovers-h,2003-04-19,1729.09,1734.07,1508.72,0.834
2003-04-23-real-madrid-h,2003-04-23,1734.07,1741.78,1594.64,0.7591
2003-04-27-tottenham-hotspur-a,2003-04-27,1741.78,1751.63,1557.38,0.6717
2003-05-03-charlton-athletic-h,2003-05-03,1751.63,1755.98,1467.15,0.879
2003-05-11-everton-a,2003-05-11,1755.98,1763.07,1544.87,0.7047
2003-08-10-arsenal-n,2003-08-10,1763.07,1761.69,1714.98,0.5688
2003-08-16-bolton-wanderers-h,2003-08-16,1761.69,1769.66,1569.34,0.8104
2003-08-23-newcastle-united-a,2003-08-23,1769.66,1776.21,1539.41,0.7271
2003-08-27-wolverhampton-wanderers-h,2003-08-27,1776.21,1780.14,1553.2,0.8361
2003-08-31-southampton-a,2003-08-31,1780.14,1761.49,1503.07,0.7772
2003-09-13-charlton-athletic-a,2003-09-13,1761.49,1767.55,1462.8,0.798
2003-09-16-panathinaikos-h,2003-09-16,1767.55,1776.1,1502.96,0.8663
2003-09-21-arsenal-h,2003-09-21,1776.1,1772.12,1716.35,0.6658
2003-09-27-leicester-city-a,2003-09-27,1772.12,1779.9,1488.21,0.784
2003-10-01-vfb-stuttgart-a,2003-10-01,1779.9,1754.94,1500,0.78
2003-10-04-birmingham-city-h,2003-10-04,1754.94,1759.67,1487,0.8685
2003-10-18-leeds-united-a,2003-10-18,1759.67,1766.96,1555.41,0.6965
2003-10-22-rangers-a,2003-10-22,1766.96,1774.42,1500,0.767
2003-10-25-fulham-h,2003-10-25,1774.42,1746.9,1417.04,0.917
2003-10-28-leeds-united-a,2003-10-28,1746.9,1754.35,1548.12,0.6897
2003-11-01-portsmouth-h,2003-11-01,1754.35,1759.72,1511.75,0.8509
2003-11-04-rangers-h,2003-11-04,1759.72,1766.05,1492.54,0.868
2003-11-09-liverpool-a,2003-11-09,1766.05,1776.73,1667.63,0.5551
2003-11-22-blackburn-rovers-h,2003-11-22,1776.73,1779.81,1503.74,0.8718
2003-11-26-panathinaikos-a,2003-11-26,1779.81,1786.68,1494.4,0.7854
2003-11-30-chelsea-a,2003-11-30,1786.68,1771.05,1618.4,0.651
2003-12-03-west-bromwich-albion-a,2003-12-03,1771.05,1749.87,1558.87,0.706
2003-12-06-aston-villa-h,2003-12-06,1749.87,1757.28,1542.2,0.8236
2003-12-09-vfb-stuttgart-h,2003-12-09,1757.28,1763.55,1524.96,0.8433
2003-12-13-manchester-city-h,2003-12-13,1763.55,1768.7,1550.01,0.8284
2003-12-21-tottenham-hotspur-a,2003-12-21,1768.7,1775.5,1547.53,0.7166
2003-12-26-everton-h,2003-12-26,1775.5,1779.16,1537.78,0.8473
2003-12-28-middlesbrough-a,2003-12-28,1779.16,1785.19,1529.32,0.7489
2004-01-04-aston-villa-a,2004-01-04,1785.19,1792.2,1534.79,0.7495
2004-01-07-bolton-wanderers-a,2004-01-07,1792.2,1798.74,1561.37,0.7278
2004-01-11-newcastle-united-h,2004-01-11,1798.74,1789.92,1532.86,0.8671
2004-01-17-wolverhampton-wanderers-a,2004-01-17,1789.92,1772.19,1549.26,0.7388
2004-01-25-northampton-town-a,2004-01-25,1772.19,1780.68,1473.67,0.7979
2004-01-31-southampton-h,2004-01-31,1780.68,1783.98,1521.72,0.8625
2004-02-07-everton-a,2004-02-07,1783.98,1790.01,1534.12,0.7489
2004-02-11-middlesbrough-h,2004-02-11,1790.01,1769.18,1523.29,0.8677
2004-02-14-manchester-city-h,2004-02-14,1769.18,1774.88,1544.86,0.8371
2004-02-21-leeds-united-h,2004-02-21,1774.88,1766.61,1540.68,0.8447
2004-02-25-porto-a,2004-02-25,1766.61,1742.51,1512.69,0.7533
2004-02-28-fulham-a,2004-02-28,1742.51,1735.37,1444.55,0.7973
2004-03-06-fulham-h,2004-03-06,1735.37,1738.77,1451.68,0.8785
2004-03-09-porto-h,2004-03-09,1738.77,1728.57,1536.79,0.8188
2004-03-14-manchester-city-a,2004-03-14,1728.57,1704.16,1539.16,0.6781
2004-03-20-tottenham-hotspur-h,2004-03-20,1704.16,1711.95,1540.73,0.7835
2004-03-28-arsenal-a,2004-03-28,1711.95,1714.29,1720.33,0.4028
2004-04-03-arsenal-n,2004-04-03,1714.29,1728.44,1718,0.4947
2004-04-10-birmingham-city-a,2004-04-10,1728.44,1734.56,1482.27,0.7449
2004-04-13-leicester-city-h,2004-04-13,1734.56,1737.94,1480.43,0.8592
2004-04-17-portsmouth-a,2004-04-17,1737.94,1720.45,1506.38,0.7286
2004-04-20-charlton-athletic-h,2004-04-20,1720.45,1724.48,1456.74,0.8657
2004-04-24-liverpool-h,2004-04-24,1724.48,1708.26,1656.95,0.6757
2004-05-01-blackburn-rovers-a,2004-05-01,1708.26,1691.45,1500.66,0.7005
2004-05-08-chelsea-h,2004-05-08,1691.45,1687.54,1634.02,0.6628
2004-05-15-aston-villa-a,2004-05-15,1687.54,1698.35,1527.78,0.6398
2004-05-22-millwall-n,2004-05-22,1698.35,1704.87,1403.9,0.8449
2004-08-08-arsenal-n,2004-08-08,1704.87,1692.33,1703.85,0.5015
2004-08-11-dinamo-bucuresti-a,2004-08-11,1692.33,1702.51,1500,0.6817
2004-08-15-chelsea-a,2004-08-15,1702.51,1690.36,1637.93,0.5066
2004-08-21-norwich-city-h,2004-08-21,1690.36,1695.15,1509.32,0.8002
2004-08-25-dinamo-bucuresti-h,2004-08-25,1695.15,1703.71,1489.82,0.8216
2004-08-28-blackburn-rovers-a,2004-08-28,1703.71,1699.54,1517.47,0.6741
2004-08-30-everton-h,2004-08-30,1699.54,1692.55,1528.09,0.7912
2004-09-11-bolton-wanderers-a,2004-09-11,1692.55,1689.91,1554.84,0.61
2004-09-15-olympique-lyonnais-a,2004-09-15,1689.91,1684.19,1500,0.6787
2004-09-20-liverpool-h,2004-09-20,1684.19,1693.77,1673.17,0.6008
2004-09-25-tottenham-hotspur-a,2004-09-25,1693.77,1702.38,1532.94,0.6412
2004-09-28-fenerbahce-h,2004-09-28,1702.38,1713.44,1518.89,0.8024
2004-10-03-middlesbrough-h,2004-10-03,1713.44,1706.5,1544.12,0.7892
2004-10-16-birmingham-city-a,2004-10-16,1706.5,1701.05,1476.15,0.7272
2004-10-19-ac-sparta-prague-a,2004-10-19,1701.05,1694.89,1500,0.6925
2004-10-24-arsenal-h,2004-10-24,1694.89,1708.23,1716.39,0.5552
2004-10-26-crewe-alexandra-a,2004-10-26,1708.23,1715.82,1418.74,0.7894
2004-10-30-portsmouth-a,2004-10-30,1715.82,1695.38,1523.87,0.6813
2004-11-03-ac-sparta-prague-h,2004-11-03,1695.38,1704.61,1506.16,0.8076
2004-11-07-manchester-city-h,2004-11-07,1704.61,1698.35,1563.57,0.7608
2004-11-10-crystal-palace-h,2004-11-10,1698.35,1702.62,1446.39,0.8576
2004-11-14-newcastle-united-a,2004-11-14,1702.62,1713.38,1541.67,0.6413
2004-11-20-charlton-athletic-h,2004-11-20,1713.38,1717.47,1452.71,0.8637
2004-11-23-olympique-lyonnais-h,2004-11-23,1717.47,1723.01,1505.72,0.827
2004-11-27-west-bromwich-albion-a,2004-11-27,1723.01,1736.79,1580.05,0.6172
2004-12-01-arsenal-h,2004-12-01,1736.79,1745.63,1703.04,0.6317
2004-12-04-southampton-h,2004-12-04,1745.63,1751.41,1518.42,0.8393
2004-12-08-fenerbahce-a,2004-12-08,1751.41,1715.79,1507.83,0.7421
2004-12-13-fulham-a,2004-12-13,1715.79,1709.37,1448.28,0.7676
2004-12-18-crystal-palace-h,2004-12-18,1709.37,1714.12,1442.12,0.8681
2004-12-26-bolton-wanderers-h,2004-12-26,1714.12,1720.82,1557.48,0.7768
2004-12-28-aston-villa-a,2004-12-28,1720.82,1728.12,1516.97,0.6959
2005-01-01-middlesbrough-a,2005-01-01,1728.12,1738.25,1551.06,0.6624
2005-01-04-tottenham-hotspur-h,2005-01-04,1738.25,1730.36,1524.32,0.8288
2005-01-08-exeter-city-h,2005-01-08,1730.36,1720.22,1471.87,0.8622
2005-01-12-chelsea-a,2005-01-12,1720.22,1719.87,1650.09,0.5146
2005-01-15-liverpool-a,2005-01-15,1719.87,1731.99,1663.59,0.4946
2005-01-19-exeter-city-a,2005-01-19,1731.99,1740.78,1482.01,0.7491
2005-01-22-aston-villa-h,2005-01-22,1740.78,1745.51,1509.67,0.8423
2005-01-26-chelsea-h,2005-01-26,1745.51,1728.48,1650.44,0.7094
2005-01-29-middlesbrough-h,2005-01-29,1728.48,1736.62,1540.93,0.8061
2005-02-01-arsenal-a,2005-02-01,1736.62,1752.38,1694.21,0.4747
2005-02-05-birmingham-city-h,2005-02-05,1752.38,1756.27,1481.6,0.8704
2005-02-13-manchester-city-a,2005-02-13,1756.27,1766.04,1569.83,0.6743
2005-02-19-everton-a,2005-02-19,1766.04,1775.56,1535.08,0.7279
2005-02-23-ac-milan-h,2005-02-23,1775.56,1748.23,1528.28,0.8543
2005-02-26-portsmouth-h,2005-02-26,1748.23,1752.53,1544.31,0.8204
2005-03-05-crystal-palace-a,2005-03-05,1752.53,1745.03,1437.37,0.8129
2005-03-08-ac-milan-a,2005-03-08,1745.03,1723.33,1555.62,0.6781
2005-03-12-southampton-a,2005-03-12,1723.33,1737.82,1512.63,0.7042
2005-03-19-fulham-h,2005-03-19,1737.82,1740.74,1454.7,0.8782
2005-04-02-blackburn-rovers-h,2005-04-02,1740.74,1732.75,1521.65,0.8329
2005-04-09-norwich-city-a,2005-04-09,1732.75,1711.01,1504.53,0.7248
2005-04-17-newcastle-united-n,2005-04-17,1711.01,1722,1530.91,0.7382
2005-04-20-everton-a,2005-04-20,1722,1705.52,1525.56,0.6869
2005-04-24-newcastle-united-h,2005-04-24,1705.52,1710.22,1519.91,0.8044
2005-05-01-charlton-athletic-a,2005-05-01,1710.22,1720.24,1448.62,0.7614
2005-05-07-west-bromwich-albion-h,2005-05-07,1720.24,1713.66,1566.27,0.7741
2005-05-10-chelsea-h,2005-05-10,1713.66,1694.21,1667.47,0.6482
2005-05-15-southampton-a,2005-05-15,1694.21,1701.74,1498.14,0.6864
2005-05-21-arsenal-n,2005-05-21,1701.74,1700.8,1678.45,0.5335
2005-08-09-debreceni-vsc-h,2005-08-09,1700.8,1709.55,1500,0.8178
2005-08-13-everton-a,2005-08-13,1709.55,1720.05,1542.04,0.65
2005-08-20-aston-villa-h,2005-08-20,1720.05,1724.14,1504.94,0.8297
2005-08-24-debreceni-vsc-a,2005-08-24,1724.14,1737.09,1491.25,0.7301
2005-08-28-newcastle-united-a,2005-08-28,1737.09,1745.57,1515.22,0.7174
2005-09-10-manchester-city-h,2005-09-10,1745.57,1738.26,1560.06,0.8043
2005-09-14-villarreal-cf-a,2005-09-14,1738.26,1730.71,1500,0.7362
2005-09-18-liverpool-a,2005-09-18,1730.71,1730.04,1651.46,0.5277
2005-09-24-blackburn-rovers-h,2005-09-24,1730.04,1710.42,1529.64,0.8174
2005-09-27-benfica-h,2005-09-27,1710.42,1715.2,1468.08,0.8507
2005-10-01-fulham-a,2005-10-01,1715.2,1720.88,1451.78,0.7633
2005-10-15-sunderland-a,2005-10-15,1720.88,1730.83,1539.2,0.6683
2005-10-18-lille-osc-h,2005-10-18,1730.83,1719.8,1496.53,0.8448
2005-10-22-tottenham-hotspur-h,2005-10-22,1719.8,1712.45,1532.21,0.8062
2005-10-26-barnet-h,2005-10-26,1712.45,1718.66,1500,0.8275
2005-10-29-middlesbrough-a,2005-10-29,1718.66,1694.41,1532.79,0.6736
2005-11-02-lille-osc-a,2005-11-02,1694.41,1672.81,1507.56,0.6748
2005-11-06-chelsea-h,2005-11-06,1672.81,1683.24,1686.91,0.5657
2005-11-19-charlton-athletic-a,2005-11-19,1683.24,1690.94,1438.6,0.7432
2005-11-22-villarreal-cf-h,2005-11-22,1690.94,1681.27,1507.56,0.8023
2005-11-27-west-ham-united-a,2005-11-27,1681.27,1690.46,1538.39,0.6171
2005-11-30-west-bromwich-albion-h,2005-11-30,1690.46,1698.39,1572.84,0.7354
2005-12-03-portsmouth-h,2005-12-03,1698.39,1706.37,1540,0.7785
2005-12-07-benfica-a,2005-12-07,1706.37,1682.64,1463.31,0.7415
2005-12-11-everton-h,2005-12-11,1682.64,1676.13,1531.54,0.7712
2005-12-14-wigan-athletic-h,2005-12-14,1676.13,1684.71,1500,0.7956
2005-12-17-aston-villa-a,2005-12-17,1684.71,1694.58,1500.86,0.6711
2005-12-20-birmingham-city-a,2005-12-20,1694.58,1703.23,1477.71,0.7116
2005-12-26-west-bromwich-albion-h,2005-12-26,1703.23,1711.95,1564.91,0.758
2005-12-28-birmingham-city-a,2005-12-28,1711.95,1706.15,1469.06,0.7413
2005-12-31-bolton-wanderers-h,2005-12-31,1706.15,1714.24,1550.78,0.7755
2006-01-03-arsenal-a,2006-01-03,1714.24,1715.1,1679.38,0.4639
2006-01-08-burton-albion-a,2006-01-08,1715.1,1709.24,1500,0.7095
2006-01-11-blackburn-rovers-a,2006-01-11,1709.24,1705.88,1549.26,0.64
2006-01-14-manchester-city-a,2006-01-14,1705.88,1687.54,1567.36,0.6111
2006-01-18-burton-albion-h,2006-01-18,1687.54,1698.7,1505.87,0.8008
2006-01-22-liverpool-h,2006-01-22,1698.7,1707.13,1652.12,0.6487
2006-01-25-blackburn-rovers-h,2006-01-25,1707.13,1712.54,1552.62,0.7747
2006-01-29-wolverhampton-wanderers-a,2006-01-29,1712.54,1728.47,1566.99,0.6207
2006-02-01-blackburn-rovers-a,2006-02-01,1728.47,1712.44,1547.21,0.6677
2006-02-04-fulham-h,2006-02-04,1712.44,1716.42,1446.1,0.8674
2006-02-11-portsmouth-a,2006-02-11,1716.42,1726.27,1532.03,0.6717
2006-02-18-liverpool-a,2006-02-18,1726.27,1711.36,1643.69,0.5324
2006-02-26-wigan-athletic-n,2006-02-26,1711.36,1720.6,1491.42,0.7801
2006-03-06-wigan-athletic-a,2006-03-06,1720.6,1726.92,1482.18,0.7363
2006-03-12-newcastle-united-h,2006-03-12,1726.92,1731.91,1506.74,0.8338
2006-03-18-west-bromwich-albion-a,2006-03-18,1731.91,1740.05,1556.2,0.6606
2006-03-26-birmingham-city-h,2006-03-26,1740.05,1744.85,1474.85,0.8667
2006-03-29-west-ham-united-h,2006-03-29,1744.85,1748.93,1529.2,0.8302
2006-04-01-bolton-wanderers-a,2006-04-01,1748.93,1756.16,1542.7,0.6988
2006-04-09-arsenal-h,2006-04-09,1756.16,1765.51,1678.52,0.6883
2006-04-14-sunderland-h,2006-04-14,1765.51,1757.2,1529.25,0.8462
2006-04-17-tottenham-hotspur-a,2006-04-17,1757.2,1764.1,1539.56,0.7125
2006-04-29-chelsea-a,2006-04-29,1764.1,1744.67,1676.49,0.5396
2006-05-01-middlesbrough-h,2006-05-01,1744.67,1737.32,1557.04,0.8062
2006-05-07-charlton-athletic-h,2006-05-07,1737.32,1741.87,1430.89,0.8918
2006-08-20-fulham-h,2006-08-20,1741.87,1746.57,1442.12,0.888
2006-08-23-charlton-athletic-a,2006-08-23,1746.57,1753.15,1426.35,0.8173
2006-08-26-watford-a,2006-08-26,1753.15,1758.99,1496.18,0.7565
2006-09-09-tottenham-hotspur-h,2006-09-09,1758.99,1762.86,1532.66,0.8387
2006-09-13-celtic-h,2006-09-13,1762.86,1767.18,1500,0.8651
2006-09-17-arsenal-h,2006-09-17,1767.18,1750.07,1669.17,0.7129
2006-09-23-reading-a,2006-09-23,1750.07,1743.05,1457.34,0.7924
2006-09-26-benfica-a,2006-09-26,1743.05,1750.87,1487.04,0.7555
2006-10-01-newcastle-united-h,2006-10-01,1750.87,1755.2,1501.76,0.8556
2006-10-14-wigan-athletic-a,2006-10-14,1755.2,1761.82,1475.85,0.7795
2006-10-17-fc-copenhagen-h,2006-10-17,1761.82,1768.33,1500,0.8644
2006-10-22-liverpool-h,2006-10-22,1768.33,1776.53,1658.6,0.7265
2006-10-25-crewe-alexandra-a,2006-10-25,1776.53,1780.06,1411.16,0.8529
2006-10-28-bolton-wanderers-a,2006-10-28,1780.06,1790.85,1535.47,0.7432
2006-11-01-fc-copenhagen-a,2006-11-01,1790.85,1765.35,1493.49,0.7968
2006-11-04-portsmouth-h,2006-11-04,1765.35,1770.7,1522.18,0.8513
2006-11-07-southend-united-a,2006-11-07,1770.7,1752.2,1500,0.7708
2006-11-11-blackburn-rovers-a,2006-11-11,1752.2,1759.94,1563.24,0.6775
2006-11-18-sheffield-united-a,2006-11-18,1759.94,1765.74,1501.36,0.7583
2006-11-21-celtic-a,2006-11-21,1765.74,1741.1,1495.68,0.7702
2006-11-26-chelsea-h,2006-11-26,1741.1,1737.57,1695.92,0.6469
2006-11-29-everton-h,2006-11-29,1737.57,1744.17,1538.05,0.8167
2006-12-02-middlesbrough-a,2006-12-02,1744.17,1752.19,1564.38,0.6659
2006-12-06-benfica-h,2006-12-06,1752.19,1757.32,1479.21,0.8718
2006-12-09-manchester-city-h,2006-12-09,1757.32,1763.58,1585.69,0.7914
2006-12-17-west-ham-united-a,2006-12-17,1763.58,1745.91,1525.12,0.7364
2006-12-23-aston-villa-a,2006-12-23,1745.91,1754.75,1490.99,0.7544
2006-12-26-wigan-athletic-h,2006-12-26,1754.75,1758.36,1469.24,0.8796
2006-12-30-reading-h,2006-12-30,1758.36,1761.13,1464.35,0.8847
2007-01-01-newcastle-united-a,2007-01-01,1761.13,1754.8,1497.43,0.7636
2007-01-07-aston-villa-h,2007-01-07,1754.8,1758.4,1482.14,0.8716
2007-01-13-aston-villa-h,2007-01-13,1758.4,1762.11,1478.55,0.8761
2007-01-21-arsenal-a,2007-01-21,1762.11,1749.57,1686.28,0.5228
2007-01-27-portsmouth-h,2007-01-27,1749.57,1753.94,1516.83,0.8436
2007-01-31-watford-h,2007-01-31,1753.94,1759.59,1490.34,0.8656
2007-02-04-tottenham-hotspur-a,2007-02-04,1759.59,1771.02,1528.79,0.7277
2007-02-10-charlton-athletic-h,2007-02-10,1771.02,1773.59,1419.77,0.9143
2007-02-17-reading-h,2007-02-17,1773.59,1762.54,1461.59,0.8949
2007-02-20-lille-osc-a,2007-02-20,1762.54,1771.16,1529.16,0.7307
2007-02-24-fulham-a,2007-02-24,1771.16,1775.27,1437.42,0.8286
2007-02-27-reading-a,2007-02-27,1775.27,1780.82,1472.64,0.8017
2007-03-03-liverpool-a,2007-03-03,1780.82,1790.42,1650.4,0.6
2007-03-07-lille-osc-h,2007-03-07,1790.42,1794.59,1520.54,0.8698
2007-03-10-middlesbrough-a,2007-03-10,1794.59,1787.98,1556.36,0.7361
2007-03-17-bolton-wanderers-h,2007-03-17,1787.98,1792.82,1524.69,0.8654
2007-03-19-middlesbrough-h,2007-03-19,1792.82,1797.27,1562.98,0.8414
2007-03-31-blackburn-rovers-h,2007-03-31,1797.27,1802.65,1555.5,0.8503
2007-04-04-roma-a,2007-04-04,1802.65,1777,1500,0.8017
2007-04-07-portsmouth-a,2007-04-07,1777,1758.65,1512.45,0.7645
2007-04-10-roma-h,2007-04-10,1758.65,1769.9,1525.65,0.8438
2007-04-14-watford-n,2007-04-14,1769.9,1776.71,1484.7,0.8378
2007-04-17-sheffield-united-h,2007-04-17,1776.71,1780.41,1495.56,0.8769
2007-04-21-middlesbrough-h,2007-04-21,1780.41,1772.36,1558.54,0.8351
2007-04-24-ac-milan-h,2007-04-24,1772.36,1778.35,1577.31,0.8128
2007-04-28-everton-a,2007-04-28,1778.35,1785.98,1531.45,0.7457
2007-05-02-ac-milan-a,2007-05-02,1785.98,1751.95,1571.32,0.7089
2007-05-05-manchester-city-a,2007-05-05,1751.95,1760.2,1579.44,0.6565
2007-05-09-chelsea-a,2007-05-09,1760.2,1760.17,1699.44,0.5011
2007-05-13-west-ham-united-h,2007-05-13,1760.17,1740.21,1542.79,0.8316
2007-05-19-chelsea-n,2007-05-19,1740.21,1724.58,1699.47,0.5584
2007-08-05-chelsea-n,2007-08-05,1724.58,1724.31,1715.1,0.5136
2007-08-12-reading-h,2007-08-12,1724.31,1715.63,1467.09,0.8613
2007-08-15-portsmouth-a,2007-08-15,1715.63,1711.5,1530.79,0.6723
2007-08-19-manchester-city-a,2007-08-19,1711.5,1696.77,1571.19,0.6136
2007-08-26-tottenham-hotspur-h,2007-08-26,1696.77,1701.61,1517.35,0.7987
2007-09-01-sunderland-h,2007-09-01,1701.61,1706.79,1537.56,0.7841
2007-09-15-everton-a,2007-09-15,1706.79,1714.71,1523.82,0.6699
2007-09-19-sporting-cp-a,2007-09-19,1714.71,1725.37,1534.07,0.667
2007-09-23-chelsea-h,2007-09-23,1725.37,1737.38,1715.38,0.5994
2007-09-26-coventry-city-h,2007-09-26,1737.38,1711.15,1459.94,0.8746
2007-09-29-birmingham-city-a,2007-09-29,1711.15,1717.4,1470.05,0.7393
2007-10-02-roma-h,2007-10-02,1717.4,1723.17,1514.41,0.8196
2007-10-06-wigan-athletic-h,2007-10-06,1723.17,1728.99,1465.63,0.8615
2007-10-20-aston-villa-a,2007-10-20,1728.99,1737.86,1474.83,0.7536
2007-10-23-dynamo-kyiv-a,2007-10-23,1737.86,1748.62,1504.07,0.7311
2007-10-27-middlesbrough-h,2007-10-27,1748.62,1755.78,1566.58,0.8011
2007-11-03-arsenal-a,2007-11-03,1755.78,1755.88,1698.82,0.4956
2007-11-07-dynamo-kyiv-h,2007-11-07,1755.88,1763.45,1493.31,0.8649
2007-11-11-blackburn-rovers-h,2007-11-11,1763.45,1768.6,1550.11,0.8283
2007-11-24-bolton-wanderers-a,2007-11-24,1768.6,1750.65,1519.84,0.7477
2007-11-27-sporting-cp-h,2007-11-27,1750.65,1755.79,1523.42,0.8394
2007-12-03-fulham-h,2007-12-03,1755.79,1758.78,1433.31,0.9004
2007-12-08-derby-county-h,2007-12-08,1758.78,1764.23,1519.26,0.8487
2007-12-12-roma-a,2007-12-12,1764.23,1756.06,1508.63,0.7551
2007-12-16-liverpool-a,2007-12-16,1756.06,1766.17,1640.8,0.5789
2007-12-23-everton-h,2007-12-23,1766.17,1769.62,1515.9,0.8564
2007-12-26-sunderland-a,2007-12-26,1769.62,1780.75,1532.38,0.735
2007-12-29-west-ham-united-a,2007-12-29,1780.75,1763.64,1562.75,0.7129
2008-01-01-birmingham-city-h,2008-01-01,1763.64,1766.32,1463.8,0.8881
2008-01-05-aston-villa-a,2008-01-05,1766.32,1773.34,1465.96,0.7996
2008-01-12-newcastle-united-h,2008-01-12,1773.34,1780.38,1503.75,0.8696
2008-01-19-reading-a,2008-01-19,1780.38,1786.28,1475.76,0.8035
2008-01-27-tottenham-hotspur-h,2008-01-27,1786.28,1790.75,1512.52,0.8723
2008-01-30-portsmouth-h,2008-01-30,1790.75,1794.94,1534.93,0.8603
2008-02-02-tottenham-hotspur-a,2008-02-02,1794.94,1788.05,1508.05,0.7869
2008-02-10-manchester-city-h,2008-02-10,1788.05,1768.4,1585.92,0.8189
2008-02-16-arsenal-h,2008-02-16,1768.4,1784.16,1698.72,0.6784
2008-02-20-olympique-lyonnais-a,2008-02-20,1784.16,1775.07,1500.18,0.784
2008-02-23-newcastle-united-a,2008-02-23,1775.07,1784.37,1496.71,0.7785
2008-03-01-fulham-a,2008-03-01,1784.37,1789.96,1430.32,0.8446
2008-03-04-olympique-lyonnais-h,2008-03-04,1789.96,1793.91,1509.27,0.8767
2008-03-08-portsmouth-h,2008-03-08,1793.91,1769.68,1530.74,0.8653
2008-03-15-derby-county-a,2008-03-15,1769.68,1775.55,1513.82,0.7554
2008-03-19-bolton-wanderers-h,2008-03-19,1775.55,1780.13,1537.79,0.8474
2008-03-23-liverpool-h,2008-03-23,1780.13,1788.43,1630.69,0.7695
2008-03-29-aston-villa-h,2008-03-29,1788.43,1792.46,1458.95,0.904
2008-04-01-roma-a,2008-04-01,1792.46,1801.43,1516.8,0.7758
2008-04-06-middlesbrough-a,2008-04-06,1801.43,1795.66,1559.42,0.7403
2008-04-09-roma-h,2008-04-09,1795.66,1799.47,1507.83,0.881
2008-04-13-arsenal-h,2008-04-13,1799.47,1805.85,1682.96,0.7342
2008-04-19-blackburn-rovers-a,2008-04-19,1805.85,1799.59,1544.96,0.7607
2008-04-23-barcelona-a,2008-04-23,1799.59,1792.31,1569.03,0.7275
2008-04-26-chelsea-a,2008-04-26,1792.31,1779.31,1703.36,0.5416
2008-04-29-barcelona-h,2008-04-29,1779.31,1785.09,1576.31,0.8197
2008-05-03-west-ham-united-h,2008-05-03,1785.09,1791.51,1579.86,0.8215
2008-05-11-wigan-athletic-a,2008-05-11,1791.51,1796.7,1459.81,0.8269
2008-05-21-chelsea-n,2008-05-21,1796.7,1793.07,1716.35,0.6136
2008-08-10-portsmouth-n,2008-08-10,1793.07,1787.12,1554.97,0.7975
2008-08-17-newcastle-united-h,2008-08-17,1787.12,1777.81,1487.41,0.888
2008-08-25-portsmouth-a,2008-08-25,1777.81,1784.73,1560.92,0.7116
2008-08-29-zenit-saint-petersburg-n,2008-08-29,1784.73,1767.98,1500,0.8374
2008-09-13-liverpool-a,2008-09-13,1767.98,1753.08,1622.39,0.6207
2008-09-17-villarreal-cf-h,2008-09-17,1753.08,1742.01,1517.23,0.8459
2008-09-21-chelsea-a,2008-09-21,1742.01,1743.32,1719.99,0.4456
2008-09-23-middlesbrough-h,2008-09-23,1743.32,1749.39,1565.19,0.7975
2008-09-27-bolton-wanderers-h,2008-09-27,1749.39,1754.47,1533.21,0.8306
2008-09-30-aab-fodbold-a,2008-09-30,1754.47,1766.29,1500,0.7539
2008-10-04-blackburn-rovers-a,2008-10-04,1766.29,1775,1551.21,0.7094
2008-10-18-west-bromwich-albion-h,2008-10-18,1775,1781.76,1548.05,0.8391
2008-10-21-celtic-h,2008-10-21,1781.76,1788.28,1520.33,0.8642
2008-10-25-everton-a,2008-10-25,1788.28,1781.66,1512.45,0.776
2008-10-29-west-ham-united-h,2008-10-29,1781.66,1786.94,1573.44,0.824
2008-11-01-hull-city-h,2008-11-01,1786.94,1789.34,1465.66,0.8998
2008-11-05-celtic-a,2008-11-05,1789.34,1780.52,1513.81,0.7757
2008-11-08-arsenal-a,2008-11-08,1780.52,1767.01,1676.58,0.5629
2008-11-11-queens-park-rangers-h,2008-11-11,1767.01,1769.88,1480.38,0.8803
2008-11-15-stoke-city-h,2008-11-15,1769.88,1778.05,1554.54,0.8299
2008-11-22-aston-villa-a,2008-11-22,1778.05,1770.37,1454.91,0.8198
2008-11-25-villarreal-cf-a,2008-11-25,1770.37,1762.68,1528.3,0.7404
2008-11-30-manchester-city-a,2008-11-30,1762.68,1771.41,1605.57,0.6362
2008-12-03-blackburn-rovers-h,2008-12-03,1771.41,1776.19,1542.5,0.8407
2008-12-06-sunderland-h,2008-12-06,1776.19,1779.56,1521.25,0.8597
2008-12-10-aab-fodbold-h,2008-12-10,1779.56,1767.3,1488.19,0.8832
2008-12-13-tottenham-hotspur-a,2008-12-13,1767.3,1761.26,1514.94,0.7516
2008-12-18-gamba-osaka-n,2008-12-18,1761.26,1766.71,1500,0.8182
2008-12-21-ldu-quito-n,2008-12-21,1766.71,1770.97,1500,0.8228
2008-12-26-stoke-city-a,2008-12-26,1770.97,1777.67,1546.38,0.7206
2008-12-29-middlesbrough-h,2008-12-29,1777.67,1781.69,1559.11,0.8325
2009-01-04-southampton-a,2009-01-04,1781.69,1790.47,1490.61,0.7909
2009-01-07-derby-county-a,2009-01-07,1790.47,1771.69,1507.95,0.7826
2009-01-11-chelsea-h,2009-01-11,1771.69,1784.03,1718.68,0.6571
2009-01-14-wigan-athletic-h,2009-01-14,1784.03,1786.34,1454.62,0.9039
2009-01-17-bolton-wanderers-a,2009-01-17,1786.34,1792.15,1528.13,0.7579
2009-01-20-derby-county-h,2009-01-20,1792.15,1796.15,1526.73,0.8668
2009-01-24-tottenham-hotspur-h,2009-01-24,1796.15,1799.7,1520.98,0.8732
2009-01-27-west-bromwich-albion-a,2009-01-27,1799.7,1811.31,1541.29,0.7581
2009-01-31-everton-h,2009-01-31,1811.31,1814.1,1519.08,0.8837
2009-02-08-west-ham-united-a,2009-02-08,1814.1,1820.23,1568.16,0.7447
2009-02-15-derby-county-a,2009-02-15,1820.23,1828.76,1522.73,0.7969
2009-02-18-fulham-h,2009-02-18,1828.76,1831.09,1424.72,0.9353
2009-02-21-blackburn-rovers-h,2009-02-21,1831.09,1833.86,1537.72,0.8843
2009-02-24-inter-milan-a,2009-02-24,1833.86,1823.43,1503.1,0.8262
2009-03-01-tottenham-hotspur-n,2009-03-01,1823.43,1814.95,1517.43,0.8534
2009-03-04-newcastle-united-a,2009-03-04,1814.95,1819.37,1496.72,0.8155
2009-03-07-fulham-a,2009-03-07,1819.37,1825.53,1422.39,0.8743
2009-03-11-inter-milan-h,2009-03-11,1825.53,1829.74,1513.54,0.8949
2009-03-14-liverpool-h,2009-03-14,1829.74,1800.56,1637.29,0.8105
2009-03-21-fulham-a,2009-03-21,1800.56,1774.58,1416.24,0.8661
2009-04-05-aston-villa-h,2009-04-05,1774.58,1777.1,1462.59,0.8949
2009-04-07-porto-h,2009-04-07,1777.1,1766.17,1546.99,0.8416
2009-04-11-sunderland-a,2009-04-11,1766.17,1772.24,1517.88,0.7472
2009-04-15-porto-a,2009-04-15,1772.24,1781.56,1557.92,0.7085
2009-04-19-everton-n,2009-04-19,1781.56,1772.56,1516.29,0.8216
2009-04-22-portsmouth-h,2009-04-22,1772.56,1777.58,1554,0.8325
2009-04-25-tottenham-hotspur-h,2009-04-25,1777.58,1782.71,1525.91,0.8574
2009-04-29-arsenal-h,2009-04-29,1782.71,1792.11,1690.09,0.7065
2009-05-02-middlesbrough-a,2009-05-02,1792.11,1800.06,1555.09,0.7348
2009-05-05-arsenal-a,2009-05-05,1800.06,1816.68,1680.7,0.5846
2009-05-10-manchester-city-h,2009-05-10,1816.68,1821.67,1596.84,0.8335
2009-05-13-wigan-athletic-a,2009-05-13,1821.67,1825.13,1452.31,0.8558
2009-05-16-arsenal-h,2009-05-16,1825.13,1818.39,1664.08,0.7812
2009-05-24-hull-city-a,2009-05-24,1818.39,1822.1,1463.25,0.8454
2009-05-27-barcelona-n,2009-05-27,1822.1,1789.71,1570.54,0.8097
2009-08-09-chelsea-n,2009-08-09,1789.71,1787.35,1706.34,0.6177
2009-08-16-birmingham-city-h,2009-08-16,1787.35,1789.7,1461.11,0.9023
2009-08-19-burnley-a,2009-08-19,1789.7,1770.6,1493.51,0.7957
2009-08-22-wigan-athletic-a,2009-08-22,1770.6,1779.31,1448.85,0.8186
2009-08-29-arsenal-h,2009-08-29,1779.31,1785.91,1670.83,0.7251
2009-09-12-tottenham-hotspur-a,2009-09-12,1785.91,1792.95,1520.77,0.7651
2009-09-15-besiktas-a,2009-09-15,1792.95,1799.59,1500,0.7927
2009-09-20-manchester-city-h,2009-09-20,1799.59,1803.82,1591.85,0.8236
2009-09-23-wolverhampton-wanderers-h,2009-09-23,1803.82,1807.22,1551.06,0.8582
2009-09-26-stoke-city-a,2009-09-26,1807.22,1814.2,1539.67,0.7676
2009-09-30-vfl-wolfsburg-h,2009-09-30,1814.2,1817.52,1500,0.896
2009-10-03-sunderland-h,2009-10-03,1817.52,1808.13,1511.81,0.8914
2009-10-17-bolton-wanderers-h,2009-10-17,1808.13,1811.01,1522.32,0.8798
2009-10-21-pfc-cska-moscow-a,2009-10-21,1811.01,1817.12,1500,0.8092
2009-10-25-liverpool-a,2009-10-25,1817.12,1798.29,1666.47,0.6276
2009-10-27-barnsley-a,2009-10-27,1798.29,1802.11,1403.9,0.8727
2009-10-31-blackburn-rovers-h,2009-10-31,1802.11,1806.07,1534.94,0.868
2009-11-03-pfc-cska-moscow-h,2009-11-03,1806.07,1793.43,1493.9,0.895
2009-11-08-chelsea-a,2009-11-08,1793.43,1780.58,1708.69,0.5355
2009-11-21-everton-h,2009-11-21,1780.58,1785.62,1525.29,0.86
2009-11-25-besiktas-h,2009-11-25,1785.62,1757.34,1493.36,0.8837
2009-11-28-portsmouth-a,2009-11-28,1757.34,1768.09,1548.97,0.7014
2009-12-01-tottenham-hotspur-h,2009-12-01,1768.09,1772.31,1513.73,0.8593
2009-12-05-west-ham-united-a,2009-12-05,1772.31,1784.76,1562.03,0.7037
2009-12-08-vfl-wolfsburg-a,2009-12-08,1784.76,1793.24,1496.67,0.788
2009-12-12-aston-villa-h,2009-12-12,1793.24,1771.5,1460.06,0.9058
2009-12-15-wolverhampton-wanderers-h,2009-12-15,1771.5,1777.38,1547.66,0.8367
2009-12-19-fulham-a,2009-12-19,1777.38,1747.5,1442.22,0.8298
2009-12-27-hull-city-a,2009-12-27,1747.5,1753.87,1459.54,0.7879
2009-12-30-wigan-athletic-h,2009-12-30,1753.87,1758.87,1440.14,0.8958
2010-01-03-leeds-united-h,2010-01-03,1758.87,1735.76,1548.95,0.8255
2010-01-09-birmingham-city-a,2010-01-09,1735.76,1729.1,1458.77,0.7771
2010-01-16-burnley-h,2010-01-16,1729.1,1735.19,1512.61,0.8308
2010-01-19-manchester-city-a,2010-01-19,1735.19,1720.23,1587.61,0.6234
2010-01-23-hull-city-h,2010-01-23,1720.23,1725.78,1453.18,0.8679
2010-01-27-manchester-city-h,2010-01-27,1725.78,1733.53,1602.58,0.7417
2010-01-31-arsenal-a,2010-01-31,1733.53,1748.13,1664.23,0.5134
2010-02-06-portsmouth-h,2010-02-06,1748.13,1756.51,1538.22,0.8254
2010-02-10-aston-villa-a,2010-02-10,1756.51,1749.91,1481.8,0.7749
2010-02-16-ac-milan-a,2010-02-16,1749.91,1762.09,1605.35,0.6193
2010-02-20-everton-a,2010-02-20,1762.09,1739.89,1520.25,0.7402
2010-02-23-west-ham-united-h,2010-02-23,1739.89,1746.78,1549.59,0.8086
2010-02-28-aston-villa-n,2010-02-28,1746.78,1751.2,1488.4,0.8157
2010-03-06-wolverhampton-wanderers-a,2010-03-06,1751.2,1758.34,1541.78,0.7027
2010-03-10-ac-milan-h,2010-03-10,1758.34,1770.37,1593.17,0.7852
2010-03-14-fulham-h,2010-03-14,1770.37,1774.43,1472.09,0.8872
2010-03-21-liverpool-h,2010-03-21,1774.43,1781.57,1685.29,0.7023
2010-03-27-bolton-wanderers-a,2010-03-27,1781.57,1791.57,1519.43,0.762
2010-03-30-bayern-munich-a,2010-03-30,1791.57,1768.5,1566.62,0.721
2010-04-03-chelsea-h,2010-04-03,1768.5,1752.91,1721.55,0.6492
2010-04-07-bayern-munich-h,2010-04-07,1752.91,1759.85,1589.69,0.7833
2010-04-11-blackburn-rovers-a,2010-04-11,1759.85,1754.44,1530.98,0.7255
2010-04-17-manchester-city-a,2010-04-17,1754.44,1763.09,1594.83,0.6395
2010-04-24-tottenham-hotspur-h,2010-04-24,1763.09,1767.32,1509.51,0.8588
2010-05-02-sunderland-a,2010-05-02,1767.32,1773.45,1521.21,0.7449
2010-05-09-stoke-city-h,2010-05-09,1773.45,1779.76,1532.7,0.8496
2010-08-08-chelsea-h,2010-08-08,1779.76,1788.68,1737.13,0.6436
2010-08-16-newcastle-united-h,2010-08-16,1788.68,1792.78,1492.29,0.8861
2010-08-22-fulham-a,2010-08-22,1792.78,1785.07,1468.03,0.8211
2010-08-28-west-ham-united-h,2010-08-28,1785.07,1790.44,1542.69,0.8508
2010-09-11-everton-a,2010-09-11,1790.44,1784.52,1542.45,0.7469
2010-09-14-rangers-h,2010-09-14,1784.52,1772.13,1486.21,0.8872
2010-09-19-liverpool-h,2010-09-19,1772.13,1779.13,1678.15,0.7081
2010-09-22-scunthorpe-united-h,2010-09-22,1779.13,1783.61,1500,0.8757
2010-09-26-bolton-wanderers-a,2010-09-26,1783.61,1777.02,1509.43,0.7743
2010-09-29-valencia-cf-h,2010-09-29,1777.02,1782.11,1547.68,0.841
2010-10-02-sunderland-a,2010-10-02,1782.11,1775.7,1515.08,0.7671
2010-10-16-west-bromwich-albion-h,2010-10-16,1775.7,1767.22,1529.68,0.8534
2010-10-20-bursaspor-h,2010-10-20,1767.22,1771.44,1500,0.868
2010-10-24-stoke-city-a,2010-10-24,1771.44,1777.59,1526.38,0.7437
2010-10-26-wolverhampton-wanderers-h,2010-10-26,1777.59,1781.16,1534.64,0.8512
2010-10-30-tottenham-hotspur-h,2010-10-30,1781.16,1784.96,1505.27,0.8736
2010-11-02-bursaspor-h,2010-11-02,1784.96,1790.63,1495.78,0.8818
2010-11-06-wolverhampton-wanderers-h,2010-11-06,1790.63,1793.92,1531.07,0.8629
2010-11-10-manchester-city-a,2010-11-10,1793.92,1789.1,1586.18,0.7007
2010-11-13-aston-villa-a,2010-11-13,1789.1,1781.81,1483.97,0.8039
2010-11-20-wigan-athletic-h,2010-11-20,1781.81,1784.44,1435.14,0.9122
2010-11-24-rangers-h,2010-11-24,1784.44,1788.29,1498.6,0.8798
2010-11-27-blackburn-rovers-h,2010-11-27,1788.29,1795.98,1536.39,0.8576
2010-11-30-west-ham-united-h,2010-11-30,1795.98,1759.76,1537.32,0.8623
2010-12-07-valencia-cf-h,2010-12-07,1759.76,1749.16,1542.59,0.8314
2010-12-13-arsenal-h,2010-12-13,1749.16,1756,1649.64,0.7147
2010-12-26-sunderland-h,2010-12-26,1756,1760.66,1521.49,0.8449
2010-12-28-birmingham-city-a,2010-12-28,1760.66,1753.58,1465.42,0.7948
2011-01-01-west-bromwich-albion-a,2011-01-01,1753.58,1760.54,1538.16,0.7098
2011-01-04-stoke-city-h,2011-01-04,1760.54,1764.16,1520.23,0.8493
2011-01-09-liverpool-h,2011-01-09,1764.16,1772.37,1671.15,0.707
2011-01-16-tottenham-hotspur-a,2011-01-16,1772.37,1765.86,1501.48,0.771
2011-01-22-birmingham-city-h,2011-01-22,1765.86,1771.41,1472.49,0.8843
2011-01-25-blackpool-a,2011-01-25,1771.41,1776.24,1471.63,0.799
2011-01-29-southampton-a,2011-01-29,1776.24,1782,1481.83,0.794
2011-02-01-aston-villa-h,2011-02-01,1782,1785.52,1491.27,0.8828
2011-02-05-wolverhampton-wanderers-a,2011-02-05,1785.52,1767.34,1527.78,0.7574
2011-02-12-manchester-city-h,2011-02-12,1767.34,1772.24,1590.99,0.7959
2011-02-19-crawley-town-h,2011-02-19,1772.24,1775.85,1500,0.8713
2011-02-23-olympique-de-marseille-h,2011-02-23,1775.85,1764.31,1519.52,0.8607
2011-02-26-wigan-athletic-a,2011-02-26,1764.31,1771.57,1432.51,0.827
2011-03-01-chelsea-a,2011-03-01,1771.57,1760.15,1728.22,0.4761
2011-03-06-liverpool-a,2011-03-06,1760.15,1743.55,1662.94,0.5533
2011-03-12-arsenal-h,2011-03-12,1743.55,1753.48,1642.79,0.7161
2011-03-15-olympique-de-marseille-h,2011-03-15,1753.48,1758.74,1531.06,0.8356
2011-03-19-bolton-wanderers-h,2011-03-19,1758.74,1762.32,1516.02,0.851
2011-04-02-west-ham-united-a,2011-04-02,1762.32,1772,1573.54,0.6773
2011-04-06-chelsea-h,2011-04-06,1772,1783.84,1739.64,0.6299
2011-04-09-fulham-h,2011-04-09,1783.84,1787.06,1475.74,0.8927
2011-04-12-chelsea-h,2011-04-12,1787.06,1797.78,1727.8,0.6652
2011-04-16-manchester-city-n,2011-04-16,1797.78,1776.16,1586.09,0.7718
2011-04-19-newcastle-united-a,2011-04-19,1776.16,1769.25,1488.19,0.7879
2011-04-23-everton-h,2011-04-23,1769.25,1773.23,1548.38,0.8344
2011-04-26-schalke-04-h,2011-04-26,1773.23,1778.35,1500,0.8719
2011-05-01-arsenal-a,2011-05-01,1778.35,1763.46,1632.85,0.6206
2011-05-04-schalke-04-h,2011-05-04,1763.46,1769.75,1494.88,0.8689
2011-05-08-chelsea-h,2011-05-08,1769.75,1777.99,1717.09,0.6567
2011-05-14-blackburn-rovers-a,2011-05-14,1777.99,1772.03,1528.7,0.7483
2011-05-22-blackpool-h,2011-05-22,1772.03,1775.3,1466.81,0.8911
2011-05-28-barcelona-h,2011-05-28,1775.3,1743.61,1602.93,0.7921
2011-08-07-manchester-city-n,2011-08-07,1743.61,1749.89,1607.7,0.6862
2011-08-14-west-bromwich-albion-a,2011-08-14,1749.89,1756.76,1531.2,0.7137
2011-08-22-tottenham-hotspur-h,2011-08-22,1756.76,1761.96,1507.98,0.8554
2011-08-28-arsenal-h,2011-08-28,1761.96,1776.46,1647.75,0.7316
2011-09-10-bolton-wanderers-a,2011-09-10,1776.46,1787.79,1512.44,0.7639
2011-09-14-benfica-a,2011-09-14,1787.79,1777.82,1474.08,0.8116
2011-09-18-chelsea-h,2011-09-18,1777.82,1787.49,1708.85,0.6775
2011-09-20-leeds-united-a,2011-09-20,1787.49,1797.94,1572.06,0.7099
2011-09-24-stoke-city-a,2011-09-24,1797.94,1791.18,1516.61,0.7814
2011-09-27-basel-h,2011-09-27,1791.18,1778.91,1499.07,0.8836
2011-10-01-norwich-city-h,2011-10-01,1778.91,1783.16,1526.27,0.8581
2011-10-15-liverpool-a,2011-10-15,1783.16,1781.66,1679.54,0.5624
2011-10-18-otelul-galati-a,2011-10-18,1781.66,1790.39,1500,0.7818
2011-10-23-manchester-city-h,2011-10-23,1790.39,1751.64,1601.43,0.8074
2011-10-25-aldershot-town-a,2011-10-25,1751.64,1760.61,1500,0.7509
2011-10-29-everton-a,2011-10-29,1760.61,1767.55,1544.4,0.7108
2011-11-02-otelul-galati-h,2011-11-02,1767.55,1772.59,1491.27,0.8739
2011-11-05-sunderland-h,2011-11-05,1772.59,1775.95,1516.84,0.8603
2011-11-19-swansea-city-a,2011-11-19,1775.95,1781.52,1508.18,0.7678
2011-11-22-benfica-h,2011-11-22,1781.52,1769.14,1484.06,0.8867
2011-11-26-newcastle-united-h,2011-11-26,1769.14,1760.21,1495.1,0.8725
2011-11-30-crystal-palace-h,2011-11-30,1760.21,1738.69,1444.88,0.8967
2011-12-03-aston-villa-a,2011-12-03,1738.69,1744.68,1487.75,0.7501
2011-12-07-basel-a,2011-12-07,1744.68,1721.3,1511.35,0.7306
2011-12-10-wolverhampton-wanderers-h,2011-12-10,1721.3,1728.69,1545.96,0.7949
2011-12-18-queens-park-rangers-a,2011-12-18,1728.69,1736.18,1477.51,0.7504
2011-12-21-fulham-a,2011-12-21,1736.18,1747.53,1472.52,0.7636
2011-12-26-wigan-athletic-h,2011-12-26,1747.53,1752.31,1425.24,0.9003
2011-12-31-blackburn-rovers-h,2011-12-31,1752.31,1732.35,1534.66,0.8318
2012-01-04-newcastle-united-a,2012-01-04,1732.35,1706.25,1504.04,0.7249
2012-01-08-manchester-city-a,2012-01-08,1706.25,1720.01,1640.18,0.5087
2012-01-14-bolton-wanderers-h,2012-01-14,1720.01,1726.03,1501.11,0.8328
2012-01-22-arsenal-a,2012-01-22,1726.03,1736.9,1633.26,0.547
2012-01-28-liverpool-a,2012-01-28,1736.9,1723.07,1681.04,0.494
2012-01-31-stoke-city-h,2012-01-31,1723.07,1728.56,1523.37,0.8168
2012-02-05-chelsea-a,2012-02-05,1728.56,1729.62,1699.17,0.4561
2012-02-11-liverpool-h,2012-02-11,1729.62,1738.42,1694.87,0.6331
2012-02-16-afc-ajax-a,2012-02-16,1738.42,1749.48,1511.29,0.7235
2012-02-23-afc-ajax-h,2012-02-23,1749.48,1722.1,1500.23,0.8557
2012-02-26-norwich-city-a,2012-02-26,1722.1,1729.51,1522.01,0.6913
2012-03-04-tottenham-hotspur-a,2012-03-04,1729.51,1737.81,1502.78,0.7231
2012-03-08-athletic-bilbao-h,2012-03-08,1737.81,1711.25,1522.12,0.8302
2012-03-11-west-bromwich-albion-h,2012-03-11,1711.25,1717.08,1524.33,0.8056
2012-03-15-athletic-bilbao-a,2012-03-15,1717.08,1696.24,1548.68,0.6511
2012-03-18-wolverhampton-wanderers-a,2012-03-18,1696.24,1713.67,1538.58,0.637
2012-03-26-fulham-h,2012-03-26,1713.67,1717.08,1461.17,0.858
2012-04-02-blackburn-rovers-a,2012-04-02,1717.08,1727.78,1554.62,0.6433
2012-04-08-queens-park-rangers-h,2012-04-08,1727.78,1731.93,1470.02,0.8617
2012-04-11-wigan-athletic-a,2012-04-11,1731.93,1712.5,1420.46,0.8096
2012-04-15-aston-villa-h,2012-04-15,1712.5,1719.13,1481.75,0.8421
2012-04-22-everton-h,2012-04-22,1719.13,1711.91,1537.46,0.8008
2012-04-30-manchester-city-a,2012-04-30,1711.91,1699.03,1626.43,0.5366
2012-05-06-swansea-city-h,2012-05-06,1699.03,1704.61,1502.61,0.814
2012-05-13-sunderland-a,2012-05-13,1704.61,1712.29,1513.49,0.6802
2012-08-20-everton-a,2012-08-20,1712.29,1696.69,1544.68,0.6501
2012-08-25-fulham-h,2012-08-25,1696.69,1700.33,1457.76,0.8482
2012-09-02-southampton-a,2012-09-02,1700.33,1707.04,1476.06,0.7202
2012-09-15-wigan-athletic-h,2012-09-15,1707.04,1712.59,1439.89,0.868
2012-09-19-galatasaray-h,2012-09-19,1712.59,1718.33,1508.51,0.8206
2012-09-23-liverpool-a,2012-09-23,1718.33,1731.29,1686.07,0.4602
2012-09-26-newcastle-united-h,2012-09-26,1731.29,1735.65,1530.14,0.8181
2012-09-29-tottenham-hotspur-h,2012-09-29,1735.65,1715.25,1494.47,0.8499
2012-10-02-cfr-cluj-a,2012-10-02,1715.25,1724.55,1500,0.7097
2012-10-07-newcastle-united-a,2012-10-07,1724.55,1735.72,1525.77,0.6897
2012-10-20-stoke-city-h,2012-10-20,1735.72,1740.76,1517.87,0.8319
2012-10-23-braga-h,2012-10-23,1740.76,1745.57,1500,0.8496
2012-10-28-chelsea-a,2012-10-28,1745.57,1758,1698.12,0.482
2012-10-31-chelsea-a,2012-10-31,1758,1745.58,1685.68,0.5177
2012-11-03-arsenal-h,2012-11-03,1745.58,1751.78,1622.38,0.7416
2012-11-07-braga-a,2012-11-07,1751.78,1761.53,1495.19,0.7561
2012-11-10-aston-villa-a,2012-11-10,1761.53,1766.66,1475.12,0.7864
2012-11-17-norwich-city-a,2012-11-17,1766.66,1748.63,1514.61,0.7513
2012-11-20-galatasaray-a,2012-11-20,1748.63,1724.8,1502.76,0.7446
2012-11-24-queens-park-rangers-h,2012-11-24,1724.8,1728.93,1465.87,0.8625
2012-11-28-west-ham-united-h,2012-11-28,1728.93,1734.09,1563.86,0.7851
2012-12-01-reading-a,2012-12-01,1734.09,1739.75,1469.87,0.7642
2012-12-05-cfr-cluj-h,2012-12-05,1739.75,1712.37,1490.71,0.8556
2012-12-09-manchester-city-a,2012-12-09,1712.37,1723.92,1639.3,0.5188
2012-12-15-sunderland-h,2012-12-15,1723.92,1728.95,1505.81,0.8321
2012-12-23-swansea-city-a,2012-12-23,1728.95,1723.46,1497.03,0.729
2012-12-26-newcastle-united-h,2012-12-26,1723.46,1727.67,1514.6,0.8246
2012-12-29-west-bromwich-albion-h,2012-12-29,1727.67,1732.92,1518.5,0.8248
2013-01-01-wigan-athletic-a,2013-01-01,1732.92,1741.41,1434.34,0.7979
2013-01-05-west-ham-united-a,2013-01-05,1741.41,1736.66,1558.7,0.6696
2013-01-13-liverpool-h,2013-01-13,1736.66,1744.56,1673.11,0.6707
2013-01-16-west-ham-united-h,2013-01-16,1744.56,1750.16,1563.45,0.8003
2013-01-20-tottenham-hotspur-a,2013-01-20,1750.16,1744.57,1514.87,0.7328
2013-01-26-fulham-h,2013-01-26,1744.57,1749.5,1454.12,0.8826
2013-01-30-southampton-h,2013-01-30,1749.5,1752.47,1469.35,0.8763
2013-02-02-fulham-a,2013-02-02,1752.47,1757.21,1449.19,0.8023
2013-02-10-everton-h,2013-02-10,1757.21,1762.78,1560.28,0.8144
2013-02-13-real-madrid-a,2013-02-13,1762.78,1757.63,1586.93,0.6608
2013-02-18-reading-h,2013-02-18,1757.63,1760.87,1464.2,0.8844
2013-02-23-queens-park-rangers-a,2013-02-23,1760.87,1766.92,1461.74,0.7984
2013-03-02-norwich-city-h,2013-03-02,1766.92,1773.44,1532.64,0.8448
2013-03-05-real-madrid-h,2013-03-05,1773.44,1747.82,1592.08,0.8005
2013-03-10-chelsea-h,2013-03-10,1747.82,1743.54,1698.11,0.6528
2013-03-16-reading-h,2013-03-16,1743.54,1746.48,1460.97,0.8778
2013-03-30-sunderland-a,2013-03-30,1746.48,1752.61,1500.78,0.7444
2013-04-01-chelsea-a,2013-04-01,1752.61,1739,1702.39,0.4859
2013-04-08-manchester-city-h,2013-04-08,1739,1721.53,1627.76,0.7283
2013-04-14-stoke-city-a,2013-04-14,1721.53,1730.47,1512.83,0.7018
2013-04-17-west-ham-united-a,2013-04-17,1730.47,1726.71,1557.85,0.6566
2013-04-22-aston-villa-h,2013-04-22,1726.71,1731.72,1469.99,0.8609
2013-04-28-arsenal-a,2013-04-28,1731.72,1729.82,1616.18,0.5792
2013-05-05-chelsea-h,2013-05-05,1729.82,1715.3,1716,0.6047
2013-05-12-swansea-city-h,2013-05-12,1715.3,1719.44,1502.53,0.8278
2013-05-19-west-bromwich-albion-a,2013-05-19,1719.44,1714.67,1513.24,0.6988
2013-08-11-wigan-athletic-n,2013-08-11,1714.67,1718.65,1425.86,0.8406
2013-08-17-swansea-city-a,2013-08-17,1718.65,1728.89,1498.39,0.7156
2013-08-26-chelsea-h,2013-08-26,1728.89,1726.89,1730.51,0.5832
2013-09-01-liverpool-a,2013-09-01,1726.89,1714.84,1665.21,0.5024
2013-09-14-crystal-palace-h,2013-09-14,1714.84,1719.18,1466.4,0.8551
2013-09-17-bayer-04-leverkusen-h,2013-09-17,1719.18,1725.86,1500.06,0.833
2013-09-22-manchester-city-a,2013-09-22,1725.86,1706.8,1645.23,0.5297
2013-09-25-liverpool-h,2013-09-25,1706.8,1715.77,1677.27,0.6261
2013-09-28-west-bromwich-albion-h,2013-09-28,1715.77,1696.21,1518.01,0.8151
2013-10-02-shakhtar-donetsk-a,2013-10-02,1696.21,1690.24,1500,0.6866
2013-10-05-sunderland-a,2013-10-05,1690.24,1697.78,1494.64,0.6858
2013-10-19-southampton-h,2013-10-19,1697.78,1689.56,1466.38,0.8426
2013-10-23-real-sociedad-h,2013-10-23,1689.56,1695.7,1500,0.8079
2013-10-26-stoke-city-h,2013-10-26,1695.7,1700.26,1503.88,0.8099
2013-10-29-norwich-city-h,2013-10-29,1700.26,1708.93,1526.12,0.7938
2013-11-02-fulham-a,2013-11-02,1708.93,1715.99,1444.44,0.7644
2013-11-05-real-sociedad-a,2013-11-05,1715.99,1709.02,1493.85,0.7178
2013-11-10-arsenal-h,2013-11-10,1709.02,1716.12,1618.09,0.7045
2013-11-24-cardiff-city-a,2013-11-24,1716.12,1710.44,1477.43,0.7366
2013-11-27-bayer-04-leverkusen-a,2013-11-27,1710.44,1728.88,1493.38,0.7118
2013-12-01-tottenham-hotspur-a,2013-12-01,1728.88,1724.05,1520.45,0.7015
2013-12-04-everton-h,2013-12-04,1724.05,1705.11,1554.72,0.7892
2013-12-07-newcastle-united-h,2013-12-07,1705.11,1685.61,1510.39,0.8125
2013-12-10-shakhtar-donetsk-h,2013-12-10,1685.61,1692.04,1505.97,0.7989
2013-12-15-aston-villa-a,2013-12-15,1692.04,1702,1464.99,0.7234
2013-12-18-stoke-city-a,2013-12-18,1702,1711.16,1499.32,0.6945
2013-12-21-west-ham-united-h,2013-12-21,1711.16,1718.07,1561.61,0.7696
2013-12-26-hull-city-a,2013-12-26,1718.07,1723.58,1447.63,0.7705
2013-12-28-norwich-city-a,2013-12-28,1723.58,1730.81,1517.46,0.6987
2014-01-01-tottenham-hotspur-h,2014-01-01,1730.81,1711.09,1525.29,0.8218
2014-01-05-swansea-city-h,2014-01-05,1711.09,1687.68,1488.15,0.836
2014-01-07-sunderland-a,2014-01-07,1687.68,1671.07,1487.1,0.6919
2014-01-11-swansea-city-h,2014-01-11,1671.07,1677.68,1511.56,0.7796
2014-01-19-chelsea-a,2014-01-19,1677.68,1667.47,1732.5,0.3405
2014-01-22-sunderland-h,2014-01-22,1667.47,1672.66,1503.71,0.7838
2014-01-28-cardiff-city-h,2014-01-28,1672.66,1678.42,1483.11,0.8079
2014-02-01-stoke-city-a,2014-02-01,1678.42,1662.18,1490.16,0.6766
2014-02-09-fulham-h,2014-02-09,1662.18,1654.08,1437.38,0.8375
2014-02-12-arsenal-a,2014-02-12,1654.08,1654.66,1610.99,0.4757
2014-02-22-crystal-palace-a,2014-02-22,1654.66,1664.2,1462.05,0.6821
2014-02-25-olympiacos-a,2014-02-25,1664.2,1636.27,1458.5,0.6982
2014-03-08-west-bromwich-albion-a,2014-03-08,1636.27,1652.28,1537.58,0.5555
2014-03-16-liverpool-h,2014-03-16,1652.28,1632.01,1668.29,0.563
2014-03-19-olympiacos-h,2014-03-19,1632.01,1643.26,1486.43,0.7656
2014-03-22-west-ham-united-a,2014-03-22,1643.26,1657.03,1554.7,0.541
2014-03-25-manchester-city-h,2014-03-25,1657.03,1636.32,1664.3,0.5753
2014-03-29-aston-villa-h,2014-03-29,1636.32,1643.51,1455.03,0.8004
2014-04-01-bayern-munich-h,2014-04-01,1643.51,1638.16,1582.76,0.6671
2014-04-05-newcastle-united-a,2014-04-05,1638.16,1656.26,1529.89,0.569
2014-04-09-bayern-munich-a,2014-04-09,1656.26,1635.79,1588.1,0.5117
2014-04-20-everton-a,2014-04-20,1635.79,1620.7,1573.66,0.5031
2014-04-26-norwich-city-h,2014-04-26,1620.7,1632.15,1510.22,0.7274
2014-05-03-sunderland-h,2014-05-03,1632.15,1614.08,1498.52,0.753
2014-05-06-hull-city-h,2014-05-06,1614.08,1620.33,1442.12,0.7917
2014-05-11-southampton-a,2014-05-11,1620.33,1617.42,1474.6,0.6209
2014-08-16-swansea-city-h,2014-08-16,1617.42,1599.91,1504.95,0.7296
2014-08-24-sunderland-a,2014-08-24,1599.91,1599.11,1516.59,0.5335
2014-08-26-milton-keynes-dons-a,2014-08-26,1599.11,1575.75,1500,0.556
2014-08-30-burnley-a,2014-08-30,1575.75,1575.44,1506.52,0.5133
2014-09-14-queens-park-rangers-h,2014-09-14,1575.44,1586.45,1455.7,0.7378
2014-09-21-leicester-city-a,2014-09-21,1586.45,1569.33,1477.05,0.5706
2014-09-27-west-ham-united-h,2014-09-27,1569.33,1578.34,1540.93,0.6245
2014-10-05-everton-h,2014-10-05,1578.34,1588.64,1588.75,0.5709
2014-10-20-west-bromwich-albion-a,2014-10-20,1588.64,1588.39,1521.57,0.5102
2014-10-26-chelsea-h,2014-10-26,1588.39,1591.57,1742.72,0.3675
2014-11-02-manchester-city-a,2014-11-02,1591.57,1584.55,1685.01,0.2925
2014-11-08-crystal-palace-h,2014-11-08,1584.55,1590.52,1452.51,0.7513
2014-11-22-arsenal-a,2014-11-22,1590.52,1605.24,1610.41,0.387
2014-11-29-hull-city-h,2014-11-29,1605.24,1612.82,1435.87,0.7892
2014-12-02-stoke-city-h,2014-12-02,1612.82,1619.48,1506.4,0.7227
2014-12-08-southampton-a,2014-12-08,1619.48,1628.7,1477.5,0.6158
2014-12-14-liverpool-h,2014-12-14,1628.7,1646.69,1688.56,0.5002
2014-12-20-aston-villa-a,2014-12-20,1646.69,1642.13,1447.85,0.6898
2014-12-26-newcastle-united-h,2014-12-26,1642.13,1649.65,1511.79,0.7495
2014-12-28-tottenham-hotspur-a,2014-12-28,1649.65,1648.12,1545.01,0.5639
2015-01-01-stoke-city-a,2015-01-01,1648.12,1645.13,1499.74,0.6245
2015-01-04-yeovil-a,2015-01-04,1645.13,1657.21,1473.96,0.6547
2015-01-11-southampton-h,2015-01-11,1657.21,1637.84,1468.28,0.8074
2015-01-17-queens-park-rangers-a,2015-01-17,1637.84,1647.35,1444.69,0.6828
2015-01-23-cambridge-united-a,2015-01-23,1647.35,1643.86,1498.7,0.6249
2015-01-31-leicester-city-h,2015-01-31,1643.86,1650.76,1494.17,0.7698
2015-02-03-cambridge-united-h,2015-02-03,1650.76,1660.48,1502.19,0.7686
2015-02-08-west-ham-united-a,2015-02-08,1660.48,1658.14,1531.92,0.5974
2015-02-11-burnley-h,2015-02-11,1658.14,1665,1506.83,0.7714
2015-02-16-preston-north-end-a,2015-02-16,1665,1676.29,1476.15,0.6774
2015-02-21-swansea-city-a,2015-02-21,1676.29,1661.13,1522.46,0.6318
2015-02-28-sunderland-h,2015-02-28,1661.13,1668.22,1517.4,0.7636
2015-03-04-newcastle-united-a,2015-03-04,1668.22,1676.73,1504.27,0.6453
2015-03-09-arsenal-h,2015-03-09,1676.73,1657.34,1595.7,0.6925
2015-03-15-tottenham-hotspur-h,2015-03-15,1657.34,1667.14,1546.55,0.7277
2015-03-22-liverpool-a,2015-03-22,1667.14,1681.31,1670.57,0.4097
2015-04-04-aston-villa-h,2015-04-04,1681.31,1686.09,1452.4,0.8407
2015-04-12-manchester-city-h,2015-04-12,1686.09,1698.78,1692.03,0.5772
2015-04-18-chelsea-a,2015-04-18,1698.78,1690.16,1739.54,0.3589
2015-04-26-everton-a,2015-04-26,1690.16,1669.5,1578.45,0.5739
2015-05-02-west-bromwich-albion-h,2015-05-02,1669.5,1651.08,1521.82,0.7677
2015-05-09-crystal-palace-a,2015-05-09,1651.08,1658.35,1446.54,0.6968
2015-05-17-arsenal-h,2015-05-17,1658.35,1654.89,1615.09,0.6444
2015-05-24-hull-city-a,2015-05-24,1654.89,1649.54,1428.29,0.7229
2015-08-08-tottenham-hotspur-h,2015-08-08,1649.54,1656.02,1536.75,0.73
2015-08-14-aston-villa-a,2015-08-14,1656.02,1663.18,1447.62,0.7015
2015-08-18-club-brugge-kv-h,2015-08-18,1663.18,1671.85,1500,0.7833
2015-08-22-newcastle-united-h,2015-08-22,1671.85,1664.76,1495.76,0.7956
2015-08-26-club-brugge-kv-a,2015-08-26,1664.76,1683.93,1491.33,0.6577
2015-08-30-swansea-city-a,2015-08-30,1683.93,1669.01,1537.63,0.6217
2015-09-12-liverpool-h,2015-09-12,1669.01,1680.92,1656.4,0.603
2015-09-15-psv-eindhoven-a,2015-09-15,1680.92,1660.44,1520.92,0.6401
2015-09-20-southampton-a,2015-09-20,1660.44,1668.67,1487.66,0.6568
2015-09-23-ipswich-town-h,2015-09-23,1668.67,1678.61,1561.3,0.7238
2015-09-26-sunderland-h,2015-09-26,1678.61,1686.24,1510.31,0.7882
2015-09-30-vfl-wolfsburg-h,2015-09-30,1686.24,1692.15,1488.19,0.8154
2015-10-04-arsenal-a,2015-10-04,1692.15,1673.44,1618.55,0.5196
2015-10-17-everton-a,2015-10-17,1673.44,1690.7,1599.11,0.5206
2015-10-21-pfc-cska-moscow-a,2015-10-21,1690.7,1685.21,1506.53,0.6715
2015-10-25-manchester-city-h,2015-10-25,1685.21,1682.97,1679.35,0.5937
2015-10-28-middlesbrough-h,2015-10-28,1682.97,1676.84,1547.14,0.7553
2015-10-31-crystal-palace-a,2015-10-31,1676.84,1671.19,1439.27,0.7354
2015-11-03-pfc-cska-moscow-h,2015-11-03,1671.19,1678.25,1512.02,0.7793
2015-11-07-west-bromwich-albion-h,2015-11-07,1678.25,1685.52,1540.24,0.7576
2015-11-21-watford-a,2015-11-21,1685.52,1692.71,1477.88,0.7005
2015-11-25-psv-eindhoven-h,2015-11-25,1692.71,1684.02,1541.4,0.7714
2015-11-28-leicester-city-a,2015-11-28,1684.02,1679.53,1487.26,0.6872
2015-12-05-west-ham-united-h,2015-12-05,1679.53,1673.16,1534.26,0.7652
2015-12-08-vfl-wolfsburg-a,2015-12-08,1673.16,1651.41,1482.29,0.6799
2015-12-12-bournemouth-a,2015-12-12,1651.41,1636.17,1495.24,0.635
2015-12-19-norwich-city-h,2015-12-19,1636.17,1618,1498.77,0.757
2015-12-26-stoke-city-a,2015-12-26,1618,1600.63,1502.73,0.5789
2015-12-28-chelsea-h,2015-12-28,1600.63,1603.59,1748.15,0.3766
2016-01-02-swansea-city-h,2016-01-02,1603.59,1611.88,1552.55,0.6546
2016-01-09-sheffield-united-h,2016-01-09,1611.88,1619.21,1491.87,0.7381
2016-01-12-newcastle-united-a,2016-01-12,1619.21,1617.29,1502.85,0.5804
2016-01-17-liverpool-a,2016-01-17,1617.29,1632.24,1644.49,0.3771
2016-01-23-southampton-h,2016-01-23,1632.24,1613.68,1479.42,0.7729
2016-01-29-derby-county-a,2016-01-29,1613.68,1629.2,1514.2,0.5566
2016-02-02-stoke-city-h,2016-02-02,1629.2,1639.08,1520.1,0.7258
2016-02-07-chelsea-a,2016-02-07,1639.08,1644.41,1745.19,0.2776
2016-02-13-sunderland-a,2016-02-13,1644.41,1629.64,1502.68,0.6155
2016-02-18-midtjylland-a,2016-02-18,1629.64,1610.48,1500,0.5989
2016-02-22-shrewsbury-town-a,2016-02-22,1610.48,1628.45,1500,0.5721
2016-02-25-midtjylland-h,2016-02-25,1628.45,1643.79,1519.16,0.726
2016-02-28-arsenal-h,2016-02-28,1643.79,1653.52,1637.26,0.5946
2016-03-02-watford-h,2016-03-02,1653.52,1658.28,1470.7,0.8018
2016-03-06-west-bromwich-albion-a,2016-03-06,1658.28,1644.05,1532.97,0.5929
2016-03-10-liverpool-a,2016-03-10,1644.05,1626.65,1629.54,0.4349
2016-03-13-west-ham-united-h,2016-03-13,1626.65,1621.09,1540.63,0.6986
2016-03-17-liverpool-h,2016-03-17,1621.09,1619.52,1646.93,0.549
2016-03-20-manchester-city-a,2016-03-20,1619.52,1635.57,1681.6,0.3312
2016-04-03-everton-h,2016-04-03,1635.57,1643.78,1581.85,0.6581
2016-04-10-tottenham-hotspur-a,2016-04-10,1643.78,1623.03,1530.27,0.5764
2016-04-13-west-ham-united-a,2016-04-13,1623.03,1636.35,1546.19,0.5242
2016-04-16-aston-villa-h,2016-04-16,1636.35,1640.83,1440.46,0.8135
2016-04-20-crystal-palace-h,2016-04-20,1640.83,1646.42,1444.92,0.8135
2016-04-23-everton-n,2016-04-23,1646.42,1657.53,1573.64,0.6032
2016-05-01-leicester-city-h,2016-05-01,1657.53,1650.67,1491.75,0.7858
2016-05-07-norwich-city-a,2016-05-07,1650.67,1660.16,1516.94,0.6045
2016-05-10-west-ham-united-a,2016-05-10,1660.16,1645.87,1532.86,0.5957
2016-05-17-bournemouth-h,2016-05-17,1645.87,1653.22,1510.48,0.7549
2016-05-21-crystal-palace-n,2016-05-21,1653.22,1659.55,1439.32,0.774
2016-08-07-leicester-city-n,2016-08-07,1659.55,1665.22,1498.61,0.7163
2016-08-14-bournemouth-a,2016-08-14,1665.22,1675.93,1503.12,0.6428
2016-08-19-southampton-h,2016-08-19,1675.93,1682.01,1497.98,0.7973
2016-08-27-hull-city-a,2016-08-27,1682.01,1688.08,1433.64,0.7473
2016-09-10-manchester-city-h,2016-09-10,1688.08,1673.28,1665.54,0.6166
2016-09-15-feyenoord-a,2016-09-15,1673.28,1651.55,1482.96,0.6792
2016-09-18-watford-a,2016-09-18,1651.55,1631.35,1465.94,0.6733
2016-09-21-northampton-town-a,2016-09-21,1631.35,1641.9,1465.19,0.6482
2016-09-24-leicester-city-h,2016-09-24,1641.9,1650.22,1492.94,0.769
2016-09-29-zorya-luhansk-h,2016-09-29,1650.22,1657.57,1500,0.7703
2016-10-02-stoke-city-h,2016-10-02,1657.57,1651.15,1510.23,0.7674
2016-10-17-liverpool-a,2016-10-17,1651.15,1653.11,1648.5,0.4182
2016-10-20-fenerbahce-h,2016-10-20,1653.11,1666.24,1543.45,0.7264
2016-10-23-chelsea-a,2016-10-23,1666.24,1652.94,1739.86,0.3167
2016-10-26-manchester-city-h,2016-10-26,1652.94,1663.82,1680.34,0.5468
2016-10-29-burnley-h,2016-10-29,1663.82,1657.01,1499.98,0.7839
2016-11-03-fenerbahce-a,2016-11-03,1657.01,1637.97,1530.32,0.5948
2016-11-06-swansea-city-a,2016-11-06,1637.97,1651.52,1544.26,0.5484
2016-11-19-arsenal-h,2016-11-19,1651.52,1648.68,1627.53,0.6186
2016-11-24-feyenoord-h,2016-11-24,1648.68,1661.9,1504.69,0.7639
2016-11-27-west-ham-united-h,2016-11-27,1661.9,1656.32,1547.16,0.7322
2016-11-30-west-ham-united-h,2016-11-30,1656.32,1666.42,1552.73,0.7194
2016-12-04-everton-a,2016-12-04,1666.42,1664.92,1562.54,0.5628
2016-12-08-zorya-luhansk-a,2016-12-08,1664.92,1678.67,1492.65,0.6562
2016-12-11-tottenham-hotspur-h,2016-12-11,1678.67,1684.75,1551.02,0.7465
2016-12-14-crystal-palace-a,2016-12-14,1684.75,1690.73,1433,0.751
2016-12-17-west-bromwich-albion-a,2016-12-17,1690.73,1702.19,1547.2,0.6179
2016-12-26-sunderland-h,2016-12-26,1702.19,1708.08,1517.45,0.8036
2016-12-31-middlesbrough-h,2016-12-31,1708.08,1713.48,1553.26,0.775
2017-01-02-west-ham-united-a,2017-01-02,1713.48,1723.85,1542.63,0.6543
2017-01-07-reading-h,2017-01-07,1723.85,1730.37,1458.04,0.8671
2017-01-10-hull-city-h,2017-01-10,1730.37,1733.67,1427.57,0.8898
2017-01-15-liverpool-h,2017-01-15,1733.67,1728.87,1646.54,0.6999
2017-01-21-stoke-city-a,2017-01-21,1728.87,1723.93,1516.64,0.7061
2017-01-26-hull-city-a,2017-01-26,1723.93,1704.75,1424.27,0.7989
2017-01-29-wigan-athletic-h,2017-01-29,1704.75,1710.73,1421.87,0.878
2017-02-01-hull-city-h,2017-02-01,1710.73,1701.9,1443.44,0.8681
2017-02-05-leicester-city-a,2017-02-05,1701.9,1712.26,1484.62,0.712
2017-02-11-watford-h,2017-02-11,1712.26,1717.11,1486.14,0.8385
2017-02-16-as-saint-etienne-h,2017-02-16,1717.11,1724.94,1493.05,0.8369
2017-02-19-blackburn-rovers-a,2017-02-19,1724.94,1734.25,1543.92,0.6674
2017-02-22-as-saint-etienne-a,2017-02-22,1734.25,1742.31,1485.22,0.748
2017-02-26-southampton-n,2017-02-26,1742.31,1746.91,1491.9,0.8087
2017-03-04-bournemouth-h,2017-03-04,1746.91,1738.28,1492.41,0.8594
2017-03-09-rostov-a,2017-03-09,1738.28,1730.72,1500,0.7362
2017-03-13-chelsea-a,2017-03-13,1730.72,1719.98,1753.16,0.3835
2017-03-16-rostov-h,2017-03-16,1719.98,1725.5,1507.56,0.8275
2017-03-19-middlesbrough-a,2017-03-19,1725.5,1735.61,1547.86,0.6631
2017-04-01-west-bromwich-albion-h,2017-04-01,1735.61,1728,1535.74,0.817
2017-04-04-everton-h,2017-04-04,1728,1721.18,1564.04,0.784
2017-04-09-sunderland-a,2017-04-09,1721.18,1731.88,1511.56,0.7029
2017-04-13-anderlecht-a,2017-04-13,1731.88,1724.71,1504.31,0.724
2017-04-16-chelsea-h,2017-04-16,1724.71,1738.81,1763.9,0.5299
2017-04-20-anderlecht-h,2017-04-20,1738.81,1743.95,1511.48,0.8394
2017-04-23-burnley-a,2017-04-23,1743.95,1751.9,1506.79,0.7349
2017-04-27-manchester-city-a,2017-04-27,1751.9,1751.13,1669.47,0.5322
2017-04-30-swansea-city-h,2017-04-30,1751.13,1743.11,1530.71,0.834
2017-05-04-celta-de-vigo-a,2017-05-04,1743.11,1751.38,1500,0.7416
2017-05-07-arsenal-a,2017-05-07,1751.38,1733.78,1630.37,0.5869
2017-05-11-celta-de-vigo-h,2017-05-11,1733.78,1722.56,1491.73,0.8505
2017-05-14-tottenham-hotspur-a,2017-05-14,1722.56,1706.64,1544.93,0.6631
2017-05-17-southampton-a,2017-05-17,1706.64,1701.5,1487.3,0.7145
2017-05-21-crystal-palace-h,2017-05-21,1701.5,1705.31,1427.02,0.8727
2017-05-24-afc-ajax-n,2017-05-24,1705.31,1715.89,1527.61,0.7355
2017-08-08-real-madrid-n,2017-08-08,1715.89,1703.14,1617.7,0.6377
2017-08-13-west-ham-united-h,2017-08-13,1703.14,1711.93,1532.26,0.7907
2017-08-19-swansea-city-a,2017-08-19,1711.93,1726.32,1538.73,0.6574
2017-08-26-leicester-city-h,2017-08-26,1726.32,1730.59,1474.26,0.8577
2017-09-09-stoke-city-a,2017-09-09,1730.59,1725.74,1521.59,0.7022
2017-09-12-basel-h,2017-09-12,1725.74,1734.89,1534.73,0.8092
2017-09-17-everton-h,2017-09-17,1734.89,1743.96,1570.86,0.7841
2017-09-20-burton-albion-h,2017-09-20,1743.96,1749.16,1494.71,0.8557
2017-09-23-southampton-a,2017-09-23,1749.16,1755.01,1492.45,0.7563
2017-09-27-pfc-cska-moscow-a,2017-09-27,1755.01,1767.05,1504.96,0.7491
2017-09-30-crystal-palace-h,2017-09-30,1767.05,1770.79,1423.2,0.9109
2017-10-14-liverpool-a,2017-10-14,1770.79,1768.76,1651.34,0.5847
2017-10-18-benfica-a,2017-10-18,1768.76,1776.04,1496.43,0.7725
2017-10-21-huddersfield-town-a,2017-10-21,1776.04,1756.45,1457.09,0.8162
2017-10-24-swansea-city-a,2017-10-24,1756.45,1764.57,1524.34,0.7292
2017-10-28-tottenham-hotspur-h,2017-10-28,1764.57,1768.89,1560.85,0.8203
2017-10-31-benfica-h,2017-10-31,1768.89,1773.84,1489.15,0.8761
2017-11-05-chelsea-a,2017-11-05,1773.84,1763.08,1749.79,0.4484
2017-11-18-newcastle-united-h,2017-11-18,1763.08,1768.05,1504.78,0.862
2017-11-22-basel-a,2017-11-22,1768.05,1744.34,1525.57,0.7409
2017-11-25-brighton-and-hove-albion-h,2017-11-25,1744.34,1747.25,1460.18,0.8788
2017-11-28-watford-a,2017-11-28,1747.25,1754.27,1481.29,0.7659
2017-12-02-arsenal-a,2017-12-02,1754.27,1767.28,1647.98,0.5662
2017-12-05-pfc-cska-moscow-h,2017-12-05,1767.28,1771.36,1492.92,0.8727
2017-12-10-manchester-city-h,2017-12-10,1771.36,1754.16,1670.24,0.7166
2017-12-13-bournemouth-h,2017-12-13,1754.16,1757.56,1501.04,0.8585
2017-12-17-west-bromwich-albion-a,2017-12-17,1757.56,1764.56,1543.35,0.7084
2017-12-20-bristol-city-a,2017-12-20,1764.56,1746.66,1517.62,0.7458
2017-12-23-leicester-city-a,2017-12-23,1746.66,1740.01,1469.99,0.7768
2017-12-26-burnley-h,2017-12-26,1740.01,1731.62,1498.84,0.8499
2017-12-30-southampton-h,2017-12-30,1731.62,1723.15,1486.6,0.8527
2018-01-01-everton-a,2018-01-01,1723.15,1733.9,1561.79,0.6419
2018-01-05-derby-county-h,2018-01-05,1733.9,1739.31,1498.68,0.8455
2018-01-15-stoke-city-h,2018-01-15,1739.31,1745.5,1526.44,0.8279
2018-01-20-burnley-a,2018-01-20,1745.5,1751.83,1507.24,0.7362
2018-01-26-yeovil-a,2018-01-26,1751.83,1762.13,1461.87,0.7898
2018-01-31-tottenham-hotspur-a,2018-01-31,1762.13,1741.19,1556.53,0.6981
2018-02-03-huddersfield-town-h,2018-02-03,1741.19,1745.2,1476.67,0.8662
2018-02-11-newcastle-united-a,2018-02-11,1745.2,1727.35,1499.82,0.7441
2018-02-17-huddersfield-town-a,2018-02-17,1727.35,1735.95,1472.66,0.7541
2018-02-21-sevilla-a,2018-02-21,1735.95,1728.48,1500,0.7336
2018-02-25-chelsea-h,2018-02-25,1728.48,1739.52,1760.56,0.5401
2018-03-05-crystal-palace-a,2018-03-05,1739.52,1743.9,1419.46,0.8171
2018-03-10-liverpool-h,2018-03-10,1743.9,1751.01,1653.37,0.704
2018-03-13-sevilla-h,2018-03-13,1751.01,1723.76,1507.47,0.8516
2018-03-17-brighton-and-hove-albion-h,2018-03-17,1723.76,1728.39,1457.27,0.8675
2018-03-31-swansea-city-h,2018-03-31,1728.39,1733.57,1516.21,0.8273
2018-04-07-manchester-city-a,2018-04-07,1733.57,1746.05,1687.44,0.4801
2018-04-15-west-bromwich-albion-h,2018-04-15,1746.05,1726.24,1536.35,0.8253
2018-04-18-bournemouth-a,2018-04-18,1726.24,1734.49,1497.64,0.7252
2018-04-21-tottenham-hotspur-n,2018-04-21,1734.49,1742.56,1577.48,0.7117
2018-04-29-arsenal-h,2018-04-29,1742.56,1749.18,1634.97,0.7241
2018-05-04-brighton-and-hove-albion-a,2018-05-04,1749.18,1730.08,1452.63,0.796
2018-05-10-west-ham-united-a,2018-05-10,1730.08,1725.29,1523.47,0.6993
2018-05-13-watford-h,2018-05-13,1725.29,1728.73,1474.27,0.857
2018-05-19-chelsea-n,2018-05-19,1728.73,1715.56,1749.52,0.4701
2018-08-10-leicester-city-h,2018-08-10,1715.56,1719.21,1476.63,0.8482
2018-08-19-brighton-and-hove-albion-a,2018-08-19,1719.21,1701.29,1471.74,0.7463
2018-08-27-tottenham-hotspur-h,2018-08-27,1701.29,1674.25,1569.4,0.7511
2018-09-02-burnley-a,2018-09-02,1674.25,1684.53,1500.9,0.6576
2018-09-15-watford-a,2018-09-15,1684.53,1691.54,1470.84,0.7078
2018-09-19-bsc-young-boys-a,2018-09-19,1691.54,1706.86,1500,0.6807
2018-09-22-wolverhampton-wanderers-h,2018-09-22,1706.86,1699.56,1521.15,0.8045
2018-09-25-derby-county-h,2018-09-25,1699.56,1691.82,1493.27,0.8224
2018-09-29-west-ham-united-a,2018-09-29,1691.82,1672.47,1528.25,0.6448
2018-10-02-valencia-cf-h,2018-10-02,1672.47,1664.88,1553.2,0.7373
2018-10-06-newcastle-united-h,2018-10-06,1664.88,1670.47,1517.67,0.7672
2018-10-20-chelsea-a,2018-10-20,1670.47,1675.41,1762.68,0.294
2018-10-23-juventus-h,2018-10-23,1675.41,1652.78,1582.16,0.7073
2018-10-28-everton-h,2018-10-28,1652.78,1659.56,1551.05,0.7173
2018-11-03-bournemouth-a,2018-11-03,1659.56,1667.88,1489.4,0.6534
2018-11-07-juventus-a,2018-11-07,1667.88,1683.74,1604.8,0.5044
2018-11-11-manchester-city-a,2018-11-11,1683.74,1670.94,1674.96,0.4268
2018-11-24-crystal-palace-h,2018-11-24,1670.94,1662.29,1415.07,0.8604
2018-11-27-bsc-young-boys-h,2018-11-27,1662.29,1668.78,1484.68,0.797
2018-12-01-southampton-a,2018-12-01,1668.78,1664.99,1495.07,0.658
2018-12-05-arsenal-h,2018-12-05,1664.99,1661.73,1628.35,0.6356
2018-12-08-fulham-h,2018-12-08,1661.73,1667.83,1445.47,0.8307
2018-12-12-valencia-cf-a,2018-12-12,1667.83,1649.68,1560.79,0.5673
2018-12-16-liverpool-a,2018-12-16,1649.68,1637.1,1646.27,0.4193
2018-12-22-cardiff-city-a,2018-12-22,1637.1,1652.23,1477.35,0.6397
2018-12-26-huddersfield-town-h,2018-12-26,1652.23,1658.03,1464.06,0.8067
2018-12-30-bournemouth-h,2018-12-30,1658.03,1665.36,1481.08,0.7964
2019-01-02-newcastle-united-a,2019-01-02,1665.36,1676.43,1512.09,0.6311
2019-01-05-reading-h,2019-01-05,1676.43,1682.11,1451.52,0.8375
2019-01-13-tottenham-hotspur-a,2019-01-13,1682.11,1693.23,1596.44,0.5369
2019-01-19-brighton-and-hove-albion-h,2019-01-19,1693.23,1697.54,1489.65,0.8201
2019-01-25-arsenal-a,2019-01-25,1697.54,1714.74,1631.6,0.5086
2019-01-29-burnley-h,2019-01-29,1714.74,1706.66,1490.63,0.8369
2019-02-03-leicester-city-a,2019-02-03,1706.66,1713.11,1472.99,0.731
2019-02-09-fulham-a,2019-02-09,1713.11,1721.25,1439.38,0.7739
2019-02-12-paris-saint-germain-h,2019-02-12,1721.25,1687.87,1500,0.8347
2019-02-18-chelsea-a,2019-02-18,1687.87,1711.62,1757.74,0.3213
2019-02-24-liverpool-h,2019-02-24,1711.62,1707.86,1658.85,0.6568
2019-02-27-crystal-palace-a,2019-02-27,1707.86,1714.33,1423.72,0.7842
2019-03-02-southampton-h,2019-03-02,1714.33,1718.41,1498.86,0.83
2019-03-06-paris-saint-germain-a,2019-03-06,1718.41,1731.51,1533.39,0.6725
2019-03-10-arsenal-a,2019-03-10,1731.51,1714.07,1614.4,0.5815
2019-03-16-wolverhampton-wanderers-a,2019-03-16,1714.07,1695.21,1528.46,0.6733
2019-03-30-watford-h,2019-03-30,1695.21,1698.99,1463.83,0.8426
2019-04-02-wolverhampton-wanderers-a,2019-04-02,1698.99,1683.9,1547.31,0.629
2019-04-10-barcelona-h,2019-04-10,1683.9,1663.02,1634.61,0.6523
2019-04-13-west-ham-united-h,2019-04-13,1663.02,1669.43,1547.6,0.733
2019-04-16-barcelona-a,2019-04-16,1669.43,1648.6,1655.48,0.4341
2019-04-21-everton-a,2019-04-21,1648.6,1624.93,1544.26,0.5635
2019-04-24-manchester-city-h,2019-04-24,1624.93,1610.05,1687.76,0.4959
2019-04-28-chelsea-h,2019-04-28,1610.05,1612.24,1733.98,0.409
2019-05-05-huddersfield-town-a,2019-05-05,1612.24,1609.07,1458.26,0.632
2019-05-12-cardiff-city-h,2019-05-12,1609.07,1586.06,1462.21,0.7669
2019-08-11-chelsea-h,2019-08-11,1586.06,1612.14,1731.8,0.3791
2019-08-19-wolverhampton-wanderers-a,2019-08-19,1612.14,1612.49,1562.4,0.4852
2019-08-24-crystal-palace-h,2019-08-24,1612.49,1592.98,1417.24,0.813
2019-08-31-southampton-a,2019-08-31,1592.98,1591.67,1494.78,0.5548
2019-09-14-leicester-city-h,2019-09-14,1591.67,1597.82,1466.53,0.7438
2019-09-19-astana-h,2019-09-19,1597.82,1607.01,1500,0.7127
2019-09-22-west-ham-united-a,2019-09-22,1607.01,1591.76,1541.19,0.5084
2019-09-25-rochdale-h,2019-09-25,1591.76,1586.62,1492.66,0.7142
2019-09-30-arsenal-h,2019-09-30,1586.62,1586.11,1631.84,0.5213
2019-10-03-az-alkmaar-a,2019-10-03,1586.11,1584.91,1500,0.5375
2019-10-06-newcastle-united-a,2019-10-06,1584.91,1572.09,1501.02,0.5343
2019-10-20-liverpool-h,2019-10-20,1572.09,1573.14,1662.61,0.4562
2019-10-24-fk-partizan-a,2019-10-24,1573.14,1589.49,1520.84,0.4889
2019-10-27-norwich-city-a,2019-10-27,1589.49,1603.54,1507.45,0.5317
2019-10-30-chelsea-a,2019-10-30,1603.54,1620.77,1705.72,0.2822
2019-11-02-bournemouth-a,2019-11-02,1620.77,1605.83,1473.75,0.6227
2019-11-07-fk-partizan-h,2019-11-07,1605.83,1619.42,1504.49,0.7168
2019-11-10-brighton-and-hove-albion-h,2019-11-10,1619.42,1626.81,1485.33,0.7535
2019-11-24-sheffield-united-a,2019-11-24,1626.81,1624.02,1484.53,0.6162
2019-11-28-astana-a,2019-11-28,1624.02,1604.7,1490.81,0.6038
2019-12-01-aston-villa-h,2019-12-01,1604.7,1597.77,1435.98,0.7886
2019-12-04-tottenham-hotspur-h,2019-12-04,1597.77,1607.31,1585.33,0.6028
2019-12-07-manchester-city-a,2019-12-07,1607.31,1624.34,1702.64,0.2903
2019-12-12-az-alkmaar-h,2019-12-12,1624.34,1638.81,1501.2,0.7416
2019-12-15-everton-h,2019-12-15,1638.81,1634.49,1567.93,0.6799
2019-12-18-colchester-united-h,2019-12-18,1634.49,1642.53,1477.9,0.7768
2019-12-22-watford-a,2019-12-22,1642.53,1622.45,1460.05,0.6693
2019-12-26-newcastle-united-h,2019-12-26,1622.45,1632.34,1513.84,0.7252
2019-12-28-burnley-a,2019-12-28,1632.34,1644.21,1498.72,0.6044
2020-01-01-arsenal-a,2020-01-01,1644.21,1631.28,1632.35,0.4312
2020-01-04-wolverhampton-wanderers-a,2020-01-04,1631.28,1630.91,1562.05,0.5133
2020-01-07-manchester-city-h,2020-01-07,1630.91,1615.68,1685.61,0.5076
2020-01-11-norwich-city-h,2020-01-11,1615.68,1626.57,1493.4,0.7406
2020-01-15-wolverhampton-wanderers-h,2020-01-15,1626.57,1635.77,1562.42,0.6714
2020-01-19-liverpool-a,2020-01-19,1635.77,1624.4,1661.56,0.379
2020-01-22-burnley-h,2020-01-22,1624.4,1601.69,1486.85,0.7572
2020-01-26-tranmere-rovers-a,2020-01-26,1601.69,1628.55,1490.15,0.5736
2020-01-29-manchester-city-a,2020-01-29,1628.55,1644.91,1700.84,0.3183
2020-02-01-wolverhampton-wanderers-h,2020-02-01,1644.91,1639.98,1553.22,0.7054
2020-02-17-chelsea-a,2020-02-17,1639.98,1659.52,1688.49,0.3487
2020-02-20-club-brugge-kv-a,2020-02-20,1659.52,1653.9,1472.16,0.6755
2020-02-23-watford-h,2020-02-23,1653.9,1661.34,1480.13,0.7934
2020-02-27-club-brugge-kv-h,2020-02-27,1661.34,1673.98,1477.78,0.8025
2020-03-01-everton-a,2020-03-01,1673.98,1672.54,1572.25,0.5598
2020-03-05-derby-county-a,2020-03-05,1672.54,1687.02,1501.01,0.6552
2020-03-08-manchester-city-h,2020-03-08,1687.02,1699.35,1684.48,0.5891
2020-03-12-lask-a,2020-03-12,1699.35,1719.16,1500,0.6904
2020-06-19-tottenham-hotspur-a,2020-06-19,1719.16,1716.34,1575.8,0.6177
2020-06-24-sheffield-united-h,2020-06-24,1716.34,1722.07,1487.32,0.8407
2020-06-27-norwich-city-a,2020-06-27,1722.07,1729.42,1482.51,0.7376
2020-06-30-brighton-and-hove-albion-a,2020-06-30,1729.42,1738.39,1477.94,0.7507
2020-07-04-bournemouth-h,2020-07-04,1738.39,1743.58,1488.69,0.856
2020-07-09-aston-villa-a,2020-07-09,1743.58,1750.78,1442.91,0.7999
2020-07-13-southampton-h,2020-07-13,1750.78,1742.15,1496.09,0.8595
2020-07-16-crystal-palace-a,2020-07-16,1742.15,1748.03,1436.76,0.8042
2020-07-19-chelsea-n,2020-07-19,1748.03,1726.61,1668.96,0.6119
2020-07-22-west-ham-united-h,2020-07-22,1726.61,1719.65,1556.44,0.79
2020-07-26-leicester-city-a,2020-07-26,1719.65,1726.88,1460.39,0.759
2020-08-05-lask-h,2020-08-05,1726.88,1731.56,1480.19,0.8539
2020-08-10-fc-copenhagen-n,2020-08-10,1731.56,1738.83,1518.99,0.7727
2020-08-16-sevilla-n,2020-08-16,1738.83,1714.38,1534.73,0.764
2020-09-19-crystal-palace-h,2020-09-19,1714.38,1688.03,1430.88,0.8784
2020-09-22-luton-town-a,2020-09-22,1688.03,1695.13,1384.21,0.8027
2020-09-26-brighton-and-hove-albion-a,2020-09-26,1695.13,1701.79,1468.96,0.7224
2020-09-30-brighton-and-hove-albion-a,2020-09-30,1701.79,1711.24,1462.3,0.7375
2020-10-04-tottenham-hotspur-h,2020-10-04,1711.24,1675.15,1578.62,0.7519
2020-10-17-newcastle-united-a,2020-10-17,1675.15,1687.58,1503.95,0.6548
2020-10-20-paris-saint-germain-a,2020-10-20,1687.58,1698.79,1520.29,0.6497
2020-10-24-chelsea-h,2020-10-24,1698.79,1696.46,1690.37,0.5972
2020-10-28-rb-leipzig-h,2020-10-28,1696.46,1708.36,1500,0.814
2020-11-01-arsenal-h,2020-11-01,1708.36,1692.28,1645.29,0.6701
2020-11-04-istanbul-basaksehir-a,2020-11-04,1692.28,1670.46,1500,0.6817
2020-11-07-everton-a,2020-11-07,1670.46,1683.88,1573.68,0.5527
2020-11-21-west-bromwich-albion-h,2020-11-21,1683.88,1689.96,1556.15,0.7466
2020-11-24-istanbul-basaksehir-h,2020-11-24,1689.96,1700.14,1521.81,0.7881
2020-11-29-southampton-a,2020-11-29,1700.14,1707.68,1504.72,0.6856
2020-12-02-paris-saint-germain-h,2020-12-02,1707.68,1675.05,1509.08,0.8159
2020-12-05-west-ham-united-a,2020-12-05,1675.05,1687.83,1563.4,0.5738
2020-12-08-rb-leipzig-a,2020-12-08,1687.83,1665.72,1488.1,0.6909
2020-12-12-manchester-city-h,2020-12-12,1665.72,1663.89,1672.15,0.5765
2020-12-17-sheffield-united-a,2020-12-17,1663.89,1671.83,1481.59,0.6691
2020-12-20-leeds-united-h,2020-12-20,1671.83,1683.29,1561.62,0.7271
2020-12-23-everton-a,2020-12-23,1683.29,1695.6,1560.26,0.5897
2020-12-26-leicester-city-a,2020-12-26,1695.6,1689.82,1453.15,0.7408
2020-12-29-wolverhampton-wanderers-h,2020-12-29,1689.82,1695.8,1558.15,0.7509
2021-01-01-aston-villa-h,2021-01-01,1695.8,1699.08,1435.7,0.8633
2021-01-06-manchester-city-h,2021-01-06,1699.08,1680.48,1673.98,0.6201
2021-01-09-watford-h,2021-01-09,1680.48,1685.42,1472.69,0.8237
2021-01-12-burnley-a,2021-01-12,1685.42,1693.56,1509.56,0.6608
2021-01-17-liverpool-a,2021-01-17,1693.56,1694.91,1672.93,0.4436
2021-01-20-fulham-a,2021-01-20,1694.91,1700.59,1431.24,0.7636
2021-01-24-liverpool-h,2021-01-24,1700.59,1711.08,1671.57,0.6254
2021-01-27-sheffield-united-h,2021-01-27,1711.08,1690.74,1473.65,0.8471
2021-01-30-arsenal-a,2021-01-30,1690.74,1691.8,1661.37,0.456
2021-02-02-southampton-h,2021-02-02,1691.8,1705.31,1497.18,0.8124
2021-02-06-everton-h,2021-02-06,1705.31,1698.65,1547.95,0.7775
2021-02-09-west-ham-united-h,2021-02-09,1698.65,1705.14,1550.61,0.7681
2021-02-14-west-bromwich-albion-a,2021-02-14,1705.14,1701.94,1550.07,0.6335
2021-02-18-real-sociedad-n,2021-02-18,1701.94,1715.32,1500.82,0.7609
2021-02-21-newcastle-united-h,2021-02-21,1715.32,1720.22,1491.52,0.8367
2021-02-25-real-sociedad-h,2021-02-25,1720.22,1709.23,1487.43,0.8436
2021-02-28-chelsea-a,2021-02-28,1709.23,1710.72,1692.7,0.4378
2021-03-03-crystal-palace-a,2021-03-03,1710.72,1704.65,1457.23,0.7528
2021-03-07-manchester-city-a,2021-03-07,1704.65,1721.71,1692.58,0.4315
2021-03-11-ac-milan-h,2021-03-11,1721.71,1713.38,1581.14,0.7603
2021-03-14-west-ham-united-h,2021-03-14,1713.38,1718.44,1544.12,0.7891
2021-03-18-ac-milan-a,2021-03-18,1718.44,1731.31,1589.47,0.598
2021-03-21-leicester-city-a,2021-03-21,1731.31,1704.27,1458.93,0.7725
2021-04-04-brighton-and-hove-albion-h,2021-04-04,1704.27,1707.69,1452.85,0.8573
2021-04-08-granada-cf-a,2021-04-08,1707.69,1719.67,1500,0.7006
2021-04-11-tottenham-hotspur-a,2021-04-11,1719.67,1732.74,1614.71,0.5643
2021-04-15-granada-cf-h,2021-04-15,1732.74,1738.64,1488.02,0.8525
2021-04-18-burnley-h,2021-04-18,1738.64,1743.23,1501.42,0.847
2021-04-25-leeds-united-a,2021-04-25,1743.23,1738.85,1550.16,0.6827
2021-04-29-roma-h,2021-04-29,1738.85,1747.52,1504.02,0.8452
2021-05-06-roma-a,2021-05-06,1747.52,1723.47,1495.35,0.7514
2021-05-09-aston-villa-a,2021-05-09,1723.47,1729.75,1432.42,0.7908
2021-05-11-leicester-city-h,2021-05-11,1729.75,1709.3,1485.97,0.8518
2021-05-13-liverpool-h,2021-05-13,1709.3,1689.78,1661.08,0.6509
2021-05-18-fulham-h,2021-05-18,1689.78,1680.99,1425.56,0.866
2021-05-23-wolverhampton-wanderers-a,2021-05-23,1680.99,1690.65,1552.17,0.5978
2021-05-26-villarreal-cf-n,2021-05-26,1690.65,1683.96,1536,0.7089
2021-08-14-leeds-united-h,2021-08-14,1683.96,1694.53,1554.54,0.7485
2021-08-22-southampton-a,2021-08-22,1694.53,1689.62,1483.67,0.7044
2021-08-29-wolverhampton-wanderers-a,2021-08-29,1689.62,1698.67,1542.52,0.6228
2021-09-11-newcastle-united-h,2021-09-11,1698.67,1704.89,1486.63,0.8272
2021-09-14-bsc-young-boys-a,2021-09-14,1704.89,1681.76,1478.18,0.7231
2021-09-19-west-ham-united-a,2021-09-19,1681.76,1690.95,1539.06,0.6168
2021-09-22-west-ham-united-h,2021-09-22,1690.95,1672.2,1529.86,0.7812
2021-09-25-aston-villa-h,2021-09-25,1672.2,1651.72,1426.15,0.8534
2021-09-29-villarreal-cf-h,2021-09-29,1651.72,1660.5,1542.68,0.7257
2021-10-02-everton-h,2021-10-02,1660.5,1655.17,1554.61,0.7221
2021-10-16-leicester-city-a,2021-10-16,1655.17,1636.42,1506.42,0.625
2021-10-20-atalanta-h,2021-10-20,1636.42,1644.23,1500,0.756
2021-10-24-liverpool-h,2021-10-24,1644.23,1618.6,1680.61,0.5339
2021-10-30-tottenham-hotspur-a,2021-10-30,1618.6,1638.82,1601.64,0.4384
2021-11-02-atalanta-a,2021-11-02,1638.82,1634.91,1492.19,0.6221
2021-11-06-manchester-city-h,2021-11-06,1634.91,1619.07,1675.53,0.5279
2021-11-20-watford-a,2021-11-20,1619.07,1596.45,1467.75,0.6285
2021-11-23-villarreal-cf-a,2021-11-23,1596.45,1616.3,1533.9,0.5037
2021-11-28-chelsea-a,2021-11-28,1616.3,1620.74,1691.21,0.3151
2021-12-02-arsenal-h,2021-12-02,1620.74,1632.03,1660.31,0.5294
2021-12-05-crystal-palace-h,2021-12-05,1632.03,1637.11,1463.3,0.7886
2021-12-08-bsc-young-boys-h,2021-12-08,1637.11,1628.94,1501.32,0.7553
2021-12-11-norwich-city-a,2021-12-11,1628.94,1637.78,1475.16,0.6318
2021-12-27-newcastle-united-a,2021-12-27,1637.78,1634.5,1480.4,0.6366
2021-12-30-burnley-h,2021-12-30,1634.5,1641.78,1496.83,0.7573
2022-01-03-wolverhampton-wanderers-h,2022-01-03,1641.78,1624.38,1533.47,0.7249
2022-01-10-aston-villa-h,2022-01-10,1624.38,1630.06,1446.63,0.7972
2022-01-15-aston-villa-a,2022-01-15,1630.06,1625.8,1440.95,0.6777
2022-01-19-brentford-a,2022-01-19,1625.8,1637.98,1499.85,0.5938
2022-01-22-west-ham-united-h,2022-01-22,1637.98,1645.12,1548.61,0.7026
2022-02-04-middlesbrough-h,2022-02-04,1645.12,1638.85,1537.76,0.7238
2022-02-08-burnley-a,2022-02-08,1638.85,1635.83,1489.55,0.6258
2022-02-12-southampton-h,2022-02-12,1635.83,1629.42,1488.58,0.7673
2022-02-15-brighton-and-hove-albion-h,2022-02-15,1629.42,1635.44,1449.43,0.7992
2022-02-20-leeds-united-a,2022-02-20,1635.44,1649.09,1543.97,0.5452
2022-02-23-atletico-madrid-a,2022-02-23,1649.09,1646.94,1542.06,0.5673
2022-02-26-watford-h,2022-02-26,1646.94,1640.29,1490.38,0.7767
2022-03-06-manchester-city-a,2022-03-06,1640.29,1627.86,1691.36,0.3454
2022-03-12-tottenham-hotspur-h,2022-03-12,1627.86,1636.29,1581.42,0.6486
2022-03-15-atletico-madrid-h,2022-03-15,1636.29,1613.71,1544.21,0.7059
2022-04-02-leicester-city-h,2022-04-02,1613.71,1608.87,1525.17,0.7016
2022-04-09-everton-a,2022-04-09,1608.87,1597.25,1559.94,0.4841
2022-04-16-norwich-city-h,2022-04-16,1597.25,1603.25,1466.32,0.7501
2022-04-19-liverpool-a,2022-04-19,1603.25,1591.44,1706.24,0.2813
2022-04-23-arsenal-a,2022-04-23,1591.44,1581.33,1649.02,0.337
2022-04-28-chelsea-h,2022-04-28,1581.33,1582.89,1686.77,0.435
2022-05-02-brentford-h,2022-05-02,1582.89,1593.34,1487.66,0.7096
2022-05-07-brighton-and-hove-albion-a,2022-05-07,1593.34,1567.02,1443.4,0.6266
2022-05-22-crystal-palace-a,2022-05-22,1567.02,1553.35,1458.23,0.5698
2022-08-07-brighton-and-hove-albion-h,2022-08-07,1553.35,1536.65,1469.72,0.6957
2022-08-13-brentford-a,2022-08-13,1536.65,1515.69,1477.21,0.4992
2022-08-22-liverpool-h,2022-08-22,1515.69,1532.35,1718.05,0.3059
2022-08-27-southampton-a,2022-08-27,1532.35,1545.13,1494.99,0.4675
2022-09-01-leicester-city-a,2022-09-01,1545.13,1558.67,1530,0.4358
2022-09-04-arsenal-h,2022-09-04,1558.67,1575.41,1659.13,0.442
2022-09-08-real-sociedad-h,2022-09-08,1575.41,1553.41,1498.43,0.6875
2022-09-15-sheriff-tiraspol-a,2022-09-15,1553.41,1573.79,1500,0.4905
2022-10-02-manchester-city-a,2022-10-02,1573.79,1564.75,1703.8,0.2509
2022-10-06-ac-omonia-a,2022-10-06,1564.75,1580.53,1500,0.5068
2022-10-09-everton-a,2022-10-09,1580.53,1594.28,1571.56,0.4271
2022-10-13-ac-omonia-h,2022-10-13,1594.28,1603.02,1484.22,0.7269
2022-10-16-newcastle-united-h,2022-10-16,1603.02,1597.33,1483.68,0.7374
2022-10-19-tottenham-hotspur-h,2022-10-19,1597.33,1608.76,1572.99,0.619
2022-10-22-chelsea-a,2022-10-22,1608.76,1613.24,1685.21,0.3131
2022-10-27-sheriff-tiraspol-h,2022-10-27,1613.24,1625.1,1479.62,0.753
2022-10-30-west-ham-united-h,2022-10-30,1625.1,1632.4,1541.48,0.6957
2022-11-03-real-sociedad-a,2022-11-03,1632.4,1646.03,1520.43,0.5742
2022-11-06-aston-villa-a,2022-11-06,1646.03,1625.26,1445.22,0.6922
2022-11-10-aston-villa-h,2022-11-10,1625.26,1631.88,1465.98,0.7794
2022-11-13-fulham-a,2022-11-13,1631.88,1639.36,1434.35,0.6882
2022-12-21-burnley-h,2022-12-21,1639.36,1646.36,1492.57,0.7668
2022-12-27-nottingham-forest-h,2022-12-27,1646.36,1656.09,1534,0.7295
2022-12-31-wolverhampton-wanderers-a,2022-12-31,1656.09,1666.54,1550.86,0.5647
2023-01-03-bournemouth-h,2023-01-03,1666.54,1673.67,1483.51,0.802
2023-01-06-everton-h,2023-01-06,1673.67,1682.99,1557.81,0.7335
2023-01-10-charlton-athletic-h,2023-01-10,1682.99,1687.78,1417.2,0.8671
2023-01-14-manchester-city-h,2023-01-14,1687.78,1698.58,1712.83,0.5501
2023-01-18-crystal-palace-a,2023-01-18,1698.58,1693.22,1471.9,0.723
2023-01-22-arsenal-a,2023-01-22,1693.22,1681.54,1642.39,0.4868
2023-01-25-nottingham-forest-a,2023-01-25,1681.54,1694.63,1524.26,0.6364
2023-01-28-reading-h,2023-01-28,1694.63,1699.69,1445.84,0.8554
2023-02-01-nottingham-forest-h,2023-02-01,1699.69,1705.48,1511.17,0.807
2023-02-04-crystal-palace-h,2023-02-04,1705.48,1709.32,1477.26,0.8401
2023-02-08-leeds-united-h,2023-02-08,1709.32,1702.16,1530.33,0.7983
2023-02-12-leeds-united-a,2023-02-12,1702.16,1712.77,1537.49,0.6462
2023-02-16-barcelona-a,2023-02-16,1712.77,1713.85,1676.32,0.4662
2023-02-19-leicester-city-h,2023-02-19,1713.85,1720.52,1516.46,0.8148
2023-02-23-barcelona-h,2023-02-23,1720.52,1731.81,1675.24,0.647
2023-02-26-newcastle-united-n,2023-02-26,1731.81,1737.77,1489.38,0.8015
2023-03-01-west-ham-united-h,2023-03-01,1737.77,1744.07,1534.17,0.8202
2023-03-05-liverpool-a,2023-03-05,1744.07,1715.56,1701.39,0.4751
2023-03-09-real-betis-h,2023-03-09,1715.56,1723.72,1500,0.8301
2023-03-12-southampton-h,2023-03-12,1723.72,1715.31,1482.21,0.8501
2023-03-16-real-betis-a,2023-03-16,1715.31,1724.3,1491.84,0.7193
2023-03-19-fulham-h,2023-03-19,1724.3,1728.26,1426.87,0.8867
2023-04-02-newcastle-united-a,2023-04-02,1728.26,1705.96,1483.42,0.7435
2023-04-05-brentford-h,2023-04-05,1705.96,1710.19,1498.18,0.8237
2023-04-08-everton-h,2023-04-08,1710.19,1716.73,1548.48,0.7818
2023-04-13-sevilla-h,2023-04-13,1716.73,1707.85,1559.18,0.7777
2023-04-16-nottingham-forest-a,2023-04-16,1707.85,1717.02,1505.38,0.6943
2023-04-20-sevilla-a,2023-04-20,1717.02,1687.01,1568.06,0.6253
2023-04-23-brighton-and-hove-albion-n,2023-04-23,1687.01,1679.72,1486.42,0.7604
2023-04-27-tottenham-hotspur-a,2023-04-27,1679.72,1677.73,1561.56,0.5829
2023-04-30-aston-villa-h,2023-04-30,1677.73,1681.75,1459.36,0.8323
2023-05-04-brighton-and-hove-albion-a,2023-05-04,1681.75,1665.52,1493.71,0.6764
2023-05-07-west-ham-united-a,2023-05-07,1665.52,1650.88,1527.88,0.6099
2023-05-13-wolverhampton-wanderers-h,2023-05-13,1650.88,1659.06,1540.42,0.7274
2023-05-20-bournemouth-a,2023-05-20,1659.06,1666.99,1476.38,0.6696
2023-05-25-chelsea-h,2023-05-25,1666.99,1682.61,1680.73,0.5662
2023-05-28-fulham-h,2023-05-28,1682.61,1685.89,1422.9,0.863
2023-06-03-manchester-city-n,2023-06-03,1685.89,1672.54,1702.03,0.4768
2023-08-14-wolverhampton-wanderers-h,2023-08-14,1672.54,1678.3,1532.24,0.7601
2023-08-19-tottenham-hotspur-a,2023-08-19,1678.3,1660.96,1563.55,0.5781
2023-08-26-nottingham-forest-h,2023-08-26,1660.96,1666.12,1496.21,0.7848
2023-09-03-arsenal-a,2023-09-03,1666.12,1653.18,1654.07,0.4314
2023-09-16-brighton-and-hove-albion-h,2023-09-16,1653.18,1630.29,1509.94,0.7631
2023-09-20-bayern-munich-a,2023-09-20,1630.29,1616.04,1608.57,0.4451
2023-09-23-burnley-a,2023-09-23,1616.04,1625.64,1485.57,0.6
2023-09-26-crystal-palace-h,2023-09-26,1625.64,1633.84,1473.42,0.7724
2023-09-30-crystal-palace-h,2023-09-30,1633.84,1614.91,1465.22,0.7885
2023-10-03-galatasaray-h,2023-10-03,1614.91,1592.47,1526.59,0.7014
2023-10-07-brentford-h,2023-10-07,1592.47,1599.34,1493.94,0.7135
2023-10-21-sheffield-united-a,2023-10-21,1599.34,1609.79,1493.98,0.5649
2023-10-24-fc-copenhagen-h,2023-10-24,1609.79,1618.97,1511.72,0.713
2023-10-29-manchester-city-h,2023-10-29,1618.97,1602.85,1715.38,0.4478
2023-11-01-newcastle-united-h,2023-11-01,1602.85,1577.22,1505.73,0.7119
2023-11-04-fulham-a,2023-11-04,1577.22,1585.94,1419.61,0.6369
2023-11-08-fc-copenhagen-a,2023-11-08,1585.94,1568.86,1502.53,0.5336
2023-11-11-luton-town-h,2023-11-11,1568.86,1573.42,1377.11,0.8099
2023-11-26-everton-a,2023-11-26,1573.42,1592.9,1541.94,0.4591
2023-11-29-galatasaray-a,2023-11-29,1592.9,1593.64,1549.03,0.4768
2023-12-02-newcastle-united-a,2023-12-02,1593.64,1581.56,1531.35,0.5033
2023-12-06-chelsea-h,2023-12-06,1581.56,1594.37,1665.11,0.4662
2023-12-09-bournemouth-h,2023-12-09,1594.37,1567.57,1468.45,0.7446
2023-12-12-bayern-munich-h,2023-12-12,1567.57,1551.35,1622.82,0.5068
2023-12-17-liverpool-a,2023-12-17,1551.35,1558.5,1729.9,0.2021
2023-12-23-west-ham-united-a,2023-12-23,1558.5,1545.39,1542.51,0.437
2023-12-26-aston-villa-h,2023-12-26,1545.39,1552.51,1455.34,0.7034
2023-12-30-nottingham-forest-a,2023-12-30,1552.51,1540.45,1491.05,0.5021
2024-01-08-wigan-athletic-a,2024-01-08,1540.45,1554.74,1415.89,0.5919
2024-01-14-tottenham-hotspur-h,2024-01-14,1554.74,1553.57,1580.9,0.5486
2024-01-28-newport-county-a,2024-01-28,1553.57,1571.4,1500,0.4908
2024-02-01-wolverhampton-wanderers-a,2024-02-01,1571.4,1583.92,1526.48,0.4783
2024-02-04-west-ham-united-h,2024-02-04,1583.92,1597.44,1555.62,0.6244
2024-02-11-aston-villa-a,2024-02-11,1597.44,1606.42,1448.22,0.6256
2024-02-18-luton-town-a,2024-02-18,1606.42,1612.88,1372.55,0.7312
2024-02-24-fulham-h,2024-02-24,1612.88,1593.22,1410.9,0.8188
2024-02-28-nottingham-forest-a,2024-02-28,1593.22,1606.01,1503.1,0.5432
2024-03-03-manchester-city-a,2024-03-03,1606.01,1598.34,1731.5,0.2558
2024-03-09-everton-h,2024-03-09,1598.34,1607.75,1522.46,0.6861
2024-03-17-liverpool-h,2024-03-17,1607.75,1623.95,1722.75,0.4215
2024-03-30-brentford-a,2024-03-30,1623.95,1621.34,1487.07,0.6089
2024-04-04-chelsea-a,2024-04-04,1621.34,1612.41,1652.3,0.372
2024-04-07-liverpool-h,2024-04-07,1612.41,1613.59,1706.55,0.451
2024-04-13-bournemouth-a,2024-04-13,1613.59,1611.59,1495.26,0.5832
2024-04-21-coventry-city-n,2024-04-21,1611.59,1606.75,1486.18,0.673
2024-04-24-sheffield-united-h,2024-04-24,1606.75,1614.5,1483.54,0.7417
2024-04-27-burnley-h,2024-04-27,1614.5,1608.3,1475.97,0.7582
2024-05-06-crystal-palace-a,2024-05-06,1608.3,1583.47,1484.15,0.5913
2024-05-12-arsenal-h,2024-05-12,1583.47,1572.28,1667.02,0.4662
2024-05-15-newcastle-united-h,2024-05-15,1572.28,1581.27,1543.43,0.6251
2024-05-19-brighton-and-hove-albion-a,2024-05-19,1581.27,1596.77,1532.83,0.4834
2024-05-25-manchester-city-n,2024-05-25,1596.77,1616.21,1739.18,0.3058
2024-08-10-manchester-city-n,2024-08-10,1616.21,1619.1,1719.74,0.3553
2024-08-16-fulham-h,2024-08-16,1619.1,1623.74,1430.55,0.807
2024-08-24-brighton-and-hove-albion-a,2024-08-24,1623.74,1610.14,1517.33,0.5664
2024-09-01-liverpool-h,2024-09-01,1610.14,1593.96,1705.38,0.4495
2024-09-14-southampton-a,2024-09-14,1593.96,1609.73,1490.61,0.5621
2024-09-17-barnsley-h,2024-09-17,1609.73,1620.21,1400.08,0.8252
2024-09-21-crystal-palace-a,2024-09-21,1620.21,1618.46,1508.98,0.5732
2024-09-25-twente-h,2024-09-25,1618.46,1610.89,1500,0.7364
2024-09-29-tottenham-hotspur-h,2024-09-29,1610.89,1588.39,1582.06,0.6251
2024-10-03-porto-a,2024-10-03,1588.39,1589.32,1548.6,0.471
2024-10-06-aston-villa-a,2024-10-06,1589.32,1586.27,1439.24,0.6268
2024-10-19-brentford-h,2024-10-19,1586.27,1593.2,1489.68,0.7112
2024-10-24-fenerbahce-a,2024-10-24,1593.2,1593.95,1549.35,0.4768
2024-10-27-west-ham-united-a,2024-10-27,1593.95,1582.23,1542.1,0.4883
2024-10-30-leicester-city-h,2024-10-30,1582.23,1593.68,1509.8,0.6819
2024-11-03-chelsea-h,2024-11-03,1593.68,1593.94,1661.22,0.4891
2024-11-07-paok-h,2024-11-07,1593.94,1605.62,1500,0.7081
2024-11-10-leicester-city-h,2024-11-10,1605.62,1615.57,1498.34,0.7237
2024-11-24-ipswich-town-a,2024-11-24,1615.57,1615.42,1551.35,0.5061
2024-11-28-fk-bod-glimt-h,2024-11-28,1615.42,1623.96,1500,0.733
2024-12-01-everton-h,2024-12-01,1623.96,1635.39,1513.05,0.7279
2024-12-04-arsenal-a,2024-12-04,1635.39,1624.71,1678.2,0.3562
2024-12-07-nottingham-forest-h,2024-12-07,1624.71,1606.62,1490.31,0.7538
2024-12-12-viktoria-plzen-a,2024-12-12,1606.62,1620.48,1500,0.5667
2024-12-15-manchester-city-a,2024-12-15,1620.48,1637.54,1716.85,0.289
2024-12-19-tottenham-hotspur-a,2024-12-19,1637.54,1626.48,1604.57,0.4612
2024-12-22-bournemouth-h,2024-12-22,1626.48,1599.54,1497.26,0.7482
2024-12-26-wolverhampton-wanderers-a,2024-12-26,1599.54,1583.44,1513.96,0.5367
2024-12-30-newcastle-united-h,2024-12-30,1583.44,1563.88,1534.44,0.6519
2025-01-05-liverpool-a,2025-01-05,1563.88,1570.55,1721.56,0.2222
2025-01-12-arsenal-a,2025-01-12,1570.55,1577.16,1688.89,0.2637
2025-01-16-southampton-h,2025-01-16,1577.16,1585.62,1474.85,0.718
2025-01-19-brighton-and-hove-albion-h,2025-01-19,1585.62,1565.84,1530.93,0.6593
2025-01-23-rangers-h,2025-01-23,1565.84,1576.08,1494.75,0.6802
2025-01-26-fulham-a,2025-01-26,1576.08,1585.03,1425.92,0.6269
2025-01-30-fcsb-a,2025-01-30,1585.03,1603.59,1500,0.536
2025-02-02-crystal-palace-h,2025-02-02,1603.59,1582.39,1510.74,0.7068
2025-02-07-leicester-city-h,2025-02-07,1582.39,1590.56,1488.4,0.7082
2025-02-16-tottenham-hotspur-a,2025-02-16,1590.56,1581.44,1615.63,0.38
2025-02-22-everton-a,2025-02-22,1581.44,1580.76,1501.62,0.5285
2025-02-26-ipswich-town-h,2025-02-26,1580.76,1589.74,1551.5,0.6257
2025-03-02-fulham-h,2025-03-02,1589.74,1581.55,1416.96,0.7925
2025-03-06-real-sociedad-a,2025-03-06,1581.55,1580.87,1506.8,0.5212
2025-03-09-arsenal-h,2025-03-09,1580.87,1582.3,1682.27,0.4407
2025-03-13-real-sociedad-h,2025-03-13,1582.3,1597.42,1507.48,0.6848
2025-03-16-leicester-city-a,2025-03-16,1597.42,1612.49,1480.23,0.5816
2025-04-01-nottingham-forest-a,2025-04-01,1612.49,1598.97,1508.4,0.5631
2025-04-06-manchester-city-h,2025-04-06,1598.97,1600.38,1699.78,0.4415
2025-04-10-olympique-lyonnais-a,2025-04-10,1600.38,1598.77,1505.32,0.5503
2025-04-13-newcastle-united-a,2025-04-13,1598.77,1581.56,1553.99,0.4781
2025-04-17-olympique-lyonnais-h,2025-04-17,1581.56,1591.65,1506.93,0.6846
2025-04-20-wolverhampton-wanderers-h,2025-04-20,1591.65,1575.61,1530.06,0.6682
2025-04-27-bournemouth-a,2025-04-27,1575.61,1575.91,1524.19,0.4877
2025-05-01-athletic-bilbao-a,2025-05-01,1575.91,1603.58,1569.52,0.4235
2025-05-04-brentford-a,2025-05-04,1603.58,1589.5,1482.75,0.5867
2025-05-08-athletic-bilbao-h,2025-05-08,1589.5,1606.3,1541.85,0.6502
2025-05-11-west-ham-united-h,2025-05-11,1606.3,1586.6,1553.82,0.6564
2025-05-16-chelsea-a,2025-05-16,1586.6,1579.03,1660.96,0.3157
2025-05-21-tottenham-hotspur-n,2025-05-21,1579.03,1565.12,1624.75,0.4346
2025-05-25-aston-villa-h,2025-05-25,1565.12,1572.88,1442.28,0.7413
2025-08-17-arsenal-h,2025-08-17,1572.88,1562.53,1680.85,0.4314
2025-08-24-fulham-a,2025-08-24,1562.53,1559.9,1425.15,0.6095
2025-08-27-grimsby-town-a,2025-08-27,1559.9,1561.99,1561.15,0.4128
2025-08-30-burnley-h,2025-08-30,1561.99,1569.41,1482.17,0.691
2025-09-14-manchester-city-a,2025-09-14,1569.41,1560.34,1698.38,0.252
2025-09-20-chelsea-h,2025-09-20,1560.34,1573.99,1668.54,0.4311
2025-09-27-brentford-a,2025-09-27,1573.99,1558.25,1496.83,0.5247
2025-10-04-sunderland-h,2025-10-04,1558.25,1568.37,1500.87,0.6628
2025-10-19-liverpool-a,2025-10-19,1568.37,1586.76,1714.89,0.2335
2025-10-25-brighton-and-hove-albion-h,2025-10-25,1586.76,1597.72,1550.71,0.6348
2025-11-01-nottingham-forest-a,2025-11-01,1597.72,1597.17,1521.91,0.5227
2025-11-08-tottenham-hotspur-a,2025-11-08,1597.17,1600.58,1638.66,0.358
2025-11-24-everton-h,2025-11-24,1600.58,1583.46,1502.3,0.7132
2025-11-30-crystal-palace-a,2025-11-30,1583.46,1595.76,1531.94,0.4878
2025-12-04-west-ham-united-h,2025-12-04,1595.76,1592.97,1573.51,0.6162
2025-12-08-wolverhampton-wanderers-a,2025-12-08,1592.97,1611.65,1546.1,0.4811
2025-12-15-bournemouth-h,2025-12-15,1611.65,1606.83,1523.9,0.7007
2025-12-21-aston-villa-a,2025-12-21,1606.83,1591.08,1434.52,0.6562
2025-12-26-newcastle-united-h,2025-12-26,1591.08,1600.37,1571.21,0.613
2025-12-30-wolverhampton-wanderers-h,2025-12-30,1600.37,1595.99,1527.42,0.6825
2026-01-04-leeds-united-a,2026-01-04,1595.99,1595.68,1526.88,0.5131
2026-01-07-burnley-a,2026-01-07,1595.68,1593.59,1474.76,0.5868
2026-01-11-brighton-and-hove-albion-h,2026-01-11,1593.59,1575.16,1539.75,0.6582
2026-01-17-manchester-city-h,2026-01-17,1575.16,1593.24,1707.45,0.3974
2026-01-25-arsenal-a,2026-01-25,1593.24,1610.35,1691.2,0.2871
2026-02-01-fulham-h,2026-02-01,1610.35,1615.11,1427.78,0.8016
2026-02-07-tottenham-hotspur-h,2026-02-07,1615.11,1628.4,1635.25,0.5571
2026-02-10-west-ham-united-a,2026-02-10,1628.4,1628.67,1576.3,0.4886
2026-02-23-everton-a,2026-02-23,1628.67,1638.98,1519.42,0.5704
2026-03-01-crystal-palace-h,2026-03-01,1638.98,1645.28,1519.65,0.7374
2026-03-04-newcastle-united-a,2026-03-04,1645.28,1632.48,1561.92,0.5336
2026-03-15-aston-villa-h,2026-03-15,1632.48,1638.44,1450.27,0.8013
2026-03-20-bournemouth-a,2026-03-20,1638.44,1636.73,1528.71,0.5711
2026-04-13-leeds-united-h,2026-04-13,1636.73,1619.3,1527.19,0.7263
2026-04-18-chelsea-a,2026-04-18,1619.3,1634.52,1654.89,0.3658
2026-04-27-brentford-h,2026-04-27,1634.52,1640.76,1512.57,0.7403
2026-05-03-liverpool-h,2026-05-03,1640.76,1652.61,1696.49,0.5061
2026-05-09-sunderland-a,2026-05-09,1652.61,1649.19,1490.75,0.6425
2026-05-17-nottingham-forest-h,2026-05-17,1649.19,1655.3,1522.46,0.7455
2026-05-24-brighton-and-hove-albion-a,2026-05-24,1655.3,1671.38,1558.18,0.5532
