player_id,name,wikidata_id,commons_file,image_url,thumb_url,local_path,page_url,license,artist,credit,source_id,retrieved_at
aaron-wan-bissaka,Aaron Wan-Bissaka,Q50137347,Aaron Wan Bissaka 2019.jpg,https://upload.wikimedia.org/wikipedia/commons/5/5a/Aaron_Wan_Bissaka_2019.jpg,https://upload.wikimedia.org/wikipedia/commons/thumb/5/5a/Aaron_Wan_Bissaka_2019.jpg/330px-Aaron_Wan_Bissaka_2019.jpg,/media/players/aaron-wan-bissaka.webp,https://commons.wikimedia.org/wiki/File:Aaron_Wan_Bissaka_2019.jpg,CC BY-SA 2.0,"@cfcunofficial (Chelsea Debs) London from London, UK",Chelsea 1 Man Utd 2,wikidata-commons,2026-07-03T00:30:03.115Z
alan-smith,Alan Smith,Q216614,Rsz Alansmith 20040727.jpg,https://upload.wikimedia.org/wikipedia/commons/b/bd/Rsz_Alansmith_20040727.jpg,https://upload.wikimedia.org/wikipedia/commons/b/bd/Rsz_Alansmith_20040727.jpg,/media/players/alan-smith.webp,https://commons.wikimedia.org/wiki/File:Rsz_Alansmith_20040727.jpg,CC BY-SA 2.0,Toni Marsh,"Cropped from https://www.flickr.com/photos/tiggy818/20285850/ Date uploaded to Flickr: June 19, 2005",wikidata-commons,2026-07-03T00:30:03.115Z
alejandro-garnacho,Alejandro Garnacho,Q111366053,Alejandro Garnacho 7 August 2022 (cropped).jpg,https://upload.wikimedia.org/wikipedia/commons/a/ab/Alejandro_Garnacho_7_August_2022_%28cropped%29.jpg,https://upload.wikimedia.org/wikipedia/commons/thumb/a/ab/Alejandro_Garnacho_7_August_2022_%28cropped%29.jpg/330px-Alejandro_Garnacho_7_August_2022_%28cropped%29.jpg,/media/players/alejandro-garnacho.webp,https://commons.wikimedia.org/wiki/File:Alejandro_Garnacho_7_August_2022_(cropped).jpg,CC BY-SA 4.0,Ardfern,Own work,wikidata-commons,2026-07-03T00:30:03.115Z
alex-bell,Alex Bell,Q3439401,Manchester United 1908-09 (Bell).jpg,https://upload.wikimedia.org/wikipedia/commons/3/38/Manchester_United_1908-09_%28Bell%29.jpg,https://upload.wikimedia.org/wikipedia/commons/3/38/Manchester_United_1908-09_%28Bell%29.jpg,/media/players/alex-bell.webp,https://commons.wikimedia.org/wiki/File:Manchester_United_1908-09_(Bell).jpg,Public domain,Unknown author Unknown author,Here,wikidata-commons,2026-07-03T00:30:03.115Z
alex-stepney,Alex Stepney,Q380205,Alex Stepney.jpg,https://upload.wikimedia.org/wikipedia/commons/d/d3/Alex_Stepney.jpg,https://upload.wikimedia.org/wikipedia/commons/thumb/d/d3/Alex_Stepney.jpg/330px-Alex_Stepney.jpg,/media/players/alex-stepney.webp,https://commons.wikimedia.org/wiki/File:Alex_Stepney.jpg,CC BY-SA 3.0,Christophe95,Own work,wikidata-commons,2026-07-03T00:30:03.115Z
amad-diallo,Amad Diallo,Q72603655,Amad Diallo Cote D'Ivoire v Ecuador 14 June 2026-256 (cropped 2).jpg,https://upload.wikimedia.org/wikipedia/commons/1/1a/Amad_Diallo_Cote_D%27Ivoire_v_Ecuador_14_June_2026-256_%28cropped_2%29.jpg,https://upload.wikimedia.org/wikipedia/commons/thumb/1/1a/Amad_Diallo_Cote_D%27Ivoire_v_Ecuador_14_June_2026-256_%28cropped_2%29.jpg/330px-Amad_Diallo_Cote_D%27Ivoire_v_Ecuador_14_June_2026-256_%28cropped_2%29.jpg,/media/players/amad-diallo.webp,https://commons.wikimedia.org/wiki/File:Amad_Diallo_Cote_D%27Ivoire_v_Ecuador_14_June_2026-256_(cropped_2).jpg,CC BY-SA 4.0,Bryan Berlin,Own work,wikidata-commons,2026-07-03T00:30:03.115Z
ander-herrera,Ander Herrera,Q1639968,2019-07-17 SG Dynamo Dresden vs. Paris Saint-Germain by Sandro Halank–282 (cropped).jpg,https://upload.wikimedia.org/wikipedia/commons/f/f8/2019-07-17_SG_Dynamo_Dresden_vs._Paris_Saint-Germain_by_Sandro_Halank%E2%80%93282_%28cropped%29.jpg,https://upload.wikimedia.org/wikipedia/commons/thumb/f/f8/2019-07-17_SG_Dynamo_Dresden_vs._Paris_Saint-Germain_by_Sandro_Halank%E2%80%93282_%28cropped%29.jpg/330px-2019-07-17_SG_Dynamo_Dresden_vs._Paris_Saint-Germain_by_Sandro_Halank%E2%80%93282_%28cropped%29.jpg,/media/players/ander-herrera.webp,https://commons.wikimedia.org/wiki/File:2019-07-17_SG_Dynamo_Dresden_vs._Paris_Saint-Germain_by_Sandro_Halank%E2%80%93282_(cropped).jpg,CC BY-SA 4.0,"Sandro Halank , Wikimedia Commons",Self-photographed,wikidata-commons,2026-07-03T00:30:03.115Z
anderson,Anderson,Q484772,Anderson 2013.jpg,https://upload.wikimedia.org/wikipedia/commons/4/48/Anderson_2013.jpg,https://upload.wikimedia.org/wikipedia/commons/4/48/Anderson_2013.jpg,/media/players/anderson.webp,https://commons.wikimedia.org/wiki/File:Anderson_2013.jpg,CC BY 2.0,Doha Stadium Plus Qatar,https://www.flickr.com/photos/dohastadiumplusqatar/8402079732/,wikidata-commons,2026-07-03T00:30:03.115Z
andrei-kanchelskis,Andrei Kanchelskis,Q312148,Kanchelskis Andrei.jpg,https://upload.wikimedia.org/wikipedia/commons/c/c9/Kanchelskis_Andrei.jpg,https://upload.wikimedia.org/wikipedia/commons/c/c9/Kanchelskis_Andrei.jpg,/media/players/andrei-kanchelskis.webp,https://commons.wikimedia.org/wiki/File:Kanchelskis_Andrei.jpg,Public domain,,Self-photographed,wikidata-commons,2026-07-03T00:30:03.115Z
andre-onana,André Onana,Q19116103,André Onana.jpg,https://upload.wikimedia.org/wikipedia/commons/6/67/Andr%C3%A9_Onana.jpg,https://upload.wikimedia.org/wikipedia/commons/thumb/6/67/Andr%C3%A9_Onana.jpg/330px-Andr%C3%A9_Onana.jpg,/media/players/andre-onana.webp,https://commons.wikimedia.org/wiki/File:Andr%C3%A9_Onana.jpg,CC BY-SA 4.0,Franco237,Own work,wikidata-commons,2026-07-03T00:30:03.115Z
andy-cole,Andy Cole,Q216928,Andy Cole (cropped).jpg,https://upload.wikimedia.org/wikipedia/commons/8/8d/Andy_Cole_%28cropped%29.jpg,https://upload.wikimedia.org/wikipedia/commons/thumb/8/8d/Andy_Cole_%28cropped%29.jpg/330px-Andy_Cole_%28cropped%29.jpg,/media/players/andy-cole.webp,https://commons.wikimedia.org/wiki/File:Andy_Cole_(cropped).jpg,CC BY-SA 2.0,"Norio Nakayama from saitama, japan",AEROFLOT ManchesterUnited TrophyTour,wikidata-commons,2026-07-03T00:30:03.115Z
anthony-martial,Anthony Martial,Q2091463,Anthony Martial 27 September 2017 cropped.jpg,https://upload.wikimedia.org/wikipedia/commons/8/88/Anthony_Martial_27_September_2017_cropped.jpg,https://upload.wikimedia.org/wikipedia/commons/thumb/8/88/Anthony_Martial_27_September_2017_cropped.jpg/330px-Anthony_Martial_27_September_2017_cropped.jpg,/media/players/anthony-martial.webp,https://commons.wikimedia.org/wiki/File:Anthony_Martial_27_September_2017_cropped.jpg,CC BY-SA 3.0,Дмитрий Голубович,https://www.soccer0010.com/galery/1013619/photo/673742,wikidata-commons,2026-07-03T00:30:03.115Z
antonio-valencia,Antonio Valencia,Q174486,Antonio Valencia cropped.jpg,https://upload.wikimedia.org/wikipedia/commons/5/51/Antonio_Valencia_cropped.jpg,https://upload.wikimedia.org/wikipedia/commons/thumb/5/51/Antonio_Valencia_cropped.jpg/330px-Antonio_Valencia_cropped.jpg,/media/players/antonio-valencia.webp,https://commons.wikimedia.org/wiki/File:Antonio_Valencia_cropped.jpg,CC BY-SA 1.0,Julia Novikova for Soccer.ru,cropped from Soccer.ru photo,wikidata-commons,2026-07-03T00:30:03.115Z
antony,Antony,Q59205608,Antony - Betis - Partido Betis vs Valencia.jpg,https://upload.wikimedia.org/wikipedia/commons/b/b5/Antony_-_Betis_-_Partido_Betis_vs_Valencia.jpg,https://upload.wikimedia.org/wikipedia/commons/thumb/b/b5/Antony_-_Betis_-_Partido_Betis_vs_Valencia.jpg/330px-Antony_-_Betis_-_Partido_Betis_vs_Valencia.jpg,/media/players/antony.webp,https://commons.wikimedia.org/wiki/File:Antony_-_Betis_-_Partido_Betis_vs_Valencia.jpg,CC BY-SA 4.0,FotosLaLiga,Own work,wikidata-commons,2026-07-03T00:30:03.115Z
arthur-albiston,Arthur Albiston,Q462137,"Albiston, Arthur.jpg",https://upload.wikimedia.org/wikipedia/commons/e/eb/Albiston%2C_Arthur.jpg,https://upload.wikimedia.org/wikipedia/commons/e/eb/Albiston%2C_Arthur.jpg,/media/players/arthur-albiston.webp,"https://commons.wikimedia.org/wiki/File:Albiston,_Arthur.jpg",CC BY-SA 3.0,Stew jones,Own work,wikidata-commons,2026-07-03T00:30:03.115Z
ashley-young,Ashley Young,Q10602,Ashley Young 2018-06-13 1.jpg,https://upload.wikimedia.org/wikipedia/commons/b/bf/Ashley_Young_2018-06-13_1.jpg,https://upload.wikimedia.org/wikipedia/commons/thumb/b/bf/Ashley_Young_2018-06-13_1.jpg/330px-Ashley_Young_2018-06-13_1.jpg,/media/players/ashley-young.webp,https://commons.wikimedia.org/wiki/File:Ashley_Young_2018-06-13_1.jpg,CC BY-SA 3.0,Кирилл Венедиктов,https://www.soccer.ru/galery/1053441/photo/729781,wikidata-commons,2026-07-03T00:30:03.115Z
bill-foulkes,Bill Foulkes,Q462111,"Bill Foulkes, NASL 1975 media guide page 12.png",https://upload.wikimedia.org/wikipedia/commons/6/64/Bill_Foulkes%2C_NASL_1975_media_guide_page_12.png,https://upload.wikimedia.org/wikipedia/commons/6/64/Bill_Foulkes%2C_NASL_1975_media_guide_page_12.png,/media/players/bill-foulkes.webp,"https://commons.wikimedia.org/wiki/File:Bill_Foulkes,_NASL_1975_media_guide_page_12.png",Public domain,North American Soccer League,North American Soccer League 1975 media guide via SportsArchive,wikidata-commons,2026-07-03T00:30:03.115Z
billy-meredith,Billy Meredith,Q444611,Billy meredith city.jpg,https://upload.wikimedia.org/wikipedia/commons/8/8b/Billy_meredith_city.jpg,https://upload.wikimedia.org/wikipedia/commons/thumb/8/8b/Billy_meredith_city.jpg/330px-Billy_meredith_city.jpg,/media/players/billy-meredith.webp,https://commons.wikimedia.org/wiki/File:Billy_meredith_city.jpg,Public domain,Stevo1000,Own work,wikidata-commons,2026-07-03T00:30:03.115Z
bobby-charlton,Bobby Charlton,Q171583,Bobby Charlton en 1966 160.jpg,https://upload.wikimedia.org/wikipedia/commons/a/aa/Bobby_Charlton_en_1966_160.jpg,https://upload.wikimedia.org/wikipedia/commons/thumb/a/aa/Bobby_Charlton_en_1966_160.jpg/330px-Bobby_Charlton_en_1966_160.jpg,/media/players/bobby-charlton.webp,https://commons.wikimedia.org/wiki/File:Bobby_Charlton_en_1966_160.jpg,Public domain,Panini,FIGURINA CAMPIONI DELLO SPORT PANINI - SPORT INVERNALI RUSSELL,wikidata-commons,2026-07-03T00:30:03.115Z
brian-greenhoff,Brian Greenhoff,Q912274,ITA v ENG 1976 Greenhoff Causio.jpg,https://upload.wikimedia.org/wikipedia/commons/3/35/ITA_v_ENG_1976_Greenhoff_Causio.jpg,https://upload.wikimedia.org/wikipedia/commons/thumb/3/35/ITA_v_ENG_1976_Greenhoff_Causio.jpg/330px-ITA_v_ENG_1976_Greenhoff_Causio.jpg,/media/players/brian-greenhoff.webp,https://commons.wikimedia.org/wiki/File:ITA_v_ENG_1976_Greenhoff_Causio.jpg,Public domain,Unknown author Unknown author,Ansa,wikidata-commons,2026-07-03T00:30:03.115Z
brian-kidd,Brian Kidd,Q562532,Brian Kidd (cropped).JPG,https://upload.wikimedia.org/wikipedia/commons/1/1f/Brian_Kidd_%28cropped%29.JPG,https://upload.wikimedia.org/wikipedia/commons/thumb/1/1f/Brian_Kidd_%28cropped%29.JPG/330px-Brian_Kidd_%28cropped%29.JPG,/media/players/brian-kidd.webp,https://commons.wikimedia.org/wiki/File:Brian_Kidd_(cropped).JPG,CC BY-SA 3.0,Christophe95,Own work,wikidata-commons,2026-07-03T00:30:03.115Z
brian-mcclair,Brian McClair,Q462105,Brian McClair mars 1992.JPG,https://upload.wikimedia.org/wikipedia/commons/9/92/Brian_McClair_mars_1992.JPG,https://upload.wikimedia.org/wikipedia/commons/9/92/Brian_McClair_mars_1992.JPG,/media/players/brian-mcclair.webp,https://commons.wikimedia.org/wiki/File:Brian_McClair_mars_1992.JPG,Public domain,my own picture,Øyvind Vik,wikidata-commons,2026-07-03T00:30:03.115Z
bruno-fernandes,Bruno Fernandes,Q4979316,Bruno Fernandes USMNT v Portugal Mar 31 2026-27 (cropped).jpg,https://upload.wikimedia.org/wikipedia/commons/c/c7/Bruno_Fernandes_USMNT_v_Portugal_Mar_31_2026-27_%28cropped%29.jpg,https://upload.wikimedia.org/wikipedia/commons/thumb/c/c7/Bruno_Fernandes_USMNT_v_Portugal_Mar_31_2026-27_%28cropped%29.jpg/330px-Bruno_Fernandes_USMNT_v_Portugal_Mar_31_2026-27_%28cropped%29.jpg,/media/players/bruno-fernandes.webp,https://commons.wikimedia.org/wiki/File:Bruno_Fernandes_USMNT_v_Portugal_Mar_31_2026-27_(cropped).jpg,CC BY-SA 4.0,Bryan Berlin,Own work,wikidata-commons,2026-07-03T00:30:03.115Z
bryan-robson,Bryan Robson,Q296583,Bryan Robson at the cliff -march 92 (cropped).jpg,https://upload.wikimedia.org/wikipedia/commons/c/c8/Bryan_Robson_at_the_cliff_-march_92_%28cropped%29.jpg,https://upload.wikimedia.org/wikipedia/commons/c/c8/Bryan_Robson_at_the_cliff_-march_92_%28cropped%29.jpg,/media/players/bryan-robson.webp,https://commons.wikimedia.org/wiki/File:Bryan_Robson_at_the_cliff_-march_92_(cropped).jpg,CC BY-SA 4.0,Daehan,Own work,wikidata-commons,2026-07-03T00:30:03.115Z
caesar-jenkyns,Caesar Jenkyns,Q1025420,CaesarJenkyns.jpg,https://upload.wikimedia.org/wikipedia/commons/b/bc/CaesarJenkyns.jpg,https://upload.wikimedia.org/wikipedia/commons/thumb/b/bc/CaesarJenkyns.jpg/500px-CaesarJenkyns.jpg,/media/players/caesar-jenkyns.webp,https://commons.wikimedia.org/wiki/File:CaesarJenkyns.jpg,Public domain,Unknown author,"Soar, Phil; Martin, Tyler (1996) Arsenal: The Offical Illustrated History, 1886–1996 , London : Hamlyn, p. 34 ISBN : 9781856133128 .",wikidata-commons,2026-07-12T21:08:31.322Z
callum-hudson-odoi,Callum Hudson-Odoi,Q42396622,Callum Hudson-Odoi for Nottingham Forest vs AS Monaco by Sebastian Alston (cropped).jpg,https://upload.wikimedia.org/wikipedia/commons/b/b6/Callum_Hudson-Odoi_for_Nottingham_Forest_vs_AS_Monaco_by_Sebastian_Alston_%28cropped%29.jpg,https://upload.wikimedia.org/wikipedia/commons/thumb/b/b6/Callum_Hudson-Odoi_for_Nottingham_Forest_vs_AS_Monaco_by_Sebastian_Alston_%28cropped%29.jpg/500px-Callum_Hudson-Odoi_for_Nottingham_Forest_vs_AS_Monaco_by_Sebastian_Alston_%28cropped%29.jpg,/media/players/callum-hudson-odoi.webp,https://commons.wikimedia.org/wiki/File:Callum%20Hudson-Odoi%20for%20Nottingham%20Forest%20vs%20AS%20Monaco%20by%20Sebastian%20Alston%20(cropped).jpg,CC BY 4.0,Sebalston,Own work,wikidata-commons,2026-07-12T21:08:31.322Z
cameron-borthwick-jackson,Cameron Borthwick-Jackson,Q21403420,Cameron Borthwick-Jackson (cropped).jpg,https://upload.wikimedia.org/wikipedia/commons/1/1a/Cameron_Borthwick-Jackson_%28cropped%29.jpg,https://upload.wikimedia.org/wikipedia/commons/thumb/1/1a/Cameron_Borthwick-Jackson_%28cropped%29.jpg/500px-Cameron_Borthwick-Jackson_%28cropped%29.jpg,/media/players/cameron-borthwick-jackson.webp,https://commons.wikimedia.org/wiki/File:Cameron%20Borthwick-Jackson%20(cropped).jpg,CC BY-SA 4.0,Werner100359,Own work,wikidata-commons,2026-07-12T21:08:31.322Z
carlos-sanchez,Carlos Sánchez,Q116602,Hertha BSC vs. West Ham United 20190731 (157).jpg,https://upload.wikimedia.org/wikipedia/commons/1/1c/Hertha_BSC_vs._West_Ham_United_20190731_%28157%29.jpg,https://upload.wikimedia.org/wikipedia/commons/thumb/1/1c/Hertha_BSC_vs._West_Ham_United_20190731_%28157%29.jpg/500px-Hertha_BSC_vs._West_Ham_United_20190731_%28157%29.jpg,/media/players/carlos-sanchez.webp,https://commons.wikimedia.org/wiki/File:Hertha%20BSC%20vs.%20West%20Ham%20United%2020190731%20(157).jpg,CC BY-SA 4.0,Steindy,Own work,wikidata-commons,2026-07-12T21:08:31.322Z
carlos-tevez,Carlos Tevez,Q50600,Carlos Tevez with Argentina November 2014 (cropped).jpg,https://upload.wikimedia.org/wikipedia/commons/3/31/Carlos_Tevez_with_Argentina_November_2014_%28cropped%29.jpg,https://upload.wikimedia.org/wikipedia/commons/thumb/3/31/Carlos_Tevez_with_Argentina_November_2014_%28cropped%29.jpg/330px-Carlos_Tevez_with_Argentina_November_2014_%28cropped%29.jpg,/media/players/carlos-tevez.webp,https://commons.wikimedia.org/wiki/File:Carlos_Tevez_with_Argentina_November_2014_(cropped).jpg,CC BY-SA 4.0,Egghead06,Own work,wikidata-commons,2026-07-03T00:30:03.115Z
casemiro,Casemiro,Q616664,Casemiro Brazil V Morocco 13 June 2026-76 (cropped).jpg,https://upload.wikimedia.org/wikipedia/commons/2/2f/Casemiro_Brazil_V_Morocco_13_June_2026-76_%28cropped%29.jpg,https://upload.wikimedia.org/wikipedia/commons/thumb/2/2f/Casemiro_Brazil_V_Morocco_13_June_2026-76_%28cropped%29.jpg/330px-Casemiro_Brazil_V_Morocco_13_June_2026-76_%28cropped%29.jpg,/media/players/casemiro.webp,https://commons.wikimedia.org/wiki/File:Casemiro_Brazil_V_Morocco_13_June_2026-76_(cropped).jpg,CC BY-SA 4.0,Bryan Berlin,Own work,wikidata-commons,2026-07-03T00:30:03.115Z
cesc-fabregas,Cesc Fàbregas,Q17499,2023 - Cesc Fabregas (cropped).jpg,https://upload.wikimedia.org/wikipedia/commons/5/5b/2023_-_Cesc_Fabregas_%28cropped%29.jpg,https://upload.wikimedia.org/wikipedia/commons/thumb/5/5b/2023_-_Cesc_Fabregas_%28cropped%29.jpg/500px-2023_-_Cesc_Fabregas_%28cropped%29.jpg,/media/players/cesc-fabregas.webp,https://commons.wikimedia.org/wiki/File:2023%20-%20Cesc%20Fabregas%20(cropped).jpg,CC BY 2.0,Web Summit,SAM_9641,wikidata-commons,2026-07-12T21:08:31.322Z
chancel-mbemba,Chancel Mbemba,Q3196721,Chancel Mbemba Mangulu.JPG,https://upload.wikimedia.org/wikipedia/commons/3/3f/Chancel_Mbemba_Mangulu.JPG,https://upload.wikimedia.org/wikipedia/commons/thumb/3/3f/Chancel_Mbemba_Mangulu.JPG/500px-Chancel_Mbemba_Mangulu.JPG,/media/players/chancel-mbemba.webp,https://commons.wikimedia.org/wiki/File:Chancel%20Mbemba%20Mangulu.JPG,CC BY-SA 4.0,Ultraslansi,Own work,wikidata-commons,2026-07-12T21:08:31.322Z
charles-n-zogbia,Charles N'Zogbia,Q113872,Charles N'Zogbia.png,https://upload.wikimedia.org/wikipedia/commons/d/dc/Charles_N%27Zogbia.png,https://upload.wikimedia.org/wikipedia/commons/d/dc/Charles_N%27Zogbia.png,/media/players/charles-n-zogbia.webp,https://commons.wikimedia.org/wiki/File:Charles%20N'Zogbia.png,CC BY 2.0,michael.kjaer,flickr,wikidata-commons,2026-07-12T21:08:31.322Z
charlie-mcneill,Charlie McNeill,Q107826244,Charlie McNeill 18102025 (1).jpg,https://upload.wikimedia.org/wikipedia/commons/d/d6/Charlie_McNeill_18102025_%281%29.jpg,https://upload.wikimedia.org/wikipedia/commons/thumb/d/d6/Charlie_McNeill_18102025_%281%29.jpg/960px-Charlie_McNeill_18102025_%281%29.jpg,/media/players/charlie-mcneill.webp,https://commons.wikimedia.org/wiki/File:Charlie%20McNeill%2018102025%20(1).jpg,CC0,Timmy96,Own work,wikidata-commons,2026-07-12T21:08:31.322Z
charlie-mitten,Charlie Mitten,Q2565364,"Juan José Novo, Guillermo del Valle and Charlie Mitten 1950.jpg",https://upload.wikimedia.org/wikipedia/commons/6/6d/Juan_Jos%C3%A9_Novo%2C_Guillermo_del_Valle_and_Charlie_Mitten_1950.jpg,https://upload.wikimedia.org/wikipedia/commons/thumb/6/6d/Juan_Jos%C3%A9_Novo%2C_Guillermo_del_Valle_and_Charlie_Mitten_1950.jpg/960px-Juan_Jos%C3%A9_Novo%2C_Guillermo_del_Valle_and_Charlie_Mitten_1950.jpg,/media/players/charlie-mitten.webp,"https://commons.wikimedia.org/wiki/File:Juan%20Jos%C3%A9%20Novo,%20Guillermo%20del%20Valle%20and%20Charlie%20Mitten%201950.jpg",Public domain,Unknown author,Los Angeles Daily News,wikidata-commons,2026-07-12T21:08:31.322Z
charlie-roberts,Charlie Roberts,Q2916117,Manchester United 1908-09 (Roberts).jpg,https://upload.wikimedia.org/wikipedia/commons/7/79/Manchester_United_1908-09_%28Roberts%29.jpg,https://upload.wikimedia.org/wikipedia/commons/7/79/Manchester_United_1908-09_%28Roberts%29.jpg,/media/players/charlie-roberts.webp,https://commons.wikimedia.org/wiki/File:Manchester_United_1908-09_(Roberts).jpg,Public domain,Unknown author Unknown author,Here,wikidata-commons,2026-07-03T00:30:03.115Z
charlie-savage,Charlie Savage,Q107878065,Charlie Savage debut.jpg,https://upload.wikimedia.org/wikipedia/commons/e/ee/Charlie_Savage_debut.jpg,https://upload.wikimedia.org/wikipedia/commons/thumb/e/ee/Charlie_Savage_debut.jpg/500px-Charlie_Savage_debut.jpg,/media/players/charlie-savage.webp,https://commons.wikimedia.org/wiki/File:Charlie%20Savage%20debut.jpg,CC BY-SA 4.0,Ardfern,Own work,wikidata-commons,2026-07-12T21:08:31.322Z
chicharito,Chicharito,Q165125,Hertha BSC vs. West Ham United 20190731 (139).jpg,https://upload.wikimedia.org/wikipedia/commons/9/95/Hertha_BSC_vs._West_Ham_United_20190731_%28139%29.jpg,https://upload.wikimedia.org/wikipedia/commons/thumb/9/95/Hertha_BSC_vs._West_Ham_United_20190731_%28139%29.jpg/330px-Hertha_BSC_vs._West_Ham_United_20190731_%28139%29.jpg,/media/players/chicharito.webp,https://commons.wikimedia.org/wiki/File:Hertha_BSC_vs._West_Ham_United_20190731_(139).jpg,CC BY-SA 4.0,"-- Steindy ( talk ) 16:03, 29 August 2019 (UTC)",Own work,wikidata-commons,2026-07-03T00:30:03.115Z
chris-eagles,Chris Eagles,Q296207,Chris Eagles - 1.jpg,https://upload.wikimedia.org/wikipedia/commons/5/52/Chris_Eagles_-_1.jpg,https://upload.wikimedia.org/wikipedia/commons/thumb/5/52/Chris_Eagles_-_1.jpg/330px-Chris_Eagles_-_1.jpg,/media/players/chris-eagles.webp,https://commons.wikimedia.org/wiki/File:Chris%20Eagles%20-%201.jpg,CC BY-SA 2.0,"Jon Candy from Cardiff, Wales",Kick Off Uploaded by kafuffle,wikidata-commons,2026-07-12T21:08:31.322Z
chris-smalling,Chris Smalling,Q29491,CSKA-MU 2017 (15).jpg,https://upload.wikimedia.org/wikipedia/commons/6/65/CSKA-MU_2017_%2815%29.jpg,https://upload.wikimedia.org/wikipedia/commons/thumb/6/65/CSKA-MU_2017_%2815%29.jpg/330px-CSKA-MU_2017_%2815%29.jpg,/media/players/chris-smalling.webp,https://commons.wikimedia.org/wiki/File:CSKA-MU_2017_(15).jpg,CC BY-SA 3.0,Дмитрий Голубович,soccer.ru,wikidata-commons,2026-07-03T00:30:03.115Z
christian-benteke,Christian Benteke,Q60326,Christian Benteke NYCFC vs DC United on Aug 30 2025-027 (cropped).jpg,https://upload.wikimedia.org/wikipedia/commons/d/d8/Christian_Benteke_NYCFC_vs_DC_United_on_Aug_30_2025-027_%28cropped%29.jpg,https://upload.wikimedia.org/wikipedia/commons/thumb/d/d8/Christian_Benteke_NYCFC_vs_DC_United_on_Aug_30_2025-027_%28cropped%29.jpg/500px-Christian_Benteke_NYCFC_vs_DC_United_on_Aug_30_2025-027_%28cropped%29.jpg,/media/players/christian-benteke.webp,https://commons.wikimedia.org/wiki/File:Christian%20Benteke%20NYCFC%20vs%20DC%20United%20on%20Aug%2030%202025-027%20(cropped).jpg,CC BY-SA 4.0,Bryan Berlin,Own work,wikidata-commons,2026-07-12T21:08:31.322Z
christian-eriksen,Christian Eriksen,Q294951,20140904 - Christian Eriksen (cropped).jpg,https://upload.wikimedia.org/wikipedia/commons/1/1a/20140904_-_Christian_Eriksen_%28cropped%29.jpg,https://upload.wikimedia.org/wikipedia/commons/thumb/1/1a/20140904_-_Christian_Eriksen_%28cropped%29.jpg/330px-20140904_-_Christian_Eriksen_%28cropped%29.jpg,/media/players/christian-eriksen.webp,https://commons.wikimedia.org/wiki/File:20140904_-_Christian_Eriksen_(cropped).jpg,CC BY-SA 2.0,"Chris 0023 from Lyngby, Denmark",Christian Eriksen - Tottenham Hotspurs former Ajax Amsterdam player,wikidata-commons,2026-07-03T00:30:03.115Z
christian-pulisic,Christian Pulisic,Q22279773,Christian Pulisic USMNT v Belgium Mar 28 2026-73 (cropped).jpg,https://upload.wikimedia.org/wikipedia/commons/7/71/Christian_Pulisic_USMNT_v_Belgium_Mar_28_2026-73_%28cropped%29.jpg,https://upload.wikimedia.org/wikipedia/commons/thumb/7/71/Christian_Pulisic_USMNT_v_Belgium_Mar_28_2026-73_%28cropped%29.jpg/500px-Christian_Pulisic_USMNT_v_Belgium_Mar_28_2026-73_%28cropped%29.jpg,/media/players/christian-pulisic.webp,https://commons.wikimedia.org/wiki/File:Christian%20Pulisic%20USMNT%20v%20Belgium%20Mar%2028%202026-73%20(cropped).jpg,CC BY-SA 4.0,Bryan Berlin,Own work,wikidata-commons,2026-07-12T21:08:31.322Z
clayton-blackmore,Clayton Blackmore,Q1099281,Clayton Blackmore juli 1991.JPG,https://upload.wikimedia.org/wikipedia/commons/4/44/Clayton_Blackmore_juli_1991.JPG,https://upload.wikimedia.org/wikipedia/commons/4/44/Clayton_Blackmore_juli_1991.JPG,/media/players/clayton-blackmore.webp,https://commons.wikimedia.org/wiki/File:Clayton_Blackmore_juli_1991.JPG,Public domain,my own picture,Øyvind Vik,wikidata-commons,2026-07-03T00:30:03.115Z
craig-cathcart,Craig Cathcart,Q458316,"Craig Cathcart, CZE-NIR 2019-10-14 (4).jpg",https://upload.wikimedia.org/wikipedia/commons/1/17/Craig_Cathcart%2C_CZE-NIR_2019-10-14_%284%29.jpg,https://upload.wikimedia.org/wikipedia/commons/thumb/1/17/Craig_Cathcart%2C_CZE-NIR_2019-10-14_%284%29.jpg/500px-Craig_Cathcart%2C_CZE-NIR_2019-10-14_%284%29.jpg,/media/players/craig-cathcart.webp,"https://commons.wikimedia.org/wiki/File:Craig%20Cathcart,%20CZE-NIR%202019-10-14%20(4).jpg",CC BY-SA 4.0,"Tadeáš Bednarz (2002–) Alternative names T.Bednarz Description Czech photographer, association football referee, chronicler, freelancer, free-license photographer and sailor Date of birth 13 October 2002 Authority file : Q99692082 FIDE : 23734060 creator QS:P170,Q99692082",Own work,wikidata-commons,2026-07-12T21:08:31.322Z
cristiano-ronaldo,Cristiano Ronaldo,Q11571,"Cristiano Ronaldo of Manchester United, November 5, 2008, B.jpg",https://upload.wikimedia.org/wikipedia/commons/9/9b/Cristiano_Ronaldo_of_Manchester_United%2C_November_5%2C_2008%2C_B.jpg,https://upload.wikimedia.org/wikipedia/commons/thumb/9/9b/Cristiano_Ronaldo_of_Manchester_United%2C_November_5%2C_2008%2C_B.jpg/330px-Cristiano_Ronaldo_of_Manchester_United%2C_November_5%2C_2008%2C_B.jpg,/media/players/cristiano-ronaldo.webp,"https://commons.wikimedia.org/wiki/File:Cristiano_Ronaldo_of_Manchester_United,_November_5,_2008,_B.jpg",CC BY 2.0,https://www.flickr.com/people/gowestphoto/,https://www.flickr.com/photos/gowestphoto/3922501416/in/set-72157622375532166/,wikidata-commons,2026-07-03T00:30:03.115Z
cesar-azpilicueta,César Azpilicueta,Q294806,"César Azpilicueta, Al Hilal SFC vs Chelsea F.C., 9 February 2022.jpg",https://upload.wikimedia.org/wikipedia/commons/7/7f/C%C3%A9sar_Azpilicueta%2C_Al_Hilal_SFC_vs_Chelsea_F.C.%2C_9_February_2022.jpg,https://upload.wikimedia.org/wikipedia/commons/thumb/7/7f/C%C3%A9sar_Azpilicueta%2C_Al_Hilal_SFC_vs_Chelsea_F.C.%2C_9_February_2022.jpg/500px-C%C3%A9sar_Azpilicueta%2C_Al_Hilal_SFC_vs_Chelsea_F.C.%2C_9_February_2022.jpg,/media/players/cesar-azpilicueta.webp,"https://commons.wikimedia.org/wiki/File:C%C3%A9sar%20Azpilicueta,%20Al%20Hilal%20SFC%20vs%20Chelsea%20F.C.,%209%20February%202022.jpg",CC BY 4.0,محمد امین انصاری,https://www.farsnews.ir/photo/14001120001068,wikidata-commons,2026-07-12T21:08:31.322Z
d-mani-mellor,D'Mani Mellor,Q76742859,D'Mani Bughail-Mellor.jpg,https://upload.wikimedia.org/wikipedia/commons/3/33/D%27Mani_Bughail-Mellor.jpg,https://upload.wikimedia.org/wikipedia/commons/thumb/3/33/D%27Mani_Bughail-Mellor.jpg/500px-D%27Mani_Bughail-Mellor.jpg,/media/players/d-mani-mellor.webp,https://commons.wikimedia.org/wiki/File:D'Mani%20Bughail-Mellor.jpg,CC BY 2.0,Kane Brooker,D'Mani Bughail-Mellor,wikidata-commons,2026-07-12T21:08:31.322Z
daley-blind,Daley Blind,Q128912,Zarya-MU (6) — копия.jpg,https://upload.wikimedia.org/wikipedia/commons/c/c7/Zarya-MU_%286%29_%E2%80%94_%D0%BA%D0%BE%D0%BF%D0%B8%D1%8F.jpg,https://upload.wikimedia.org/wikipedia/commons/c/c7/Zarya-MU_%286%29_%E2%80%94_%D0%BA%D0%BE%D0%BF%D0%B8%D1%8F.jpg,/media/players/daley-blind.webp,https://commons.wikimedia.org/wiki/File:Zarya-MU_(6)_%E2%80%94_%D0%BA%D0%BE%D0%BF%D0%B8%D1%8F.jpg,CC BY-SA 3.0,Станислав Ведмидь,Football.ua,wikidata-commons,2026-07-03T00:30:03.115Z
dan-gore,Dan Gore,Q122835167,Dan Gore 18042026 (2).jpg,https://upload.wikimedia.org/wikipedia/commons/f/f6/Dan_Gore_18042026_%282%29.jpg,https://upload.wikimedia.org/wikipedia/commons/thumb/f/f6/Dan_Gore_18042026_%282%29.jpg/500px-Dan_Gore_18042026_%282%29.jpg,/media/players/dan-gore.webp,https://commons.wikimedia.org/wiki/File:Dan%20Gore%2018042026%20(2).jpg,CC0,Timmy96,Own work,wikidata-commons,2026-07-12T21:08:31.322Z
daniel-amartey,Daniel Amartey,Q5548517,20150331 Mali vs Ghana 119.jpg,https://upload.wikimedia.org/wikipedia/commons/a/a9/20150331_Mali_vs_Ghana_119.jpg,https://upload.wikimedia.org/wikipedia/commons/thumb/a/a9/20150331_Mali_vs_Ghana_119.jpg/500px-20150331_Mali_vs_Ghana_119.jpg,/media/players/daniel-amartey.webp,https://commons.wikimedia.org/wiki/File:20150331%20Mali%20vs%20Ghana%20119.jpg,CC BY-SA 4.0,Pierre-Yves Beaudouin,Own work,wikidata-commons,2026-07-12T21:08:31.322Z
daniel-caligiuri,Daniel Caligiuri,Q128788,Daniel Caligiuri + Fan.jpg,https://upload.wikimedia.org/wikipedia/commons/0/04/Daniel_Caligiuri_%2B_Fan.jpg,https://upload.wikimedia.org/wikipedia/commons/thumb/0/04/Daniel_Caligiuri_%2B_Fan.jpg/960px-Daniel_Caligiuri_%2B_Fan.jpg,/media/players/daniel-caligiuri.webp,https://commons.wikimedia.org/wiki/File:Daniel%20Caligiuri%20%2B%20Fan.jpg,CC BY-SA 3.0,James Steakley,Own work,wikidata-commons,2026-07-12T21:08:31.322Z
daniel-gore,Daniel Gore,Q122835167,Dan Gore 18042026 (2).jpg,https://upload.wikimedia.org/wikipedia/commons/f/f6/Dan_Gore_18042026_%282%29.jpg,https://upload.wikimedia.org/wikipedia/commons/thumb/f/f6/Dan_Gore_18042026_%282%29.jpg/500px-Dan_Gore_18042026_%282%29.jpg,/media/players/daniel-gore.webp,https://commons.wikimedia.org/wiki/File:Dan%20Gore%2018042026%20(2).jpg,CC0,Timmy96,Own work,wikidata-commons,2026-07-12T21:08:31.322Z
daniel-james,Daniel James,Q30689579,Daniel James Wolves vs Man U 2020-01-04 (cropped).jpg,https://upload.wikimedia.org/wikipedia/commons/6/68/Daniel_James_Wolves_vs_Man_U_2020-01-04_%28cropped%29.jpg,https://upload.wikimedia.org/wikipedia/commons/6/68/Daniel_James_Wolves_vs_Man_U_2020-01-04_%28cropped%29.jpg,/media/players/daniel-james.webp,https://commons.wikimedia.org/wiki/File:Daniel%20James%20Wolves%20vs%20Man%20U%202020-01-04%20(cropped).jpg,CC BY 2.0,"Bex Walton from London, England",[1],wikidata-commons,2026-07-12T21:08:31.322Z
danilo-d-ambrosio,Danilo D'Ambrosio,Q3702162,Dnepr-Inter (4).jpg,https://upload.wikimedia.org/wikipedia/commons/7/7a/Dnepr-Inter_%284%29.jpg,https://upload.wikimedia.org/wikipedia/commons/7/7a/Dnepr-Inter_%284%29.jpg,/media/players/danilo-d-ambrosio.webp,https://commons.wikimedia.org/wiki/File:Dnepr-Inter%20(4).jpg,CC BY-SA 3.0,Илья Хохлов,Football.ua,wikidata-commons,2026-07-12T21:08:31.322Z
danny-higginbotham,Danny Higginbotham,Q437322,Danny Higginbotham vs. Estonia.jpg,https://upload.wikimedia.org/wikipedia/commons/1/12/Danny_Higginbotham_vs._Estonia.jpg,https://upload.wikimedia.org/wikipedia/commons/1/12/Danny_Higginbotham_vs._Estonia.jpg,/media/players/danny-higginbotham.webp,https://commons.wikimedia.org/wiki/File:Danny%20Higginbotham%20vs.%20Estonia.jpg,CC BY-SA 2.0,InfoGibraltar,Cropped from original image on Flickr,wikidata-commons,2026-07-12T21:08:31.322Z
danny-pugh,Danny Pugh,Q280300,Danny Pugh.jpg,https://upload.wikimedia.org/wikipedia/commons/0/03/Danny_Pugh.jpg,https://upload.wikimedia.org/wikipedia/commons/thumb/0/03/Danny_Pugh.jpg/500px-Danny_Pugh.jpg,/media/players/danny-pugh.webp,https://commons.wikimedia.org/wiki/File:Danny%20Pugh.jpg,CC BY 2.0,Ronnie Macdonald,Cropped version of Arsenal v Stoke City FC - Alexandre Song,wikidata-commons,2026-07-12T21:08:31.322Z
danny-simpson,Danny Simpson,Q315294,Danny simpson.jpg,https://upload.wikimedia.org/wikipedia/commons/c/c4/Danny_simpson.jpg,https://upload.wikimedia.org/wikipedia/commons/c/c4/Danny_simpson.jpg,/media/players/danny-simpson.webp,https://commons.wikimedia.org/wiki/File:Danny%20simpson.jpg,CC BY-SA 3.0,CrackersTeam,Own work ( Original text: I created this work entirely by myself. ),wikidata-commons,2026-07-12T21:08:31.322Z
danny-webber,Danny Webber,Q3015330,Danny Webber 12-04-2014 1.jpg,https://upload.wikimedia.org/wikipedia/commons/b/bb/Danny_Webber_12-04-2014_1.jpg,https://upload.wikimedia.org/wikipedia/commons/thumb/b/bb/Danny_Webber_12-04-2014_1.jpg/500px-Danny_Webber_12-04-2014_1.jpg,/media/players/danny-webber.webp,https://commons.wikimedia.org/wiki/File:Danny%20Webber%2012-04-2014%201.jpg,CC BY-SA 3.0,Mattythewhite,Own work,wikidata-commons,2026-07-12T21:08:31.322Z
danny-welbeck,Danny Welbeck,Q188457,Danny Welbeck 2018-06-13 1.jpg,https://upload.wikimedia.org/wikipedia/commons/4/46/Danny_Welbeck_2018-06-13_1.jpg,https://upload.wikimedia.org/wikipedia/commons/thumb/4/46/Danny_Welbeck_2018-06-13_1.jpg/330px-Danny_Welbeck_2018-06-13_1.jpg,/media/players/danny-welbeck.webp,https://commons.wikimedia.org/wiki/File:Danny_Welbeck_2018-06-13_1.jpg,CC BY-SA 3.0,Кирилл Венедиктов,https://www.soccer.ru/galery/1053441/photo/729793,wikidata-commons,2026-07-03T00:30:03.115Z
darnell-furlong,Darnell Furlong,Q19356677,Darnellfurlongqpr2017.jpg,https://upload.wikimedia.org/wikipedia/commons/4/49/Darnellfurlongqpr2017.jpg,https://upload.wikimedia.org/wikipedia/commons/thumb/4/49/Darnellfurlongqpr2017.jpg/500px-Darnellfurlongqpr2017.jpg,/media/players/darnell-furlong.webp,https://commons.wikimedia.org/wiki/File:Darnellfurlongqpr2017.jpg,CC BY-SA 4.0,Jrppezza,Own work,wikidata-commons,2026-07-12T21:08:31.322Z
darren-ferguson,Darren Ferguson,Q513167,Darren Ferguson.jpg,https://upload.wikimedia.org/wikipedia/commons/4/4b/Darren_Ferguson.jpg,https://upload.wikimedia.org/wikipedia/commons/thumb/4/4b/Darren_Ferguson.jpg/500px-Darren_Ferguson.jpg,/media/players/darren-ferguson.webp,https://commons.wikimedia.org/wiki/File:Darren%20Ferguson.jpg,CC BY-SA 2.0,Jon Candy,Flickr : DSC01198,wikidata-commons,2026-07-12T21:08:31.322Z
darren-fletcher,Darren Fletcher,Q172792,Darren Fletcher 2017 (cropped).jpg,https://upload.wikimedia.org/wikipedia/commons/5/5d/Darren_Fletcher_2017_%28cropped%29.jpg,https://upload.wikimedia.org/wikipedia/commons/thumb/5/5d/Darren_Fletcher_2017_%28cropped%29.jpg/330px-Darren_Fletcher_2017_%28cropped%29.jpg,/media/players/darren-fletcher.webp,https://commons.wikimedia.org/wiki/File:Darren_Fletcher_2017_(cropped).jpg,CC BY-SA 2.0,@cfcunofficial (Chelsea Debs) London,West Brom 0 Chelsea 1,wikidata-commons,2026-07-03T00:30:03.115Z
darron-gibson,Darron Gibson,Q221222,Darron Gibson 2012 Sopot.jpg,https://upload.wikimedia.org/wikipedia/commons/f/f9/Darron_Gibson_2012_Sopot.jpg,https://upload.wikimedia.org/wikipedia/commons/thumb/f/f9/Darron_Gibson_2012_Sopot.jpg/500px-Darron_Gibson_2012_Sopot.jpg,/media/players/darron-gibson.webp,https://commons.wikimedia.org/wiki/File:Darron%20Gibson%202012%20Sopot.jpg,CC BY 2.0,Tomasz Przechlewski,Flickr : plgh12_0605526,wikidata-commons,2026-07-12T21:08:31.322Z
david-beckham,David Beckham,Q10520,1999 FA Cup Final Beckham corner (cropped).jpg,https://upload.wikimedia.org/wikipedia/commons/6/6b/1999_FA_Cup_Final_Beckham_corner_%28cropped%29.jpg,https://upload.wikimedia.org/wikipedia/commons/thumb/6/6b/1999_FA_Cup_Final_Beckham_corner_%28cropped%29.jpg/330px-1999_FA_Cup_Final_Beckham_corner_%28cropped%29.jpg,/media/players/david-beckham.webp,https://commons.wikimedia.org/wiki/File:1999_FA_Cup_Final_Beckham_corner_(cropped).jpg,CC BY 2.0,Original: Michael Cairns Derivative work: Danyele,Flickr.com ( original photo ),wikidata-commons,2026-07-03T00:30:03.115Z
david-bellion,David Bellion,Q31903,David Bellion.jpg,https://upload.wikimedia.org/wikipedia/commons/9/99/David_Bellion.jpg,https://upload.wikimedia.org/wikipedia/commons/thumb/9/99/David_Bellion.jpg/960px-David_Bellion.jpg,/media/players/david-bellion.webp,https://commons.wikimedia.org/wiki/File:David%20Bellion.jpg,Public domain,Fcgb260,Own work,wikidata-commons,2026-07-12T21:08:31.322Z
david-healy,David Healy,Q313617,David Healy (1997).jpg,https://upload.wikimedia.org/wikipedia/commons/d/d1/David_Healy_%281997%29.jpg,https://upload.wikimedia.org/wikipedia/commons/thumb/d/d1/David_Healy_%281997%29.jpg/500px-David_Healy_%281997%29.jpg,/media/players/david-healy.webp,https://commons.wikimedia.org/wiki/File:David%20Healy%20(1997).jpg,CC BY-SA 4.0,History of Modern Biomedicine Research Group,File:EWS02c.03.jpg,wikidata-commons,2026-07-12T21:08:31.322Z
david-herd,David Herd,Q1174720,WillemIIManchesterUnited1963a (cropped).jpg,https://upload.wikimedia.org/wikipedia/commons/7/7f/WillemIIManchesterUnited1963a_%28cropped%29.jpg,https://upload.wikimedia.org/wikipedia/commons/thumb/7/7f/WillemIIManchesterUnited1963a_%28cropped%29.jpg/330px-WillemIIManchesterUnited1963a_%28cropped%29.jpg,/media/players/david-herd.webp,https://commons.wikimedia.org/wiki/File:WillemIIManchesterUnited1963a_(cropped).jpg,CC0,Hugo van Gelderen (ANEFO),GaHetNa (Nationaal Archief NL) 915-5644,wikidata-commons,2026-07-03T00:30:03.115Z
david-luiz,David Luiz,Q193706,David Luiz at Baku before 2019 UEFA Europe League Final.jpg,https://upload.wikimedia.org/wikipedia/commons/5/51/David_Luiz_at_Baku_before_2019_UEFA_Europe_League_Final.jpg,https://upload.wikimedia.org/wikipedia/commons/5/51/David_Luiz_at_Baku_before_2019_UEFA_Europe_League_Final.jpg,/media/players/david-luiz.webp,https://commons.wikimedia.org/wiki/File:David%20Luiz%20at%20Baku%20before%202019%20UEFA%20Europe%20League%20Final.jpg,CC BY 4.0,Amir Hosseini,https://www.farsnews.com/photo/13980307001244/%D8%AA%D9%85%D8%B1%DB%8C%D9%86-%D8%AA%DB%8C%D9%85-%D9%81%D9%88%D8%AA%D8%A8%D8%A7%D9%84-%D8%A2%D8%B1%D8%B3%D9%86%D8%A7%D9%84-%D9%88-%DA%86%D9%84%D8%B3%DB%8C-%D9%BE%DB%8C%D8%B4-%D8%A7%D8%B2-%D8%A8%D8%A7%D8%B2%DB%8C-%D9%81%DB%8C%D9%86%D8%A7%D9%84-%D9%84%DB%8C%DA%AF-%D8%A7%D8%B1%D9%88%D9%BE%D8%A7-,wikidata-commons,2026-07-12T21:08:31.322Z
david-may,David May,Q574121,"May, David.jpg",https://upload.wikimedia.org/wikipedia/commons/1/1d/May%2C_David.jpg,https://upload.wikimedia.org/wikipedia/commons/thumb/1/1d/May%2C_David.jpg/330px-May%2C_David.jpg,/media/players/david-may.webp,"https://commons.wikimedia.org/wiki/File:May,_David.jpg",CC BY-SA 3.0,Stew jones,Own work,wikidata-commons,2026-07-03T00:30:03.115Z
david-mccreery,David McCreery,Q1175594,David McCreery Headshot.jpg,https://upload.wikimedia.org/wikipedia/commons/4/4f/David_McCreery_Headshot.jpg,https://upload.wikimedia.org/wikipedia/commons/thumb/4/4f/David_McCreery_Headshot.jpg/500px-David_McCreery_Headshot.jpg,/media/players/david-mccreery.webp,https://commons.wikimedia.org/wiki/File:David%20McCreery%20Headshot.jpg,CC BY-SA 3.0,RyanH17,Own work / Took picture of Dave in Malaysia,wikidata-commons,2026-07-12T21:08:31.322Z
david-pegg,David Pegg,Q572919,Manchester United FC 1957.jpg,https://upload.wikimedia.org/wikipedia/commons/3/3e/Manchester_United_FC_1957.jpg,https://upload.wikimedia.org/wikipedia/commons/thumb/3/3e/Manchester_United_FC_1957.jpg/960px-Manchester_United_FC_1957.jpg,/media/players/david-pegg.webp,https://commons.wikimedia.org/wiki/File:Manchester%20United%20FC%201957.jpg,Public domain,Eskil Malmberg,"Rekord-Magasinet nr 36, 1957",wikidata-commons,2026-07-12T21:08:31.322Z
david-villa,David Villa,Q83006,"Spain-Tahiti, Confederations Cup 2013 (02) (Villa crop).jpg",https://upload.wikimedia.org/wikipedia/commons/a/a4/Spain-Tahiti%2C_Confederations_Cup_2013_%2802%29_%28Villa_crop%29.jpg,https://upload.wikimedia.org/wikipedia/commons/a/a4/Spain-Tahiti%2C_Confederations_Cup_2013_%2802%29_%28Villa_crop%29.jpg,/media/players/david-villa.webp,"https://commons.wikimedia.org/wiki/File:Spain-Tahiti,%20Confederations%20Cup%202013%20(02)%20(Villa%20crop).jpg",CC BY 3.0 br,Tânia Rêgo/ABr,Agência Brasil: Espanha e Taiti se enfrentam na Copa das Confederações,wikidata-commons,2026-07-12T21:08:31.322Z
david-de-gea,David de Gea,Q150268,David de Gea 2017.jpg,https://upload.wikimedia.org/wikipedia/commons/6/68/David_de_Gea_2017.jpg,https://upload.wikimedia.org/wikipedia/commons/thumb/6/68/David_de_Gea_2017.jpg/330px-David_de_Gea_2017.jpg,/media/players/david-de-gea.webp,https://commons.wikimedia.org/wiki/File:David_de_Gea_2017.jpg,CC BY-SA 3.0,Кирилл Венедиктов,https://www.soccer.ru/galery/1022771/photo/691822,wikidata-commons,2026-07-03T00:30:03.115Z
dean-henderson,Dean Henderson,Q28059260,Dean Henderson England v Ghana 23 June 2026-003.jpg,https://upload.wikimedia.org/wikipedia/commons/c/c8/Dean_Henderson_England_v_Ghana_23_June_2026-003.jpg,https://upload.wikimedia.org/wikipedia/commons/thumb/c/c8/Dean_Henderson_England_v_Ghana_23_June_2026-003.jpg/500px-Dean_Henderson_England_v_Ghana_23_June_2026-003.jpg,/media/players/dean-henderson.webp,https://commons.wikimedia.org/wiki/File:Dean%20Henderson%20England%20v%20Ghana%2023%20June%202026-003.jpg,CC BY-SA 4.0,Bryan Berlin,Own work,wikidata-commons,2026-07-12T21:08:31.322Z
deiniol-graham,Deiniol Graham,Q5252470,"Graham, Deiniol.jpg",https://upload.wikimedia.org/wikipedia/commons/a/a6/Graham%2C_Deiniol.jpg,https://upload.wikimedia.org/wikipedia/commons/a/a6/Graham%2C_Deiniol.jpg,/media/players/deiniol-graham.webp,"https://commons.wikimedia.org/wiki/File:Graham,%20Deiniol.jpg",CC BY-SA 3.0,Stew jones,Own work,wikidata-commons,2026-07-12T21:08:31.322Z
demetri-mitchell,Demetri Mitchell,Q18015185,Demetri Mitchell 26072025 (1).jpg,https://upload.wikimedia.org/wikipedia/commons/e/ee/Demetri_Mitchell_26072025_%281%29.jpg,https://upload.wikimedia.org/wikipedia/commons/thumb/e/ee/Demetri_Mitchell_26072025_%281%29.jpg/500px-Demetri_Mitchell_26072025_%281%29.jpg,/media/players/demetri-mitchell.webp,https://commons.wikimedia.org/wiki/File:Demetri%20Mitchell%2026072025%20(1).jpg,CC0,Timmy96,Own work,wikidata-commons,2026-07-12T21:08:31.322Z
denis-irwin,Denis Irwin,Q317807,The Cliff (Denis Irwin).JPG,https://upload.wikimedia.org/wikipedia/commons/8/8f/The_Cliff_%28Denis_Irwin%29.JPG,https://upload.wikimedia.org/wikipedia/commons/thumb/8/8f/The_Cliff_%28Denis_Irwin%29.JPG/330px-The_Cliff_%28Denis_Irwin%29.JPG,/media/players/denis-irwin.webp,https://commons.wikimedia.org/wiki/File:The_Cliff_(Denis_Irwin).JPG,Public domain,my own picture,Øyvind Vik,wikidata-commons,2026-07-03T00:30:03.115Z
denis-law,Denis Law,Q233565,Manu-Finland-1965.jpg,https://upload.wikimedia.org/wikipedia/commons/5/5b/Manu-Finland-1965.jpg,https://upload.wikimedia.org/wikipedia/commons/thumb/5/5b/Manu-Finland-1965.jpg/330px-Manu-Finland-1965.jpg,/media/players/denis-law.webp,https://commons.wikimedia.org/wiki/File:Manu-Finland-1965.jpg,Public domain,Anonymous Unknown author,http://hs11.snstatic.fi/webkuva/taysi/1920/1442804318727,wikidata-commons,2026-07-03T00:30:03.115Z
dennis-viollet,Dennis Viollet,Q462141,Dennis Viollet 1957.jpg,https://upload.wikimedia.org/wikipedia/commons/d/de/Dennis_Viollet_1957.jpg,https://upload.wikimedia.org/wikipedia/commons/thumb/d/de/Dennis_Viollet_1957.jpg/330px-Dennis_Viollet_1957.jpg,/media/players/dennis-viollet.webp,https://commons.wikimedia.org/wiki/File:Dennis_Viollet_1957.jpg,Public domain,Eskil Malmberg,"Rekord-Magasinet nr 36, 1957",wikidata-commons,2026-07-03T00:30:03.115Z
dick-duckworth,Dick Duckworth,Q2501681,Manchester United 1908-09 (Duckworth).jpg,https://upload.wikimedia.org/wikipedia/commons/5/5d/Manchester_United_1908-09_%28Duckworth%29.jpg,https://upload.wikimedia.org/wikipedia/commons/5/5d/Manchester_United_1908-09_%28Duckworth%29.jpg,/media/players/dick-duckworth.webp,https://commons.wikimedia.org/wiki/File:Manchester_United_1908-09_(Duckworth).jpg,Public domain,Unknown author Unknown author,Here,wikidata-commons,2026-07-03T00:30:03.115Z
dick-holden,Dick Holden,Q4499017,Manchester United 1908-09 (Holden).jpg,https://upload.wikimedia.org/wikipedia/commons/9/99/Manchester_United_1908-09_%28Holden%29.jpg,https://upload.wikimedia.org/wikipedia/commons/9/99/Manchester_United_1908-09_%28Holden%29.jpg,/media/players/dick-holden.webp,https://commons.wikimedia.org/wiki/File:Manchester%20United%201908-09%20(Holden).jpg,Public domain,Unknown author,Here,wikidata-commons,2026-07-12T21:08:31.322Z
diego-costa,Diego Costa,Q459707,Iran and Spain match at the FIFA World Cup 23.jpg,https://upload.wikimedia.org/wikipedia/commons/5/5f/Iran_and_Spain_match_at_the_FIFA_World_Cup_23.jpg,https://upload.wikimedia.org/wikipedia/commons/thumb/5/5f/Iran_and_Spain_match_at_the_FIFA_World_Cup_23.jpg/500px-Iran_and_Spain_match_at_the_FIFA_World_Cup_23.jpg,/media/players/diego-costa.webp,https://commons.wikimedia.org/wiki/File:Iran%20and%20Spain%20match%20at%20the%20FIFA%20World%20Cup%2023.jpg,CC BY 4.0,Mahdi Zare/Fars News Agency,https://media.farsnews.com/media/Uploaded/Files/Images/1397/03/31/13970331000041636651389464949569_17142_PhotoT.jpg,wikidata-commons,2026-07-12T21:08:31.322Z
diego-forlan,Diego Forlán,Q261534,U10 Diego Forlán 7524.jpg,https://upload.wikimedia.org/wikipedia/commons/f/f3/U10_Diego_Forl%C3%A1n_7524.jpg,https://upload.wikimedia.org/wikipedia/commons/thumb/f/f3/U10_Diego_Forl%C3%A1n_7524.jpg/330px-U10_Diego_Forl%C3%A1n_7524.jpg,/media/players/diego-forlan.webp,https://commons.wikimedia.org/wiki/File:U10_Diego_Forl%C3%A1n_7524.jpg,CC BY-SA 3.0 at,Ailura,Own work,wikidata-commons,2026-07-03T00:30:03.115Z
diego-godin,Diego Godín,Q214903,Diego Godín 2018 (cropped).jpg,https://upload.wikimedia.org/wikipedia/commons/c/c6/Diego_God%C3%ADn_2018_%28cropped%29.jpg,https://upload.wikimedia.org/wikipedia/commons/c/c6/Diego_God%C3%ADn_2018_%28cropped%29.jpg,/media/players/diego-godin.webp,https://commons.wikimedia.org/wiki/File:Diego%20God%C3%ADn%202018%20(cropped).jpg,CC BY-SA 3.0,Анна Нэсси,https://www.soccer.ru/galery/1056047/photo/734461,wikidata-commons,2026-07-12T21:08:31.322Z
diego-llorente,Diego Llorente,Q13382434,Real Sociedad - Red Bull Salzburgo 62 (26433581918) (cropped).jpg,https://upload.wikimedia.org/wikipedia/commons/c/c7/Real_Sociedad_-_Red_Bull_Salzburgo_62_%2826433581918%29_%28cropped%29.jpg,https://upload.wikimedia.org/wikipedia/commons/c/c7/Real_Sociedad_-_Red_Bull_Salzburgo_62_%2826433581918%29_%28cropped%29.jpg,/media/players/diego-llorente.webp,https://commons.wikimedia.org/wiki/File:Real%20Sociedad%20-%20Red%20Bull%20Salzburgo%2062%20(26433581918)%20(cropped).jpg,CC BY-SA 2.0,"Giovanni Batista Rodriguez from San Sebastian-Donostia, España",62,wikidata-commons,2026-07-12T21:08:31.322Z
dimitar-berbatov,Dimitar Berbatov,Q170235,Mitko Berbatov.jpg,https://upload.wikimedia.org/wikipedia/commons/3/33/Mitko_Berbatov.jpg,https://upload.wikimedia.org/wikipedia/commons/thumb/3/33/Mitko_Berbatov.jpg/330px-Mitko_Berbatov.jpg,/media/players/dimitar-berbatov.webp,https://commons.wikimedia.org/wiki/File:Mitko_Berbatov.jpg,CC BY-SA 3.0,Biso,Own work,wikidata-commons,2026-07-03T00:30:03.115Z
diogo-dalot,Diogo Dalot,Q26255506,Diogo Dalot USMNT v Portugal Mar 31 2026-12.jpg,https://upload.wikimedia.org/wikipedia/commons/1/1f/Diogo_Dalot_USMNT_v_Portugal_Mar_31_2026-12.jpg,https://upload.wikimedia.org/wikipedia/commons/thumb/1/1f/Diogo_Dalot_USMNT_v_Portugal_Mar_31_2026-12.jpg/330px-Diogo_Dalot_USMNT_v_Portugal_Mar_31_2026-12.jpg,/media/players/diogo-dalot.webp,https://commons.wikimedia.org/wiki/File:Diogo_Dalot_USMNT_v_Portugal_Mar_31_2026-12.jpg,CC BY-SA 4.0,Bryan Berlin,Own work,wikidata-commons,2026-07-03T00:30:03.115Z
dion-dublin,Dion Dublin,Q531093,Dion hillsborough 2008 05 04 (cropped).jpg,https://upload.wikimedia.org/wikipedia/commons/3/32/Dion_hillsborough_2008_05_04_%28cropped%29.jpg,https://upload.wikimedia.org/wikipedia/commons/thumb/3/32/Dion_hillsborough_2008_05_04_%28cropped%29.jpg/500px-Dion_hillsborough_2008_05_04_%28cropped%29.jpg,/media/players/dion-dublin.webp,https://commons.wikimedia.org/wiki/File:Dion%20hillsborough%202008%2005%2004%20(cropped).jpg,CC BY-SA 3.0,Zorin09,Own work,wikidata-commons,2026-07-12T21:08:31.322Z
divock-origi,Divock Origi,Q4254043,LFC Parade 2019 01 Divock Origi.jpg,https://upload.wikimedia.org/wikipedia/commons/4/47/LFC_Parade_2019_01_Divock_Origi.jpg,https://upload.wikimedia.org/wikipedia/commons/4/47/LFC_Parade_2019_01_Divock_Origi.jpg,/media/players/divock-origi.webp,https://commons.wikimedia.org/wiki/File:LFC%20Parade%202019%2001%20Divock%20Origi.jpg,CC BY 2.0,Eric The Fish from UK,DSC_4798,wikidata-commons,2026-07-12T21:08:31.322Z
dong-fangzhuo,Dong Fangzhuo,Q315305,Dong Fangzhuo In Hunan Billows (cropped).JPG,https://upload.wikimedia.org/wikipedia/commons/b/b9/Dong_Fangzhuo_In_Hunan_Billows_%28cropped%29.JPG,https://upload.wikimedia.org/wikipedia/commons/b/b9/Dong_Fangzhuo_In_Hunan_Billows_%28cropped%29.JPG,/media/players/dong-fangzhuo.webp,https://commons.wikimedia.org/wiki/File:Dong%20Fangzhuo%20In%20Hunan%20Billows%20(cropped).JPG,CC BY-SA 3.0,符环宇,Own work,wikidata-commons,2026-07-12T21:08:31.322Z
donny-van-de-beek,Donny van de Beek,Q19059840,Donny van de Beek 2021 (cropped).jpg,https://upload.wikimedia.org/wikipedia/commons/5/52/Donny_van_de_Beek_2021_%28cropped%29.jpg,https://upload.wikimedia.org/wikipedia/commons/thumb/5/52/Donny_van_de_Beek_2021_%28cropped%29.jpg/500px-Donny_van_de_Beek_2021_%28cropped%29.jpg,/media/players/donny-van-de-beek.webp,https://commons.wikimedia.org/wiki/File:Donny%20van%20de%20Beek%202021%20(cropped).jpg,CC BY-SA 4.0,Ardfern,Own work,wikidata-commons,2026-07-12T21:08:31.322Z
duncan-edwards,Duncan Edwards,Q276310,DuncanEdwards1.jpg,https://upload.wikimedia.org/wikipedia/commons/2/20/DuncanEdwards1.jpg,https://upload.wikimedia.org/wikipedia/commons/thumb/2/20/DuncanEdwards1.jpg/500px-DuncanEdwards1.jpg,/media/players/duncan-edwards.webp,https://commons.wikimedia.org/wiki/File:DuncanEdwards1.jpg,CC BY-SA 3.0,ChrisTheDude,Wikipedia anglais ( http://en.wikipedia.org/wiki/Image:DuncanEdwards1.JPG ),wikidata-commons,2026-07-12T21:08:31.322Z
dwight-yorke,Dwight Yorke,Q192175,Dwight Yorke in Chennai.jpg,https://upload.wikimedia.org/wikipedia/commons/6/6f/Dwight_Yorke_in_Chennai.jpg,https://upload.wikimedia.org/wikipedia/commons/thumb/6/6f/Dwight_Yorke_in_Chennai.jpg/330px-Dwight_Yorke_in_Chennai.jpg,/media/players/dwight-yorke.webp,https://commons.wikimedia.org/wiki/File:Dwight_Yorke_in_Chennai.jpg,CC BY-SA 2.0,Deepti Soni,Flickr : Dwight Yorke in Chennai,wikidata-commons,2026-07-03T00:30:03.115Z
dylan-levitt,Dylan Levitt,Q76700917,Dylan Levitt.jpg,https://upload.wikimedia.org/wikipedia/commons/c/c5/Dylan_Levitt.jpg,https://upload.wikimedia.org/wikipedia/commons/thumb/c/c5/Dylan_Levitt.jpg/500px-Dylan_Levitt.jpg,/media/players/dylan-levitt.webp,https://commons.wikimedia.org/wiki/File:Dylan%20Levitt.jpg,CC BY 2.0,Kane Brooker,Dylan Levitt,wikidata-commons,2026-07-12T21:08:31.322Z
eddie-colman,Eddie Colman,Q2324630,Manchester United FC 1957.jpg,https://upload.wikimedia.org/wikipedia/commons/3/3e/Manchester_United_FC_1957.jpg,https://upload.wikimedia.org/wikipedia/commons/thumb/3/3e/Manchester_United_FC_1957.jpg/960px-Manchester_United_FC_1957.jpg,/media/players/eddie-colman.webp,https://commons.wikimedia.org/wiki/File:Manchester_United_FC_1957.jpg,Public domain,Unknown author,Commons file metadata; Manchester United FC 1957 group photograph,wikidata-commons,2026-07-12T21:08:31.322Z
eden-hazard,Eden Hazard,Q214204,Eden Hazard at Baku before 2019 UEFA Europe League Final.jpg,https://upload.wikimedia.org/wikipedia/commons/4/46/Eden_Hazard_at_Baku_before_2019_UEFA_Europe_League_Final.jpg,https://upload.wikimedia.org/wikipedia/commons/4/46/Eden_Hazard_at_Baku_before_2019_UEFA_Europe_League_Final.jpg,/media/players/eden-hazard.webp,https://commons.wikimedia.org/wiki/File:Eden_Hazard_at_Baku_before_2019_UEFA_Europe_League_Final.jpg,CC BY 4.0,Amir Hosseini,Farsnews.ir,wikidata-commons,2026-07-12T21:08:31.322Z
edinson-cavani,Edinson Cavani,Q167790,Edinson Cavani 2018 (cropped).jpg,https://upload.wikimedia.org/wikipedia/commons/9/9f/Edinson_Cavani_2018_%28cropped%29.jpg,https://upload.wikimedia.org/wikipedia/commons/9/9f/Edinson_Cavani_2018_%28cropped%29.jpg,/media/players/edinson-cavani.webp,https://commons.wikimedia.org/wiki/File:Edinson_Cavani_2018_(cropped).jpg,CC BY-SA 3.0,Анна Нэсси,soccer.ru,wikidata-commons,2026-07-12T21:08:31.322Z
edoardo-bove,Edoardo Bove,Q106775510,"UEFA Europa Conference League CSKA Sofia - Roma, 2021-12-09 (Bove).jpg",https://upload.wikimedia.org/wikipedia/commons/c/cd/UEFA_Europa_Conference_League_CSKA_Sofia_-_Roma%2C_2021-12-09_%28Bove%29.jpg,https://upload.wikimedia.org/wikipedia/commons/thumb/c/cd/UEFA_Europa_Conference_League_CSKA_Sofia_-_Roma%2C_2021-12-09_%28Bove%29.jpg/960px-UEFA_Europa_Conference_League_CSKA_Sofia_-_Roma%2C_2021-12-09_%28Bove%29.jpg,/media/players/edoardo-bove.webp,"https://commons.wikimedia.org/wiki/File:UEFA_Europa_Conference_League_CSKA_Sofia_-_Roma,_2021-12-09_(Bove).jpg",GFDL,CSKA Sofia,cska.bg,wikidata-commons,2026-07-12T21:08:31.322Z
edwin-van-der-sar,Edwin van der Sar,Q482955,Edwin van der Sar side.jpg,https://upload.wikimedia.org/wikipedia/commons/6/6e/Edwin_van_der_Sar_side.jpg,https://upload.wikimedia.org/wikipedia/commons/thumb/6/6e/Edwin_van_der_Sar_side.jpg/330px-Edwin_van_der_Sar_side.jpg,/media/players/edwin-van-der-sar.webp,https://commons.wikimedia.org/wiki/File:Edwin_van_der_Sar_side.jpg,CC BY 2.5,Paul Blank,http://www.postproduktie.nl/voetbal.htm,wikidata-commons,2026-07-03T00:30:03.115Z
enoch-west,Enoch West,Q2461412,Enochwest.jpeg,https://upload.wikimedia.org/wikipedia/commons/7/7c/Enochwest.jpeg,https://upload.wikimedia.org/wikipedia/commons/7/7c/Enochwest.jpeg,/media/players/enoch-west.webp,https://commons.wikimedia.org/wiki/File:Enochwest.jpeg,Public domain,Unknown author,Spartacus schoolnet / MUFC archive,wikidata-commons,2026-07-12T21:08:31.322Z
eric-bailly,Eric Bailly,Q18637352,Eric Bailly in 2023 (cropped).jpg,https://upload.wikimedia.org/wikipedia/commons/2/2b/Eric_Bailly_in_2023_%28cropped%29.jpg,https://upload.wikimedia.org/wikipedia/commons/thumb/2/2b/Eric_Bailly_in_2023_%28cropped%29.jpg/330px-Eric_Bailly_in_2023_%28cropped%29.jpg,/media/players/eric-bailly.webp,https://commons.wikimedia.org/wiki/File:Eric_Bailly_in_2023_(cropped).jpg,CC BY 2.0,Beşiktaş JK,https://www.flickr.com/photos/199283147@N05/53251011694/,wikidata-commons,2026-07-03T00:30:03.115Z
eric-cantona,Eric Cantona,Q170328,"Cantona, Eric.jpg",https://upload.wikimedia.org/wikipedia/commons/e/ee/Cantona%2C_Eric.jpg,https://upload.wikimedia.org/wikipedia/commons/thumb/e/ee/Cantona%2C_Eric.jpg/330px-Cantona%2C_Eric.jpg,/media/players/eric-cantona.webp,"https://commons.wikimedia.org/wiki/File:Cantona,_Eric.jpg",CC BY-SA 2.0,Stan Wiechers,https://www.flickr.com/photos/whoisstan/369186365/,wikidata-commons,2026-07-03T00:30:03.115Z
eric-djemba-djemba,Eric Djemba-Djemba,Q314371,Eric Djemba-Djemba - 53690895590.jpg,https://upload.wikimedia.org/wikipedia/commons/e/ee/Eric_Djemba-Djemba_-_53690895590.jpg,https://upload.wikimedia.org/wikipedia/commons/thumb/e/ee/Eric_Djemba-Djemba_-_53690895590.jpg/960px-Eric_Djemba-Djemba_-_53690895590.jpg,/media/players/eric-djemba-djemba.webp,https://commons.wikimedia.org/wiki/File:Eric_Djemba-Djemba_-_53690895590.jpg,CC BY-SA 2.0,Chin Yu Chu,Flickr / Imagine Football Fiesta,wikidata-commons,2026-07-12T21:08:31.322Z
erik-nevland,Erik Nevland,Q249488,Erik Nevland - 53689574777.jpg,https://upload.wikimedia.org/wikipedia/commons/5/5f/Erik_Nevland_-_53689574777.jpg,https://upload.wikimedia.org/wikipedia/commons/thumb/5/5f/Erik_Nevland_-_53689574777.jpg/960px-Erik_Nevland_-_53689574777.jpg,/media/players/erik-nevland.webp,https://commons.wikimedia.org/wiki/File:Erik_Nevland_-_53689574777.jpg,CC BY-SA 2.0,Chin Yu Chu,Flickr / Imagine Football Fiesta,wikidata-commons,2026-07-12T21:08:31.322Z
ernest-payne,Ernest Payne,Q39053,Ernie Payne poses in studio.jpg,https://upload.wikimedia.org/wikipedia/commons/1/14/Ernie_Payne_poses_in_studio.jpg,https://upload.wikimedia.org/wikipedia/commons/1/14/Ernie_Payne_poses_in_studio.jpg,,https://commons.wikimedia.org/wiki/File:Ernie_Payne_poses_in_studio.jpg,Public domain,Unknown author,Commons file metadata,wikidata-commons,2026-07-12T21:08:31.322Z
ethan-galbraith,Ethan Galbraith,Q67165839,Ethan Galbraith.jpg,https://upload.wikimedia.org/wikipedia/commons/1/1a/Ethan_Galbraith.jpg,https://upload.wikimedia.org/wikipedia/commons/thumb/1/1a/Ethan_Galbraith.jpg/960px-Ethan_Galbraith.jpg,/media/players/ethan-galbraith.webp,https://commons.wikimedia.org/wiki/File:Ethan_Galbraith.jpg,CC BY 2.0,Kane Brooker,Flickr / Ethan Galbraith,wikidata-commons,2026-07-12T21:08:31.322Z
ethan-hamilton,Ethan Hamilton,Q59913955,Ethan Hamilton.jpg,https://upload.wikimedia.org/wikipedia/commons/1/1a/Ethan_Hamilton.jpg,https://upload.wikimedia.org/wikipedia/commons/thumb/1/1a/Ethan_Hamilton.jpg/960px-Ethan_Hamilton.jpg,/media/players/ethan-hamilton.webp,https://commons.wikimedia.org/wiki/File:Ethan_Hamilton.jpg,CC0,Stuartp1213,Own work,wikidata-commons,2026-07-12T21:08:31.322Z
ethan-laird,Ethan Laird,Q76700931,Ethan Laird.jpg,https://upload.wikimedia.org/wikipedia/commons/f/f1/Ethan_Laird.jpg,https://upload.wikimedia.org/wikipedia/commons/thumb/f/f1/Ethan_Laird.jpg/960px-Ethan_Laird.jpg,,https://commons.wikimedia.org/wiki/File:Ethan_Laird.jpg,CC BY 2.0,Kane Brooker,Flickr / Ethan Laird,wikidata-commons,2026-07-12T21:08:31.322Z
fabian-delph,Fabian Delph,Q166285,Fabian Delph 2018-06-28 3.jpg,https://upload.wikimedia.org/wikipedia/commons/3/36/Fabian_Delph_2018-06-28_3.jpg,https://upload.wikimedia.org/wikipedia/commons/3/36/Fabian_Delph_2018-06-28_3.jpg,/media/players/fabian-delph.webp,https://commons.wikimedia.org/wiki/File:Fabian_Delph_2018-06-28_3.jpg,CC BY-SA 3.0,Кирилл Венедиктов,soccer.ru,wikidata-commons,2026-07-12T21:08:31.322Z
fabien-barthez,Fabien Barthez,Q191139,Fabien Barthez at OM.jpg,https://upload.wikimedia.org/wikipedia/commons/f/f5/Fabien_Barthez_at_OM.jpg,https://upload.wikimedia.org/wikipedia/commons/thumb/f/f5/Fabien_Barthez_at_OM.jpg/330px-Fabien_Barthez_at_OM.jpg,/media/players/fabien-barthez.webp,https://commons.wikimedia.org/wiki/File:Fabien_Barthez_at_OM.jpg,CC BY-SA 3.0,Unknown author Unknown author,fc-zenit.ru,wikidata-commons,2026-07-03T00:30:03.115Z
fabio,Fabio,Q213401,Fabio Pereira da Silva 2014.jpg,https://upload.wikimedia.org/wikipedia/commons/0/0a/Fabio_Pereira_da_Silva_2014.jpg,https://upload.wikimedia.org/wikipedia/commons/0/0a/Fabio_Pereira_da_Silva_2014.jpg,,https://commons.wikimedia.org/wiki/File:Fabio_Pereira_da_Silva_2014.jpg,CC BY-SA 2.0,Jon Candy,Flickr / Fabio Pereira da Silva 2014,wikidata-commons,2026-07-12T21:08:31.322Z
facundo-pellistri,Facundo Pellistri,Q72091732,Facundo Pellistri WC2022.jpg,https://upload.wikimedia.org/wikipedia/commons/9/9e/Facundo_Pellistri_WC2022.jpg,https://upload.wikimedia.org/wikipedia/commons/9/9e/Facundo_Pellistri_WC2022.jpg,/media/players/facundo-pellistri.webp,https://commons.wikimedia.org/wiki/File:Facundo_Pellistri_WC2022.jpg,CC BY 4.0,Hossein Zohrevand,Tasnim News,wikidata-commons,2026-07-12T21:08:31.322Z
federico-macheda,Federico Macheda,Q208673,Federico Macheda.jpg,https://upload.wikimedia.org/wikipedia/commons/8/85/Federico_Macheda.jpg,https://upload.wikimedia.org/wikipedia/commons/8/85/Federico_Macheda.jpg,,https://commons.wikimedia.org/wiki/File:Federico_Macheda.jpg,Public domain,User:CrackersTeam,Extracted from Naniandmacheda.jpg,wikidata-commons,2026-07-12T21:08:31.322Z
filipe-luis,Filipe Luís,Q350547,Filipe Luís 2018.jpg,https://upload.wikimedia.org/wikipedia/commons/a/a7/Filipe_Lu%C3%ADs_2018.jpg,https://upload.wikimedia.org/wikipedia/commons/a/a7/Filipe_Lu%C3%ADs_2018.jpg,/media/players/filipe-luis.webp,https://commons.wikimedia.org/wiki/File:Filipe_Lu%C3%ADs_2018.jpg,CC BY-SA 3.0,Светлана Бекетова,soccer.ru,wikidata-commons,2026-07-12T21:08:31.322Z
fraizer-campbell,Fraizer Campbell,Q126181,Fraizer Campbell 2018 (cropped).jpg,https://upload.wikimedia.org/wikipedia/commons/c/c0/Fraizer_Campbell_2018_%28cropped%29.jpg,https://upload.wikimedia.org/wikipedia/commons/thumb/c/c0/Fraizer_Campbell_2018_%28cropped%29.jpg/960px-Fraizer_Campbell_2018_%28cropped%29.jpg,,https://commons.wikimedia.org/wiki/File:Fraizer_Campbell_2018_(cropped).jpg,CC BY 2.0,dom fellowes,Flickr / Greedy Bastard,wikidata-commons,2026-07-12T21:08:31.322Z
frank-barrett,Frank Barrett,Q4078479,Frank Barrett footballer.jpg,https://upload.wikimedia.org/wikipedia/commons/5/51/Frank_Barrett_footballer.jpg,https://upload.wikimedia.org/wikipedia/commons/5/51/Frank_Barrett_footballer.jpg,,https://commons.wikimedia.org/wiki/File:Frank_Barrett_footballer.jpg,Public domain,Unknown author,MUFC archive,wikidata-commons,2026-07-12T21:08:31.322Z
frank-barson,Frank Barson,Q1386222,"Frank Barson (Villa card, 1921).jpg",https://upload.wikimedia.org/wikipedia/commons/c/cd/Frank_Barson_%28Villa_card%2C_1921%29.jpg,https://upload.wikimedia.org/wikipedia/commons/c/cd/Frank_Barson_%28Villa_card%2C_1921%29.jpg,,"https://commons.wikimedia.org/wiki/File:Frank_Barson_(Villa_card,_1921).jpg",Public domain,D C Thomson (photo by Wilkes),"Adventure comic Famous British Footballers, 1921",wikidata-commons,2026-07-12T21:08:31.322Z
frank-stapleton,Frank Stapleton,Q118942,"Persdag Ajax 33 Arnold Mühren , 34 Stapleton, Bestanddeelnr 934-0331.jpg",https://upload.wikimedia.org/wikipedia/commons/5/59/Persdag_Ajax_33_Arnold_M%C3%BChren_%2C_34_Stapleton%2C_Bestanddeelnr_934-0331.jpg,https://upload.wikimedia.org/wikipedia/commons/thumb/5/59/Persdag_Ajax_33_Arnold_M%C3%BChren_%2C_34_Stapleton%2C_Bestanddeelnr_934-0331.jpg/330px-Persdag_Ajax_33_Arnold_M%C3%BChren_%2C_34_Stapleton%2C_Bestanddeelnr_934-0331.jpg,/media/players/frank-stapleton.webp,"https://commons.wikimedia.org/wiki/File:Persdag_Ajax_33_Arnold_M%C3%BChren_,_34_Stapleton,_Bestanddeelnr_934-0331.jpg",CC0,Bart Molendijk / Anefo,http://proxy.handle.net/10648/ad625fd8-d0b4-102d-bcf8-003048976d84,wikidata-commons,2026-07-03T00:30:03.115Z
fred,Fred,Q965448,Fred Brazil (cropped 2).jpg,https://upload.wikimedia.org/wikipedia/commons/2/2c/Fred_Brazil_%28cropped_2%29.jpg,https://upload.wikimedia.org/wikipedia/commons/2/2c/Fred_Brazil_%28cropped_2%29.jpg,/media/players/fred.webp,https://commons.wikimedia.org/wiki/File:Fred_Brazil_(cropped_2).jpg,CC BY-SA 3.0,Кирилл Венедиктов,https://www.soccer.ru/galery/1054670/photo/731880,wikidata-commons,2026-07-03T00:30:03.115Z
fred-erentz,Fred Erentz,Q558319,Fred Erentz.jpg,https://upload.wikimedia.org/wikipedia/commons/5/51/Fred_Erentz.jpg,https://upload.wikimedia.org/wikipedia/commons/5/51/Fred_Erentz.jpg,/media/players/fred-erentz.webp,https://commons.wikimedia.org/wiki/File:Fred_Erentz.jpg,Public domain,Unknown author Unknown author,https://www.mufcinfo.com/manupag/a-z_player_archive/a-z_player_archive_pages/erentz_fred.html,wikidata-commons,2026-07-03T00:30:03.115Z
fred-hopkin,Fred Hopkin,Q10379931,Fred Hopkin.jpg,https://upload.wikimedia.org/wikipedia/commons/7/70/Fred_Hopkin.jpg,https://upload.wikimedia.org/wikipedia/commons/7/70/Fred_Hopkin.jpg,,https://commons.wikimedia.org/wiki/File:Fred_Hopkin.jpg,Public domain,LFC,LFC,wikidata-commons,2026-07-12T21:08:31.322Z
fred-kennedy,Fred Kennedy,Q580005,RC Paris 1936.jpg,https://upload.wikimedia.org/wikipedia/commons/9/92/RC_Paris_1936.jpg,https://upload.wikimedia.org/wikipedia/commons/9/92/RC_Paris_1936.jpg,/media/players/fred-kennedy.webp,https://commons.wikimedia.org/wiki/File:RC_Paris_1936.jpg,Public domain,Unknown author,footnostalgie.free.fr,wikidata-commons,2026-07-12T21:08:31.322Z
freddy-capper,Freddy Capper,Q5496850,Alfred Capper - Brentford FC.jpg,https://upload.wikimedia.org/wikipedia/commons/3/3f/Alfred_Capper_-_Brentford_FC.jpg,https://upload.wikimedia.org/wikipedia/commons/3/3f/Alfred_Capper_-_Brentford_FC.jpg,,https://commons.wikimedia.org/wiki/File:Alfred_Capper_-_Brentford_FC.jpg,CC BY-SA 4.0,Thebees1889,Own work; unmarked 1922 postcard,wikidata-commons,2026-07-12T21:08:31.322Z
fabio-pereira-da-silva,Fábio Pereira da Silva,Q213401,Fabio Pereira da Silva 2014.jpg,https://upload.wikimedia.org/wikipedia/commons/0/0a/Fabio_Pereira_da_Silva_2014.jpg,https://upload.wikimedia.org/wikipedia/commons/0/0a/Fabio_Pereira_da_Silva_2014.jpg,,https://commons.wikimedia.org/wiki/File:Fabio_Pereira_da_Silva_2014.jpg,CC BY-SA 2.0,Jon Candy,Flickr / Fabio Pereira da Silva 2014,wikidata-commons,2026-07-12T21:08:31.322Z
gabriel-agbonlahor,Gabriel Agbonlahor,Q135314,Gabriel Agbonlahor Aston Villa-FH 318.jpg,https://upload.wikimedia.org/wikipedia/commons/8/80/Gabriel_Agbonlahor_Aston_Villa-FH_318.jpg,https://upload.wikimedia.org/wikipedia/commons/8/80/Gabriel_Agbonlahor_Aston_Villa-FH_318.jpg,,https://commons.wikimedia.org/wiki/File:Gabriel_Agbonlahor_Aston_Villa-FH_318.jpg,CC BY-SA 2.0,Dagur Brynjólfsson,Flickr / Aston Villa-FH 318,wikidata-commons,2026-07-12T21:08:31.322Z
gabriel-heinze,Gabriel Heinze,Q63659,"Heinze, Gabriel.jpg",https://upload.wikimedia.org/wikipedia/commons/2/2d/Heinze%2C_Gabriel.jpg,https://upload.wikimedia.org/wikipedia/commons/2/2d/Heinze%2C_Gabriel.jpg,/media/players/gabriel-heinze.webp,"https://commons.wikimedia.org/wiki/File:Heinze,_Gabriel.jpg",CC BY-SA 3.0,Stew jones,Own work,wikidata-commons,2026-07-03T00:30:03.115Z
gabriel-obertan,Gabriel Obertan,Q298713,Gabbyobertan.jpg,https://upload.wikimedia.org/wikipedia/commons/d/d0/Gabbyobertan.jpg,https://upload.wikimedia.org/wikipedia/commons/d/d0/Gabbyobertan.jpg,,https://commons.wikimedia.org/wiki/File:Gabbyobertan.jpg,CC BY-SA 2.0,Jon Candy,Flickr,wikidata-commons,2026-07-12T21:08:31.322Z
garth-crooks,Garth Crooks,Q737899,Garth Crooks 2012.jpg,https://upload.wikimedia.org/wikipedia/commons/f/ff/Garth_Crooks_2012.jpg,https://upload.wikimedia.org/wikipedia/commons/f/ff/Garth_Crooks_2012.jpg,,https://commons.wikimedia.org/wiki/File:Garth_Crooks_2012.jpg,CC BY-SA 2.0,Jon Candy,Flickr / Garth Crooks,wikidata-commons,2026-07-12T21:08:31.322Z
gary-cahill,Gary Cahill,Q223827,Gary Cahill 2018 2 (cropped) (cropped).jpg,https://upload.wikimedia.org/wikipedia/commons/1/11/Gary_Cahill_2018_2_%28cropped%29_%28cropped%29.jpg,https://upload.wikimedia.org/wikipedia/commons/1/11/Gary_Cahill_2018_2_%28cropped%29_%28cropped%29.jpg,,https://commons.wikimedia.org/wiki/File:Gary_Cahill_2018_2_(cropped)_(cropped).jpg,CC BY-SA 3.0,Кирилл Венедиктов,soccer.ru,wikidata-commons,2026-07-12T21:08:31.322Z
gary-neville,Gary Neville,Q348857,Gary Neville crop.jpg,https://upload.wikimedia.org/wikipedia/commons/a/ad/Gary_Neville_crop.jpg,https://upload.wikimedia.org/wikipedia/commons/thumb/a/ad/Gary_Neville_crop.jpg/330px-Gary_Neville_crop.jpg,/media/players/gary-neville.webp,https://commons.wikimedia.org/wiki/File:Gary_Neville_crop.jpg,CC BY 2.0,Austin Osuide,Cropped and lightened version of the file uploaded to Flickr with the name We REDy For Whatever,wikidata-commons,2026-07-03T00:30:03.115Z
gary-pallister,Gary Pallister,Q380231,PALLISTER.png,https://static.wikia.nocookie.net/the-football-database/images/4/4f/PALLISTER.png/revision/latest?cb=20140811135253,,/media/players/gary-pallister.webp,https://football.fandom.com/wiki/File:PALLISTER.png,CC BY-SA 3.0,,"Football Wiki (Fandom), The Football Database",football-fandom,2026-07-03T00:30:03.115Z
gary-walsh,Gary Walsh,Q3758559,Gary Walsh.jpg,https://upload.wikimedia.org/wikipedia/commons/f/f7/Gary_Walsh.jpg,https://upload.wikimedia.org/wikipedia/commons/f/f7/Gary_Walsh.jpg,,https://commons.wikimedia.org/wiki/File:Gary_Walsh.jpg,CC0,EchetusXe,Own work,wikidata-commons,2026-07-12T21:08:31.322Z
george-anderson,George Anderson,Q839126,George Walter Anderson.jpg,https://upload.wikimedia.org/wikipedia/commons/0/01/George_Walter_Anderson.jpg,https://upload.wikimedia.org/wikipedia/commons/0/01/George_Walter_Anderson.jpg,,https://commons.wikimedia.org/wiki/File:George_Walter_Anderson.jpg,Public domain,Unknown author,MUFC archive,wikidata-commons,2026-07-12T21:08:31.322Z
george-best,George Best,Q164521,George Best (1976).jpg,https://upload.wikimedia.org/wikipedia/commons/a/a1/George_Best_%281976%29.jpg,https://upload.wikimedia.org/wikipedia/commons/thumb/a/a1/George_Best_%281976%29.jpg/330px-George_Best_%281976%29.jpg,/media/players/george-best.webp,https://commons.wikimedia.org/wiki/File:George_Best_(1976).jpg,CC0,Hans Peters for Anefo,Nationaal Archief Fotocollectie Anefo 928-8290,wikidata-commons,2026-07-03T00:30:03.115Z
george-graham,George Graham,Q313763,George Graham (1970).png,https://upload.wikimedia.org/wikipedia/commons/a/a9/George_Graham_%281970%29.png,https://upload.wikimedia.org/wikipedia/commons/a/a9/George_Graham_%281970%29.png,,https://commons.wikimedia.org/wiki/File:George_Graham_(1970).png,CC BY-SA 3.0 nl,Rob Mieremet / Anefo,Nationaal Archief Fotocollectie Anefo,wikidata-commons,2026-07-12T21:08:31.322Z
george-hunter,George Hunter,Q1587744,George Hunter - Aston Villa.jpg,https://upload.wikimedia.org/wikipedia/commons/0/0e/George_Hunter_-_Aston_Villa.jpg,https://upload.wikimedia.org/wikipedia/commons/0/0e/George_Hunter_-_Aston_Villa.jpg,,https://commons.wikimedia.org/wiki/File:George_Hunter_-_Aston_Villa.jpg,CC BY-SA 4.0,Thebees1889,Own work; cigarette card from 1910,wikidata-commons,2026-07-12T21:08:31.322Z
george-perrins,George Perrins,Q5543344,George Perrins.jpg,https://upload.wikimedia.org/wikipedia/commons/3/34/George_Perrins.jpg,https://upload.wikimedia.org/wikipedia/commons/3/34/George_Perrins.jpg,,https://commons.wikimedia.org/wiki/File:George_Perrins.jpg,Public domain,Unknown author,MUFC archive,wikidata-commons,2026-07-12T21:08:31.322Z
george-stacey,George Stacey,Q3436400,Manchester United 1908-09 (Stacey).jpg,https://upload.wikimedia.org/wikipedia/commons/4/45/Manchester_United_1908-09_%28Stacey%29.jpg,https://upload.wikimedia.org/wikipedia/commons/4/45/Manchester_United_1908-09_%28Stacey%29.jpg,/media/players/george-stacey.webp,https://commons.wikimedia.org/wiki/File:Manchester_United_1908-09_(Stacey).jpg,Public domain,Unknown author Unknown author,Here,wikidata-commons,2026-07-03T00:30:03.115Z
george-wall,George Wall,Q2028098,GeorgeWall.jpeg,https://upload.wikimedia.org/wikipedia/commons/b/b4/GeorgeWall.jpeg,https://upload.wikimedia.org/wikipedia/commons/b/b4/GeorgeWall.jpeg,/media/players/george-wall.webp,https://commons.wikimedia.org/wiki/File:GeorgeWall.jpeg,Public domain,Unknown author Unknown author,http://www.spartacus.schoolnet.co.uk/MANUwall.htm,wikidata-commons,2026-07-03T00:30:03.115Z
georginio-wijnaldum,Georginio Wijnaldum,Q372379,20160604 AUT NED 8839.jpg,https://upload.wikimedia.org/wikipedia/commons/2/2f/20160604_AUT_NED_8839.jpg,https://upload.wikimedia.org/wikipedia/commons/2/2f/20160604_AUT_NED_8839.jpg,,https://commons.wikimedia.org/wiki/File:20160604_AUT_NED_8839.jpg,CC BY-SA 3.0 at,Ailura,Own work,wikidata-commons,2026-07-12T21:08:31.322Z
gerard-deulofeu,Gerard Deulofeu,Q356126,Deulofeu Wikipedia Udinese (cropped).JPG,https://upload.wikimedia.org/wikipedia/commons/a/a7/Deulofeu_Wikipedia_Udinese_%28cropped%29.JPG,https://upload.wikimedia.org/wikipedia/commons/thumb/a/a7/Deulofeu_Wikipedia_Udinese_%28cropped%29.JPG/960px-Deulofeu_Wikipedia_Udinese_%28cropped%29.JPG,/media/players/gerard-deulofeu.webp,https://commons.wikimedia.org/wiki/File:Deulofeu_Wikipedia_Udinese_(cropped).JPG,CC BY-SA 4.0,Mech867; derivative by Danyele,Original photo / Commons crop,wikidata-commons,2026-07-12T21:08:31.322Z
gerard-pique,Gerard Piqué,Q17507,GerardPique.jpg,https://upload.wikimedia.org/wikipedia/commons/c/c0/GerardPique.jpg,https://upload.wikimedia.org/wikipedia/commons/thumb/c/c0/GerardPique.jpg/960px-GerardPique.jpg,,https://commons.wikimedia.org/wiki/File:GerardPique.jpg,CC BY 2.0,Vinod Divakaran,Flickr / Doha Stadium Plus,wikidata-commons,2026-07-12T21:08:31.322Z
gianluca-mancini,Gianluca Mancini,Q28973528,"FC Salzburg gegen AS Roma (UEFA Euroleague play-off, 2023-02-16) 15 (cropped).jpg",https://upload.wikimedia.org/wikipedia/commons/a/a8/FC_Salzburg_gegen_AS_Roma_%28UEFA_Euroleague_play-off%2C_2023-02-16%29_15_%28cropped%29.jpg,https://upload.wikimedia.org/wikipedia/commons/thumb/a/a8/FC_Salzburg_gegen_AS_Roma_%28UEFA_Euroleague_play-off%2C_2023-02-16%29_15_%28cropped%29.jpg/960px-FC_Salzburg_gegen_AS_Roma_%28UEFA_Euroleague_play-off%2C_2023-02-16%29_15_%28cropped%29.jpg,,"https://commons.wikimedia.org/wiki/File:FC_Salzburg_gegen_AS_Roma_(UEFA_Euroleague_play-off,_2023-02-16)_15_(cropped).jpg",CC BY-SA 4.0,Werner100359,Own work,wikidata-commons,2026-07-12T21:08:31.322Z
giuseppe-rossi,Giuseppe Rossi,Q221216,Giuseppe Rossi - RC Celta de Vigo.jpg,https://upload.wikimedia.org/wikipedia/commons/d/da/Giuseppe_Rossi_-_RC_Celta_de_Vigo.jpg,https://upload.wikimedia.org/wikipedia/commons/thumb/d/da/Giuseppe_Rossi_-_RC_Celta_de_Vigo.jpg/960px-Giuseppe_Rossi_-_RC_Celta_de_Vigo.jpg,,https://commons.wikimedia.org/wiki/File:Giuseppe_Rossi_-_RC_Celta_de_Vigo.jpg,CC BY-SA 4.0,Harpagornis,Own work,wikidata-commons,2026-07-12T21:08:31.322Z
gordon-mcqueen,Gordon McQueen,Q950967,FeyenoordManchesterUnited1983b (cropped) (cropped).jpg,https://upload.wikimedia.org/wikipedia/commons/3/31/FeyenoordManchesterUnited1983b_%28cropped%29_%28cropped%29.jpg,https://upload.wikimedia.org/wikipedia/commons/thumb/3/31/FeyenoordManchesterUnited1983b_%28cropped%29_%28cropped%29.jpg/330px-FeyenoordManchesterUnited1983b_%28cropped%29_%28cropped%29.jpg,/media/players/gordon-mcqueen.webp,https://commons.wikimedia.org/wiki/File:FeyenoordManchesterUnited1983b_(cropped)_(cropped).jpg,CC0,"Fotograaf Antonisse, Marcel / Anefo. Auteursrechthebbende Nationaal Archief, CC0",GaHetNa (Nationaal Archief NL) 932-6648,wikidata-commons,2026-07-03T00:30:03.115Z
gordon-strachan,Gordon Strachan,Q314095,Gordon David Strachan.jpg,https://upload.wikimedia.org/wikipedia/commons/1/19/Gordon_David_Strachan.jpg,https://upload.wikimedia.org/wikipedia/commons/1/19/Gordon_David_Strachan.jpg,/media/players/gordon-strachan.webp,https://commons.wikimedia.org/wiki/File:Gordon_David_Strachan.jpg,CC BY-SA 3.0,Якушкин Иван,soccer.ru,wikidata-commons,2026-07-12T21:08:31.322Z
graeme-tomlinson,Graeme Tomlinson,Q5592409,"Tomlinson, Graeme.jpg",https://upload.wikimedia.org/wikipedia/commons/0/06/Tomlinson%2C_Graeme.jpg,https://upload.wikimedia.org/wikipedia/commons/0/06/Tomlinson%2C_Graeme.jpg,,"https://commons.wikimedia.org/wiki/File:Tomlinson,_Graeme.jpg",CC BY-SA 3.0,Skippo10,Own work,wikidata-commons,2026-07-12T21:08:31.322Z
guillermo-varela,Guillermo Varela,Q13422031,Guillermo Varela 2022.jpg,https://upload.wikimedia.org/wikipedia/commons/3/3e/Guillermo_Varela_2022.jpg,https://upload.wikimedia.org/wikipedia/commons/3/3e/Guillermo_Varela_2022.jpg,,https://commons.wikimedia.org/wiki/File:Guillermo_Varela_2022.jpg,CC BY-SA 3.0,Антон Зайцев,soccer.ru,wikidata-commons,2026-07-12T21:08:31.322Z
hamza-choudhury,Hamza Choudhury,Q23771218,Hamza Choudhury 23082025 (portrait).jpg,https://upload.wikimedia.org/wikipedia/commons/e/e7/Hamza_Choudhury_23082025_%28portrait%29.jpg,https://upload.wikimedia.org/wikipedia/commons/thumb/e/e7/Hamza_Choudhury_23082025_%28portrait%29.jpg/960px-Hamza_Choudhury_23082025_%28portrait%29.jpg,,https://commons.wikimedia.org/wiki/File%3AHamza_Choudhury_23082025_(portrait).jpg,CC0,Timmy96,,wikidata-commons,2026-07-12T21:08:31.322Z
hannibal,Hannibal,Q96755704,Hannibal Mejbri 26042025 (1).jpg,https://upload.wikimedia.org/wikipedia/commons/2/2f/Hannibal_Mejbri_26042025_%281%29.jpg,https://upload.wikimedia.org/wikipedia/commons/thumb/2/2f/Hannibal_Mejbri_26042025_%281%29.jpg/960px-Hannibal_Mejbri_26042025_%281%29.jpg,,https://commons.wikimedia.org/wiki/File%3AHannibal_Mejbri_26042025_(1).jpg,CC0,Timmy96,,wikidata-commons,2026-07-12T21:08:31.322Z
hannibal-mejbri,Hannibal Mejbri,Q96755704,Hannibal Mejbri 26042025 (1).jpg,https://upload.wikimedia.org/wikipedia/commons/2/2f/Hannibal_Mejbri_26042025_%281%29.jpg,https://upload.wikimedia.org/wikipedia/commons/thumb/2/2f/Hannibal_Mejbri_26042025_%281%29.jpg/960px-Hannibal_Mejbri_26042025_%281%29.jpg,,https://commons.wikimedia.org/wiki/File%3AHannibal_Mejbri_26042025_(1).jpg,CC0,Timmy96,,wikidata-commons,2026-07-12T21:08:31.322Z
harold-halse,Harold Halse,Q2470716,HaroldHalse.jpg,https://upload.wikimedia.org/wikipedia/commons/a/a0/HaroldHalse.jpg,https://upload.wikimedia.org/wikipedia/commons/thumb/a/a0/HaroldHalse.jpg/120px-HaroldHalse.jpg?_=20150906073133,,https://commons.wikimedia.org/wiki/File%3AHaroldHalse.jpg,Public domain (PD-old-70),,https://spartacus-educational.com/MANUhalse.htm,wikidata-commons,2026-07-12T21:08:31.322Z
harold-hardman,Harold Hardman,Q1362212,London 1908 English Amateur Football National Team.jpg,https://upload.wikimedia.org/wikipedia/commons/0/09/London_1908_English_Amateur_Football_National_Team.jpg,https://upload.wikimedia.org/wikipedia/commons/thumb/0/09/London_1908_English_Amateur_Football_National_Team.jpg/330px-London_1908_English_Amateur_Football_National_Team.jpg,,https://commons.wikimedia.org/wiki/File%3ALondon_1908_English_Amateur_Football_National_Team.jpg,Public domain,,"The Fourth Olympiad - London 1908 - Official Report (http://library.la84.org/6oic/OfficialReports/1908/1908.pdf), published by the British Olympic Association",wikidata-commons,2026-07-12T21:08:31.322Z
harry-amass,Harry Amass,Q119971486,Harry Amass 18102025 (4).jpg,https://upload.wikimedia.org/wikipedia/commons/3/38/Harry_Amass_18102025_%284%29.jpg,https://upload.wikimedia.org/wikipedia/commons/thumb/3/38/Harry_Amass_18102025_%284%29.jpg/1280px-Harry_Amass_18102025_%284%29.jpg,,https://commons.wikimedia.org/wiki/File%3AHarry_Amass_18102025_(4).jpg,CC0,Timmy96,,wikidata-commons,2026-07-12T21:08:31.322Z
harry-erentz,Harry Erentz,Q5668685,Harry Erentz Ogden cigarette card.jpg,https://upload.wikimedia.org/wikipedia/commons/2/2d/Harry_Erentz_Ogden_cigarette_card.jpg,https://upload.wikimedia.org/wikipedia/commons/thumb/2/2d/Harry_Erentz_Ogden_cigarette_card.jpg/120px-Harry_Erentz_Ogden_cigarette_card.jpg?_=20230606121212,,https://commons.wikimedia.org/wiki/File%3AHarry_Erentz_Ogden_cigarette_card.jpg,Public domain (PD-old-70-expired),Ogden Cigarettes,Scan of Ogdens cigarette 1901,wikidata-commons,2026-07-12T21:08:31.322Z
harry-gregg,Harry Gregg,Q546107,WillemIIManchesterUnited1963c.jpg,https://upload.wikimedia.org/wikipedia/commons/3/36/WillemIIManchesterUnited1963c.jpg,https://upload.wikimedia.org/wikipedia/commons/thumb/3/36/WillemIIManchesterUnited1963c.jpg/330px-WillemIIManchesterUnited1963c.jpg,/media/players/harry-gregg.webp,https://commons.wikimedia.org/wiki/File:WillemIIManchesterUnited1963c.jpg,CC0,Hugo van Gelderen (ANEFO),GaHetNa (Nationaal Archief NL) 915-5646,wikidata-commons,2026-07-03T00:30:03.115Z
harry-maguire,Harry Maguire,Q165772,Harry Maguire 2023 (cropped).jpg,https://upload.wikimedia.org/wikipedia/commons/a/ab/Harry_Maguire_2023_%28cropped%29.jpg,https://upload.wikimedia.org/wikipedia/commons/thumb/a/ab/Harry_Maguire_2023_%28cropped%29.jpg/330px-Harry_Maguire_2023_%28cropped%29.jpg,/media/players/harry-maguire.webp,https://commons.wikimedia.org/wiki/File:Harry_Maguire_2023_(cropped).jpg,CC BY 2.0,UK Prime Minister,https://www.flickr.com/photos/49707497@N06/53248339219/,wikidata-commons,2026-07-03T00:30:03.115Z
harry-moger,Harry Moger,Q574892,Manchester United 1908-09 (Moger).jpg,https://upload.wikimedia.org/wikipedia/commons/c/cf/Manchester_United_1908-09_%28Moger%29.jpg,https://upload.wikimedia.org/wikipedia/commons/c/cf/Manchester_United_1908-09_%28Moger%29.jpg,/media/players/harry-moger.webp,https://commons.wikimedia.org/wiki/File:Manchester_United_1908-09_(Moger).jpg,Public domain,Unknown author Unknown author,Here,wikidata-commons,2026-07-03T00:30:03.115Z
harry-stafford,Harry Stafford,Q2347898,Harry Stafford the first captain of Manchester United.jpg,https://upload.wikimedia.org/wikipedia/commons/1/1e/Harry_Stafford_the_first_captain_of_Manchester_United.jpg,https://upload.wikimedia.org/wikipedia/commons/thumb/1/1e/Harry_Stafford_the_first_captain_of_Manchester_United.jpg/960px-Harry_Stafford_the_first_captain_of_Manchester_United.jpg,,https://commons.wikimedia.org/wiki/File%3AHarry_Stafford_the_first_captain_of_Manchester_United.jpg,CC BY-SA 4.0,Dwaynerip,,wikidata-commons,2026-07-12T21:08:31.322Z
harry-williams,Harry Williams,Q16073225,H Williams - Manchester United.jpg,https://upload.wikimedia.org/wikipedia/commons/6/60/H_Williams_-_Manchester_United.jpg,https://upload.wikimedia.org/wikipedia/commons/thumb/6/60/H_Williams_-_Manchester_United.jpg/120px-H_Williams_-_Manchester_United.jpg?_=20211019182509,,https://commons.wikimedia.org/wiki/File%3AH_Williams_-_Manchester_United.jpg,CC BY-SA 4.0,Thebees1889,,wikidata-commons,2026-07-12T21:08:31.322Z
henning-berg,Henning Berg,Q343093,Legia tren (2).jpg,https://upload.wikimedia.org/wikipedia/commons/e/ed/Legia_tren_%282%29.jpg,https://upload.wikimedia.org/wikipedia/commons/thumb/e/ed/Legia_tren_%282%29.jpg/330px-Legia_tren_%282%29.jpg,/media/players/henning-berg.webp,https://commons.wikimedia.org/wiki/File:Legia_tren_(2).jpg,CC BY-SA 3.0,Роман Шевчук,Football.ua,wikidata-commons,2026-07-03T00:30:03.115Z
henrik-larsson,Henrik Larsson,Q179334,Henrik Larsson 2 (cropped).jpg,https://upload.wikimedia.org/wikipedia/commons/0/0d/Henrik_Larsson_2_%28cropped%29.jpg,https://upload.wikimedia.org/wikipedia/commons/thumb/0/0d/Henrik_Larsson_2_%28cropped%29.jpg/250px-Henrik_Larsson_2_%28cropped%29.jpg,/media/players/henrik-larsson.webp,https://commons.wikimedia.org/wiki/File%3AHenrik_Larsson_2_(cropped).jpg,CC BY 2.0,Ricardo Alvarez,,wikidata-commons,2026-07-12T21:08:31.322Z
henrikh-mkhitaryan,Henrikh Mkhitaryan,Q196219,Henrikh Mkhitaryan 2019 stamp of Armenia.jpg,https://upload.wikimedia.org/wikipedia/commons/d/de/Henrikh_Mkhitaryan_2019_stamp_of_Armenia.jpg,https://upload.wikimedia.org/wikipedia/commons/thumb/d/de/Henrikh_Mkhitaryan_2019_stamp_of_Armenia.jpg/500px-Henrikh_Mkhitaryan_2019_stamp_of_Armenia.jpg?_=20200906111913,,https://commons.wikimedia.org/wiki/File%3AHenrikh_Mkhitaryan_2019_stamp_of_Armenia.jpg,Public domain (PD-AM-exempt),Armenia Post,[https://www.haypost.am/en/1548159022] [https://colnect.com/en/stamps/stamp/869028-Henrikh_Mkhitaryan_Footballer-Armenia],wikidata-commons,2026-07-12T21:08:31.322Z
henry-boyd,Henry Boyd,Q5718474,Henry Boyd.jpg,https://upload.wikimedia.org/wikipedia/commons/2/2f/Henry_Boyd.jpg,https://upload.wikimedia.org/wikipedia/commons/2/2f/Henry_Boyd.jpg,,https://commons.wikimedia.org/wiki/File%3AHenry_Boyd.jpg,Public domain (PD-old),,http://www.redcafe.net/threads/the-history-of-manchester-united-lets-take-a-trip-back-in-time.353246/,wikidata-commons,2026-07-12T21:08:31.322Z
herbert-birchenough,Herbert Birchenough,Q1608071,Herbert Birchenough.jpg,https://upload.wikimedia.org/wikipedia/commons/b/b6/Herbert_Birchenough.jpg,https://upload.wikimedia.org/wikipedia/commons/b/b6/Herbert_Birchenough.jpg,,https://commons.wikimedia.org/wiki/File%3AHerbert_Birchenough.jpg,Public domain (PD-US-expired),Port Vale F.C.,https://www.onevalefan.co.uk/port-vale-team-photo-through-the-years/,wikidata-commons,2026-07-12T21:08:31.322Z
herbert-broomfield,Herbert Broomfield,Q5733693,Manchester United 1908-09 (Broomfield).jpg,https://upload.wikimedia.org/wikipedia/commons/9/96/Manchester_United_1908-09_%28Broomfield%29.jpg,https://upload.wikimedia.org/wikipedia/commons/thumb/9/96/Manchester_United_1908-09_%28Broomfield%29.jpg/120px-Manchester_United_1908-09_%28Broomfield%29.jpg?_=20210712032716,,https://commons.wikimedia.org/wiki/File%3AManchester_United_1908-09_(Broomfield).jpg,Public domain (PD-UK-unknown),,Here (http://farm4.staticflickr.com/3543/3622620136_bc59f8704c_o.jpg),wikidata-commons,2026-07-12T21:08:31.322Z
herbert-burgess,Herbert Burgess,Q2715501,ManCity1904.jpg,https://upload.wikimedia.org/wikipedia/commons/f/f4/ManCity1904.jpg,https://upload.wikimedia.org/wikipedia/commons/thumb/f/f4/ManCity1904.jpg/330px-ManCity1904.jpg,,https://commons.wikimedia.org/wiki/File%3AManCity1904.jpg,Public domain (PD-UK-unknown),,en.wiki,wikidata-commons,2026-07-12T21:08:31.322Z
heurelho-gomes,Heurelho Gomes,Q177885,Watford v Norwich (2).jpg,https://upload.wikimedia.org/wikipedia/commons/3/38/Watford_v_Norwich_%282%29.jpg,https://upload.wikimedia.org/wikipedia/commons/thumb/3/38/Watford_v_Norwich_%282%29.jpg/960px-Watford_v_Norwich_%282%29.jpg,,https://commons.wikimedia.org/wiki/File%3AWatford_v_Norwich_(2).jpg,CC BY 2.0,Franziska (https://www.flickr.com/photos/bluebirdwfc/),Watford v Norwich (https://www.flickr.com/photos/bluebirdwfc/22980662773/in/album-72157661582684060/),wikidata-commons,2026-07-12T21:08:31.322Z
hubert-redwood,Hubert Redwood,Q5927575,HubertRedwood.jpg,https://upload.wikimedia.org/wikipedia/commons/e/e5/HubertRedwood.jpg,https://upload.wikimedia.org/wikipedia/commons/thumb/e/e5/HubertRedwood.jpg/120px-HubertRedwood.jpg?_=20201016025048,,https://commons.wikimedia.org/wiki/File%3AHubertRedwood.jpg,Public domain (PD-UK-unknown),,http://www.sthelensrollsofhonour.co.uk/wwiicasualty-731-Hubert_Redwood.html,wikidata-commons,2026-07-12T21:08:31.322Z
hugh-edmonds,Hugh Edmonds,Q5930646,Man.utd 1911-12 (Edmonds).jpg,https://upload.wikimedia.org/wikipedia/commons/f/f9/Man.utd_1911-12_%28Edmonds%29.jpg,https://upload.wikimedia.org/wikipedia/commons/thumb/f/f9/Man.utd_1911-12_%28Edmonds%29.jpg/120px-Man.utd_1911-12_%28Edmonds%29.jpg?_=20210712041106,,https://commons.wikimedia.org/wiki/File%3AMan.utd_1911-12_(Edmonds).jpg,Public domain (PD-UK-unknown),Not indicated,Post card,wikidata-commons,2026-07-12T21:08:31.322Z
hugh-morgan,Hugh Morgan,Q16066852,HughMorgan.png,https://upload.wikimedia.org/wikipedia/commons/2/28/HughMorgan.png,https://upload.wikimedia.org/wikipedia/commons/thumb/2/28/HughMorgan.png/120px-HughMorgan.png?_=20160702054920,,https://commons.wikimedia.org/wiki/File%3AHughMorgan.png,Public domain (PD-US),,"Spalding's Football Guide, 1912, p. 67",wikidata-commons,2026-07-12T21:08:31.322Z
ian-greaves,Ian Greaves,Q4148996,Ian Greaves 1957.jpg,https://upload.wikimedia.org/wikipedia/commons/c/c4/Ian_Greaves_1957.jpg,https://upload.wikimedia.org/wikipedia/commons/thumb/c/c4/Ian_Greaves_1957.jpg/250px-Ian_Greaves_1957.jpg,,https://commons.wikimedia.org/wiki/File%3AIan_Greaves_1957.jpg,Public domain (PD-Sweden-photo),Eskil Malmberg,"Rekord-Magasinet nr 36, 1957",wikidata-commons,2026-07-12T21:08:31.322Z
jaap-stam,Jaap Stam,Q216917,Jaap Stam met fan cropped.jpg,https://upload.wikimedia.org/wikipedia/commons/a/af/Jaap_Stam_met_fan_cropped.jpg,https://upload.wikimedia.org/wikipedia/commons/thumb/a/af/Jaap_Stam_met_fan_cropped.jpg/330px-Jaap_Stam_met_fan_cropped.jpg,/media/players/jaap-stam.webp,https://commons.wikimedia.org/wiki/File:Jaap_Stam_met_fan_cropped.jpg,CC BY-SA 3.0,Original: Flovries Derivative work: PeeJay2K3,Original photo,wikidata-commons,2026-07-03T00:30:03.115Z
jack-grealish,Jack Grealish,Q16056053,ManCity20240722-017 (cropped).jpg,https://upload.wikimedia.org/wikipedia/commons/a/a4/ManCity20240722-017_%28cropped%29.jpg,https://upload.wikimedia.org/wikipedia/commons/thumb/a/a4/ManCity20240722-017_%28cropped%29.jpg/960px-ManCity20240722-017_%28cropped%29.jpg,/media/players/jack-grealish.webp,https://commons.wikimedia.org/wiki/File%3AManCity20240722-017_(cropped).jpg,CC BY-SA 4.0,Hameltion,,wikidata-commons,2026-07-12T21:08:31.322Z
jack-picken,Jack Picken,Q3648845,Manchester United 1908-09 (Picken).jpg,https://upload.wikimedia.org/wikipedia/commons/4/43/Manchester_United_1908-09_%28Picken%29.jpg,https://upload.wikimedia.org/wikipedia/commons/thumb/4/43/Manchester_United_1908-09_%28Picken%29.jpg/120px-Manchester_United_1908-09_%28Picken%29.jpg?_=20210712033117,,https://commons.wikimedia.org/wiki/File%3AManchester_United_1908-09_(Picken).jpg,Public domain (PD-UK-unknown),,Here (http://farm4.staticflickr.com/3543/3622620136_bc59f8704c_o.jpg),wikidata-commons,2026-07-12T21:08:31.322Z
jack-powell,Jack Powell,Q4347281,Newton Heath - Jack Powell - First Incarnation.jpg,https://upload.wikimedia.org/wikipedia/commons/f/f3/Newton_Heath_-_Jack_Powell_-_First_Incarnation.jpg,https://upload.wikimedia.org/wikipedia/commons/thumb/f/f3/Newton_Heath_-_Jack_Powell_-_First_Incarnation.jpg/120px-Newton_Heath_-_Jack_Powell_-_First_Incarnation.jpg?_=20190703195044,,https://commons.wikimedia.org/wiki/File%3ANewton_Heath_-_Jack_Powell_-_First_Incarnation.jpg,CC BY-SA 3.0,Manchesterunitedman1,,wikidata-commons,2026-07-12T21:08:31.322Z
jack-rowley,Jack Rowley,Q544255,Jack Rowley.jpg,https://upload.wikimedia.org/wikipedia/commons/e/e4/Jack_Rowley.jpg,https://upload.wikimedia.org/wikipedia/commons/thumb/e/e4/Jack_Rowley.jpg/330px-Jack_Rowley.jpg,/media/players/jack-rowley.webp,https://commons.wikimedia.org/wiki/File:Jack_Rowley.jpg,CC BY-SA 3.0 nl,Joop van Bilsen for Anefo,Nationaal Archief Fotocollectie Anefo,wikidata-commons,2026-07-03T00:30:03.115Z
jack-warner,Jack Warner,Q6115670,Jack warner football executive.jpg,https://upload.wikimedia.org/wikipedia/commons/9/92/Jack_warner_football_executive.jpg,https://upload.wikimedia.org/wikipedia/commons/thumb/9/92/Jack_warner_football_executive.jpg/330px-Jack_warner_football_executive.jpg,,https://commons.wikimedia.org/wiki/File%3AJack_warner_football_executive.jpg,CC BY 1.0,Downing Street,https://www.flickr.com/photos/downingstreet/4138855868/sizes/z/in/photostream/,wikidata-commons,2026-07-12T21:08:31.322Z
jackie-blanchflower,Jackie Blanchflower,Q59608,Jackie Blanchflower 1957.jpg,https://upload.wikimedia.org/wikipedia/commons/1/11/Jackie_Blanchflower_1957.jpg,https://upload.wikimedia.org/wikipedia/commons/thumb/1/11/Jackie_Blanchflower_1957.jpg/250px-Jackie_Blanchflower_1957.jpg,,https://commons.wikimedia.org/wiki/File%3AJackie_Blanchflower_1957.jpg,Public domain (PD-Sweden-photo),Eskil Malmberg,"Rekord-Magasinet nr 36, 1957",wikidata-commons,2026-07-12T21:08:31.322Z
jadon-sancho,Jadon Sancho,Q30148558,"Manchester United v Liverpool, 22 August 2022 (33) (cropped).jpg",https://upload.wikimedia.org/wikipedia/commons/4/43/Manchester_United_v_Liverpool%2C_22_August_2022_%2833%29_%28cropped%29.jpg,https://upload.wikimedia.org/wikipedia/commons/thumb/4/43/Manchester_United_v_Liverpool%2C_22_August_2022_%2833%29_%28cropped%29.jpg/330px-Manchester_United_v_Liverpool%2C_22_August_2022_%2833%29_%28cropped%29.jpg,/media/players/jadon-sancho.webp,"https://commons.wikimedia.org/wiki/File:Manchester_United_v_Liverpool,_22_August_2022_(33)_(cropped).jpg",CC BY-SA 4.0,Ardfern,Own work,wikidata-commons,2026-07-03T00:30:03.115Z
james-brown,James Brown,Q3806473,James Brown lifespan.jpg,https://upload.wikimedia.org/wikipedia/commons/1/16/James_Brown_lifespan.jpg,https://upload.wikimedia.org/wikipedia/commons/thumb/1/16/James_Brown_lifespan.jpg/1280px-James_Brown_lifespan.jpg,,https://commons.wikimedia.org/wiki/File%3AJames_Brown_lifespan.jpg,CC BY-SA 4.0,Robyburns,,wikidata-commons,2026-07-12T21:08:31.322Z
james-chester,James Chester,Q546799,AUT vs. WAL 2016-10-06 (123).jpg,https://upload.wikimedia.org/wikipedia/commons/9/9a/AUT_vs._WAL_2016-10-06_%28123%29.jpg,https://upload.wikimedia.org/wikipedia/commons/thumb/9/9a/AUT_vs._WAL_2016-10-06_%28123%29.jpg/960px-AUT_vs._WAL_2016-10-06_%28123%29.jpg,,https://commons.wikimedia.org/wiki/File%3AAUT_vs._WAL_2016-10-06_(123).jpg,CC BY-SA 3.0,"Steindy () 16:11, 10 November 2016 (UTC)",,wikidata-commons,2026-07-12T21:08:31.322Z
james-maddison,James Maddison,Q17517177,James Maddison pre-match training (cropped).jpg,https://upload.wikimedia.org/wikipedia/commons/9/92/James_Maddison_pre-match_training_%28cropped%29.jpg,https://upload.wikimedia.org/wikipedia/commons/thumb/9/92/James_Maddison_pre-match_training_%28cropped%29.jpg/500px-James_Maddison_pre-match_training_%28cropped%29.jpg?_=20240429130410,,https://commons.wikimedia.org/wiki/File%3AJames_Maddison_pre-match_training_(cropped).jpg,CC BY 4.0,KrispyKrumpets,,wikidata-commons,2026-07-12T21:08:31.322Z
james-mcnaught,James McNaught,Q2095562,James McNaught cig card.jpg,https://upload.wikimedia.org/wikipedia/commons/a/a1/James_McNaught_cig_card.jpg,https://upload.wikimedia.org/wikipedia/commons/thumb/a/a1/James_McNaught_cig_card.jpg/120px-James_McNaught_cig_card.jpg?_=20230606123047,,https://commons.wikimedia.org/wiki/File%3AJames_McNaught_cig_card.jpg,Public domain (PD-old-70-expired),Ogdens Cigarettes,Digital scan of Ogden cig card,wikidata-commons,2026-07-12T21:08:31.322Z
james-milner,James Milner,Q191136,"James Milner 2022-07-21 Fußball, Männer,Freundschaftsspiel, RB Leipzig - FC Liverpool 1DX 2223 by Stepro (cropped).jpg",https://upload.wikimedia.org/wikipedia/commons/a/a7/James_Milner_2022-07-21_Fu%C3%9Fball%2C_M%C3%A4nner%2CFreundschaftsspiel%2C_RB_Leipzig_-_FC_Liverpool_1DX_2223_by_Stepro_%28cropped%29.jpg,https://upload.wikimedia.org/wikipedia/commons/thumb/a/a7/James_Milner_2022-07-21_Fu%C3%9Fball%2C_M%C3%A4nner%2CFreundschaftsspiel%2C_RB_Leipzig_-_FC_Liverpool_1DX_2223_by_Stepro_%28cropped%29.jpg/960px-James_Milner_2022-07-21_Fu%C3%9Fball%2C_M%C3%A4nner%2CFreundschaftsspiel%2C_RB_Leipzig_-_FC_Liverpool_1DX_2223_by_Stepro_%28cropped%29.jpg,,https://commons.wikimedia.org/wiki/File%3AJames_Milner_2022-07-21_Fu%C3%9Fball%2C_M%C3%A4nner%2CFreundschaftsspiel%2C_RB_Leipzig_-_FC_Liverpool_1DX_2223_by_Stepro_(cropped).jpg,CC BY-SA 4.0,,,wikidata-commons,2026-07-12T21:08:31.322Z
james-wilson,James Wilson,Q16766365,James Wilson of MUFC.jpg,https://upload.wikimedia.org/wikipedia/commons/8/82/James_Wilson_of_MUFC.jpg,https://upload.wikimedia.org/wikipedia/commons/thumb/8/82/James_Wilson_of_MUFC.jpg/960px-James_Wilson_of_MUFC.jpg,,https://commons.wikimedia.org/wiki/File%3AJames_Wilson_of_MUFC.jpg,CC BY-SA 4.0,Egghead06,,wikidata-commons,2026-07-12T21:08:31.322Z
javier-hernandez,Javier Hernández,Q165125,Chicharito 2010.jpg,https://upload.wikimedia.org/wikipedia/commons/7/7a/Chicharito_2010.jpg,https://upload.wikimedia.org/wikipedia/commons/thumb/7/7a/Chicharito_2010.jpg/330px-Chicharito_2010.jpg,/media/players/javier-hernandez.webp,https://commons.wikimedia.org/wiki/File:Chicharito_2010.jpg,CC BY 2.0,https://www.flickr.com/photos/gordonflood/,https://www.flickr.com/photos/gordonflood/5090069815/,wikidata-commons,2026-07-03T00:30:03.115Z
jeff-whitefoot,Jeff Whitefoot,Q1840304,Jeff Whitefoot 1957.jpg,https://upload.wikimedia.org/wikipedia/commons/c/c6/Jeff_Whitefoot_1957.jpg,https://upload.wikimedia.org/wikipedia/commons/thumb/c/c6/Jeff_Whitefoot_1957.jpg/250px-Jeff_Whitefoot_1957.jpg,,https://commons.wikimedia.org/wiki/File%3AJeff_Whitefoot_1957.jpg,Public domain (PD-Sweden-photo),Eskil Malmberg,"Rekord-Magasinet nr 36, 1957",wikidata-commons,2026-07-12T21:08:31.322Z
jesper-blomqvist,Jesper Blomqvist,Q342387,Jesper Blomqvist.jpg,https://upload.wikimedia.org/wikipedia/commons/b/bd/Jesper_Blomqvist.jpg,https://upload.wikimedia.org/wikipedia/commons/thumb/b/bd/Jesper_Blomqvist.jpg/120px-Jesper_Blomqvist.jpg?_=20060819161416,/media/players/jesper-blomqvist.webp,https://commons.wikimedia.org/wiki/File%3AJesper_Blomqvist.jpg,GNU Free Documentation License,:sv:User:Einarspetz,":sv:Image:Blomqvist006.jpg, uploaded 30 januari 2006 kl. 16.04 by Användare:Einarspetz.",wikidata-commons,2026-07-12T21:08:31.322Z
jesper-olsen,Jesper Olsen,Q453438,Jesper Olsen by Christian Ursilva.jpg,https://upload.wikimedia.org/wikipedia/commons/9/96/Jesper_Olsen_by_Christian_Ursilva.jpg,https://upload.wikimedia.org/wikipedia/commons/thumb/9/96/Jesper_Olsen_by_Christian_Ursilva.jpg/960px-Jesper_Olsen_by_Christian_Ursilva.jpg,,https://commons.wikimedia.org/wiki/File%3AJesper_Olsen_by_Christian_Ursilva.jpg,CC BY-SA 4.0,,,wikidata-commons,2026-07-12T21:08:31.322Z
jesse-lingard,Jesse Lingard,Q6186603,240609 FC 서울 팬사인회 (Jesse Lingard).jpg,https://upload.wikimedia.org/wikipedia/commons/7/78/240609_FC_%EC%84%9C%EC%9A%B8_%ED%8C%AC%EC%82%AC%EC%9D%B8%ED%9A%8C_%28Jesse_Lingard%29.jpg,https://upload.wikimedia.org/wikipedia/commons/thumb/7/78/240609_FC_%EC%84%9C%EC%9A%B8_%ED%8C%AC%EC%82%AC%EC%9D%B8%ED%9A%8C_%28Jesse_Lingard%29.jpg/330px-240609_FC_%EC%84%9C%EC%9A%B8_%ED%8C%AC%EC%82%AC%EC%9D%B8%ED%9A%8C_%28Jesse_Lingard%29.jpg,/media/players/jesse-lingard.webp,https://commons.wikimedia.org/wiki/File:240609_FC_%EC%84%9C%EC%9A%B8_%ED%8C%AC%EC%82%AC%EC%9D%B8%ED%9A%8C_(Jesse_Lingard).jpg,CC BY-SA 4.0,Explicit,Own work,wikidata-commons,2026-07-03T00:30:03.115Z
jim-brown,Jim Brown,Q2527157,USA team line up 13 July.jpg,https://upload.wikimedia.org/wikipedia/commons/9/9c/USA_team_line_up_13_July.jpg,https://upload.wikimedia.org/wikipedia/commons/thumb/9/9c/USA_team_line_up_13_July.jpg/120px-USA_team_line_up_13_July.jpg?_=20151113224050,,https://commons.wikimedia.org/wiki/File%3AUSA_team_line_up_13_July.jpg,CC BY-SA 4.0,Robyburns,,wikidata-commons,2026-07-12T21:08:31.322Z
jim-holton,Jim Holton,Q2461947,"Bundesarchiv Bild 183-N0622-0030, Fußball-WM, Schottland - Jugoslawien 1-1.jpg",https://upload.wikimedia.org/wikipedia/commons/3/3d/Bundesarchiv_Bild_183-N0622-0030%2C_Fu%C3%9Fball-WM%2C_Schottland_-_Jugoslawien_1-1.jpg,https://upload.wikimedia.org/wikipedia/commons/thumb/3/3d/Bundesarchiv_Bild_183-N0622-0030%2C_Fu%C3%9Fball-WM%2C_Schottland_-_Jugoslawien_1-1.jpg/500px-Bundesarchiv_Bild_183-N0622-0030%2C_Fu%C3%9Fball-WM%2C_Schottland_-_Jugoslawien_1-1.jpg?_=20201228095007,,https://commons.wikimedia.org/wiki/File%3ABundesarchiv_Bild_183-N0622-0030%2C_Fu%C3%9Fball-WM%2C_Schottland_-_Jugoslawien_1-1.jpg,CC BY-SA 3.0-de,,,wikidata-commons,2026-07-12T21:08:31.322Z
jim-leighton,Jim Leighton,Q352209,Jim Leighton 2009.jpg,https://upload.wikimedia.org/wikipedia/commons/7/7d/Jim_Leighton_2009.jpg,https://upload.wikimedia.org/wikipedia/commons/thumb/7/7d/Jim_Leighton_2009.jpg/1280px-Jim_Leighton_2009.jpg,,https://commons.wikimedia.org/wiki/File%3AJim_Leighton_2009.jpg,CC BY 2.0,Paisley Scotland,https://www.flickr.com/photos/paisleyorguk/4392173271/in/photolist-7G836n-suJT9L-suV2sc-cxwUkE,wikidata-commons,2026-07-12T21:08:31.322Z
jimmy-bannister,Jimmy Bannister,Q4101416,Manchester United 1908-09 (Bannister).jpg,https://upload.wikimedia.org/wikipedia/commons/4/46/Manchester_United_1908-09_%28Bannister%29.jpg,https://upload.wikimedia.org/wikipedia/commons/thumb/4/46/Manchester_United_1908-09_%28Bannister%29.jpg/120px-Manchester_United_1908-09_%28Bannister%29.jpg?_=20210712033145,,https://commons.wikimedia.org/wiki/File%3AManchester_United_1908-09_(Bannister).jpg,Public domain (PD-UK-unknown),,Here (https://farm4.staticflickr.com/3543/3622620136_bc59f8704c_o.jpg),wikidata-commons,2026-07-12T21:08:31.322Z
jimmy-nicholl,Jimmy Nicholl,Q929577,"Jimmy Nicholl, Dudesleeper.jpg",https://upload.wikimedia.org/wikipedia/commons/1/16/Jimmy_Nicholl%2C_Dudesleeper.jpg,https://upload.wikimedia.org/wikipedia/commons/1/16/Jimmy_Nicholl%2C_Dudesleeper.jpg,/media/players/jimmy-nicholl.webp,"https://commons.wikimedia.org/wiki/File:Jimmy_Nicholl,_Dudesleeper.jpg",CC BY 3.0,Dudesleeper,self-made Transferred from en.wikipedia,wikidata-commons,2026-07-03T00:30:03.115Z
jimmy-ryan,Jimmy Ryan,Q4388898,Jimmy Ryan (football).JPEG,https://upload.wikimedia.org/wikipedia/commons/0/00/Jimmy_Ryan_%28football%29.JPEG,https://upload.wikimedia.org/wikipedia/commons/thumb/0/00/Jimmy_Ryan_%28football%29.JPEG/120px-Jimmy_Ryan_%28football%29.JPEG?_=20230916212312,,https://commons.wikimedia.org/wiki/File%3AJimmy_Ryan_(football).JPEG,CC BY-SA 3.0,Lr9902,,wikidata-commons,2026-07-12T21:08:31.322Z
jimmy-turnbull,Jimmy Turnbull,Q3436786,Jimmy Turnbull.JPG,https://upload.wikimedia.org/wikipedia/commons/0/09/Jimmy_Turnbull.JPG,https://upload.wikimedia.org/wikipedia/commons/thumb/0/09/Jimmy_Turnbull.JPG/250px-Jimmy_Turnbull.JPG,,https://commons.wikimedia.org/wiki/File%3AJimmy_Turnbull.JPG,Public domain (PD-UK-unknown),,Belfast Celtic 1891 - 1949 (http://www.belfastceltic.org/turnbull.html),wikidata-commons,2026-07-12T21:08:31.322Z
joe-carolan,Joe Carolan,Q6209004,Manchester United FC 1960.jpg,https://upload.wikimedia.org/wikipedia/commons/b/b7/Manchester_United_FC_1960.jpg,https://upload.wikimedia.org/wikipedia/commons/thumb/b/b7/Manchester_United_FC_1960.jpg/1280px-Manchester_United_FC_1960.jpg,,https://commons.wikimedia.org/wiki/File%3AManchester_United_FC_1960.jpg,Public domain (PD-Sweden-photo),,,wikidata-commons,2026-07-12T21:08:31.322Z
joe-cassidy,Joe Cassidy,Q3436414,JoeCassidy.jpg,https://upload.wikimedia.org/wikipedia/commons/e/e0/JoeCassidy.jpg,https://upload.wikimedia.org/wikipedia/commons/e/e0/JoeCassidy.jpg,,https://commons.wikimedia.org/wiki/File%3AJoeCassidy.jpg,Public domain (PD-old-70),,http://www.spartacus.schoolnet.co.uk/MANCcassidy.htm,wikidata-commons,2026-07-12T21:08:31.322Z
joe-gomez,Joe Gomez,Q17505113,Joe Gomez 04012026 (1).jpg,https://upload.wikimedia.org/wikipedia/commons/a/a0/Joe_Gomez_04012026_%281%29.jpg,https://upload.wikimedia.org/wikipedia/commons/thumb/a/a0/Joe_Gomez_04012026_%281%29.jpg/960px-Joe_Gomez_04012026_%281%29.jpg,/media/players/joe-gomez.webp,https://commons.wikimedia.org/wiki/File%3AJoe_Gomez_04012026_(1).jpg,CC0,Timmy96,,wikidata-commons,2026-07-12T21:08:31.322Z
joe-jordan,Joe Jordan,Q353506,Joe Jordan.jpg,https://upload.wikimedia.org/wikipedia/commons/f/f6/Joe_Jordan.jpg,https://upload.wikimedia.org/wikipedia/commons/thumb/f/f6/Joe_Jordan.jpg/120px-Joe_Jordan.jpg?_=20240531171250,,https://commons.wikimedia.org/wiki/File%3AJoe_Jordan.jpg,GNU Free Documentation License,Williamkeane,HK Airport,wikidata-commons,2026-07-12T21:08:31.322Z
joe-riley,Joe Riley,Q22937276,FC Liefering gegen Manchester United (U23)-Testspiel 11. Juli 2017 49.jpg,https://upload.wikimedia.org/wikipedia/commons/2/2a/FC_Liefering_gegen_Manchester_United_%28U23%29-Testspiel_11._Juli_2017_49.jpg,https://upload.wikimedia.org/wikipedia/commons/thumb/2/2a/FC_Liefering_gegen_Manchester_United_%28U23%29-Testspiel_11._Juli_2017_49.jpg/1280px-FC_Liefering_gegen_Manchester_United_%28U23%29-Testspiel_11._Juli_2017_49.jpg,,https://commons.wikimedia.org/wiki/File%3AFC_Liefering_gegen_Manchester_United_(U23)-Testspiel_11._Juli_2017_49.jpg,CC BY-SA 4.0,Werner100359,,wikidata-commons,2026-07-12T21:08:31.322Z
joe-schofield,Joe Schofield,Q6212243,Joe Schofield.jpg,https://upload.wikimedia.org/wikipedia/commons/1/1a/Joe_Schofield.jpg,https://upload.wikimedia.org/wikipedia/commons/thumb/1/1a/Joe_Schofield.jpg/40px-Joe_Schofield.jpg?_=20200607054907,,https://commons.wikimedia.org/wiki/File%3AJoe_Schofield.jpg,Public domain (PD-US-expired),Port Vale F.C.,https://www.onevalefan.co.uk/port-vale-team-photo-through-the-years/,wikidata-commons,2026-07-12T21:08:31.322Z
joe-walton,Joe Walton,Q6212882,JoeWaltonPitt56.jpg,https://upload.wikimedia.org/wikipedia/commons/7/7d/JoeWaltonPitt56.jpg,https://upload.wikimedia.org/wikipedia/commons/thumb/7/7d/JoeWaltonPitt56.jpg/250px-JoeWaltonPitt56.jpg,,https://commons.wikimedia.org/wiki/File%3AJoeWaltonPitt56.jpg,Public domain (public domain),The Owl,"The Owl, 1957 student yearbook of the University of Pittsburgh, pg. 275 (http://digital.library.pitt.edu/cgi-bin/t/text/pageviewer-idx?c=pittyearbooks&cc=pittyearbooks&idno=1957e49702&node=1957e49702%3A8&frm=frameset&view=image&seq=279).",wikidata-commons,2026-07-12T21:08:31.322Z
joel-pereira,Joel Pereira,Q19996370,Joel Castro Pereira (cropped).jpg,https://upload.wikimedia.org/wikipedia/commons/1/19/Joel_Castro_Pereira_%28cropped%29.jpg,https://upload.wikimedia.org/wikipedia/commons/thumb/1/19/Joel_Castro_Pereira_%28cropped%29.jpg/960px-Joel_Castro_Pereira_%28cropped%29.jpg,,https://commons.wikimedia.org/wiki/File%3AJoel_Castro_Pereira_(cropped).jpg,CC BY-SA 4.0,Daniel Hong,,wikidata-commons,2026-07-12T21:08:31.322Z
john-christie,John Christie,Q6226038,John Christie - Brentford FC.jpg,https://upload.wikimedia.org/wikipedia/commons/9/9c/John_Christie_-_Brentford_FC.jpg,https://upload.wikimedia.org/wikipedia/commons/thumb/9/9c/John_Christie_-_Brentford_FC.jpg/120px-John_Christie_-_Brentford_FC.jpg?_=20170924105327,,https://commons.wikimedia.org/wiki/File%3AJohn_Christie_-_Brentford_FC.jpg,CC BY-SA 4.0,Thebees1889,,wikidata-commons,2026-07-12T21:08:31.322Z
john-connelly,John Connelly,Q712408,"England national football team, 28 October 1959 (Connelly).jpg",https://upload.wikimedia.org/wikipedia/commons/5/5d/England_national_football_team%2C_28_October_1959_%28Connelly%29.jpg,https://upload.wikimedia.org/wikipedia/commons/thumb/5/5d/England_national_football_team%2C_28_October_1959_%28Connelly%29.jpg/330px-England_national_football_team%2C_28_October_1959_%28Connelly%29.jpg,/media/players/john-connelly.webp,"https://commons.wikimedia.org/wiki/File:England_national_football_team,_28_October_1959_(Connelly).jpg",Public domain,Hesekiel,"Rekord-Magasinet nr 1, 1960",wikidata-commons,2026-07-03T00:30:03.115Z
john-o-shea,John O'Shea,Q306351,John O'Shea CL semi 0809.jpg,https://upload.wikimedia.org/wikipedia/commons/3/33/John_O%27Shea_CL_semi_0809.jpg,https://upload.wikimedia.org/wikipedia/commons/thumb/3/33/John_O%27Shea_CL_semi_0809.jpg/330px-John_O%27Shea_CL_semi_0809.jpg,/media/players/john-o-shea.webp,https://commons.wikimedia.org/wiki/File:John_O%27Shea_CL_semi_0809.jpg,CC BY 2.0,Gordon Flood,originally posted to Flickr as _MG_8239,wikidata-commons,2026-07-03T00:30:03.115Z
john-walton,John Walton,Q6262944,John Walton 1969.jpeg,https://upload.wikimedia.org/wikipedia/commons/1/10/John_Walton_1969.jpeg,https://upload.wikimedia.org/wikipedia/commons/thumb/1/10/John_Walton_1969.jpeg/120px-John_Walton_1969.jpeg?_=20231203101905,,https://commons.wikimedia.org/wiki/File%3AJohn_Walton_1969.jpeg,Public domain (PD-US-no),Unknown,Indianapolis Recorder (https://newspapers.library.in.gov/?a=d&d=INR19700103-01&e=-------en-20--1--txt-txIN-------),wikidata-commons,2026-07-12T21:08:31.322Z
john-willie-sutcliffe,John Willie Sutcliffe,Q3182547,John Willie Sutcliffe.jpg,https://upload.wikimedia.org/wikipedia/commons/d/de/John_Willie_Sutcliffe.jpg,https://upload.wikimedia.org/wikipedia/commons/thumb/d/de/John_Willie_Sutcliffe.jpg/120px-John_Willie_Sutcliffe.jpg?_=20140707214328,,https://commons.wikimedia.org/wiki/File%3AJohn_Willie_Sutcliffe.jpg,Public domain (PD-anon-70-EU),,"Plymouth Argyle (http://www.pafc.co.uk/page/NewsDetail/0,,10364~1871115,00.html)",wikidata-commons,2026-07-12T21:08:31.322Z
johnny-berry,Johnny Berry,Q1702298,Johnny Berry 1957.jpg,https://upload.wikimedia.org/wikipedia/commons/7/71/Johnny_Berry_1957.jpg,https://upload.wikimedia.org/wikipedia/commons/7/71/Johnny_Berry_1957.jpg,/media/players/johnny-berry.webp,https://commons.wikimedia.org/wiki/File:Johnny_Berry_1957.jpg,Public domain,Hesekiel,"Rekord-Magasinet nr 36, 1957",wikidata-commons,2026-07-03T00:30:03.115Z
jonny-evans,Jonny Evans,Q29495,"Jonny Evans, CZE-NIR 2019-10-14 (4).jpg",https://upload.wikimedia.org/wikipedia/commons/9/9e/Jonny_Evans%2C_CZE-NIR_2019-10-14_%284%29.jpg,https://upload.wikimedia.org/wikipedia/commons/thumb/9/9e/Jonny_Evans%2C_CZE-NIR_2019-10-14_%284%29.jpg/330px-Jonny_Evans%2C_CZE-NIR_2019-10-14_%284%29.jpg,/media/players/jonny-evans.webp,"https://commons.wikimedia.org/wiki/File:Jonny_Evans,_CZE-NIR_2019-10-14_(4).jpg",CC BY-SA 4.0,Tadeáš Bednarz,Own work,wikidata-commons,2026-07-03T00:30:03.115Z
jose-kleberson,José Kléberson,Q311035,Kleberson Fla 2010.jpg,https://upload.wikimedia.org/wikipedia/commons/f/f5/Kleberson_Fla_2010.jpg,https://upload.wikimedia.org/wikipedia/commons/thumb/f/f5/Kleberson_Fla_2010.jpg/960px-Kleberson_Fla_2010.jpg?_=20150309031631,,https://commons.wikimedia.org/wiki/File%3AKleberson_Fla_2010.jpg,CC BY-SA 2.0,Alex Carvalho (https://www.flickr.com/photos/alexcarvalho/),Flickr - Nos Fla-Flus é um ai Jesus ! ! ! (https://www.flickr.com/photos/alexcarvalho/4321799843),wikidata-commons,2026-07-12T21:08:31.322Z
joel-matip,Joël Matip,Q57567,"2022-07-21 Fußball, Männer,Freundschaftsspiel, RB Leipzig - FC Liverpool 1DX 2092 by Stepro (cropped).jpg",https://upload.wikimedia.org/wikipedia/commons/d/df/2022-07-21_Fu%C3%9Fball%2C_M%C3%A4nner%2CFreundschaftsspiel%2C_RB_Leipzig_-_FC_Liverpool_1DX_2092_by_Stepro_%28cropped%29.jpg,https://upload.wikimedia.org/wikipedia/commons/thumb/d/df/2022-07-21_Fu%C3%9Fball%2C_M%C3%A4nner%2CFreundschaftsspiel%2C_RB_Leipzig_-_FC_Liverpool_1DX_2092_by_Stepro_%28cropped%29.jpg/1280px-2022-07-21_Fu%C3%9Fball%2C_M%C3%A4nner%2CFreundschaftsspiel%2C_RB_Leipzig_-_FC_Liverpool_1DX_2092_by_Stepro_%28cropped%29.jpg,,https://commons.wikimedia.org/wiki/File%3A2022-07-21_Fu%C3%9Fball%2C_M%C3%A4nner%2CFreundschaftsspiel%2C_RB_Leipzig_-_FC_Liverpool_1DX_2092_by_Stepro_(cropped).jpg,CC BY-SA 4.0,,,wikidata-commons,2026-07-12T21:08:31.322Z
juan-mata,Juan Mata,Q168740,Zarya-MU (10).jpg,https://upload.wikimedia.org/wikipedia/commons/3/31/Zarya-MU_%2810%29.jpg,https://upload.wikimedia.org/wikipedia/commons/3/31/Zarya-MU_%2810%29.jpg,/media/players/juan-mata.webp,https://commons.wikimedia.org/wiki/File:Zarya-MU_(10).jpg,CC BY-SA 3.0,Станислав Ведмидь,Football.ua,wikidata-commons,2026-07-03T00:30:03.115Z
juan-sebastian-veron,Juan Sebastián Verón,Q46502,Sebastián Verón.png,https://upload.wikimedia.org/wikipedia/commons/2/23/Sebasti%C3%A1n_Ver%C3%B3n.png,https://upload.wikimedia.org/wikipedia/commons/thumb/2/23/Sebasti%C3%A1n_Ver%C3%B3n.png/330px-Sebasti%C3%A1n_Ver%C3%B3n.png,/media/players/juan-sebastian-veron.webp,https://commons.wikimedia.org/wiki/File:Sebasti%C3%A1n_Ver%C3%B3n.png,CC BY-SA 2.0,Agencia de Noticias ANDES,This image has been extracted from another file,wikidata-commons,2026-07-03T00:30:03.115Z
karel-poborsky,Karel Poborský,Q224033,File:Karel Poborský (2012).jpg,https://upload.wikimedia.org/wikipedia/commons/c/c4/Karel_Poborsk%C3%BD_%282012%29.jpg,https://upload.wikimedia.org/wikipedia/commons/thumb/c/c4/Karel_Poborsk%C3%BD_%282012%29.jpg/960px-Karel_Poborsk%C3%BD_%282012%29.jpg,,https://commons.wikimedia.org/wiki/File:Karel_Poborsk%C3%BD_(2012).jpg,CC BY-SA 4.0,Original: David Sedlecký / Derivative work: Danyele,,wikidata-commons,2026-07-12T21:08:31.322Z
kasper-schmeichel,Kasper Schmeichel,Q295797,File:Kasper Schmeichel Celtic-20240722 (cropped).jpg,https://upload.wikimedia.org/wikipedia/commons/9/95/Kasper_Schmeichel_Celtic-20240722_%28cropped%29.jpg,https://upload.wikimedia.org/wikipedia/commons/thumb/9/95/Kasper_Schmeichel_Celtic-20240722_%28cropped%29.jpg/960px-Kasper_Schmeichel_Celtic-20240722_%28cropped%29.jpg,/media/players/kasper-schmeichel.webp,https://commons.wikimedia.org/wiki/File:Kasper_Schmeichel_Celtic-20240722_(cropped).jpg,CC BY-SA 4.0,Hameltion,,wikidata-commons,2026-07-12T21:08:31.322Z
keith-gillespie,Keith Gillespie,Q1366485,File:Keith Gillespie.png,https://upload.wikimedia.org/wikipedia/commons/d/d3/Keith_Gillespie.png,https://upload.wikimedia.org/wikipedia/commons/d/d3/Keith_Gillespie.png,,https://commons.wikimedia.org/wiki/File:Keith_Gillespie.png,CC BY-SA 4.0,wonker,,wikidata-commons,2026-07-12T21:08:31.322Z
kelechi-iheanacho,Kelechi Iheanacho,Q15506789,File:Kelechi Iheanacho 2021.jpg,https://upload.wikimedia.org/wikipedia/commons/3/35/Kelechi_Iheanacho_2021.jpg,https://upload.wikimedia.org/wikipedia/commons/3/35/Kelechi_Iheanacho_2021.jpg,,https://commons.wikimedia.org/wiki/File:Kelechi_Iheanacho_2021.jpg,CC BY-SA 4.0,Антон Зайцев,,wikidata-commons,2026-07-12T21:08:31.322Z
kevin-mbabu,Kevin Mbabu,Q6396879,File:Kevin Mbabu Young Boys.jpg,https://upload.wikimedia.org/wikipedia/commons/b/b7/Kevin_Mbabu_Young_Boys.jpg,https://upload.wikimedia.org/wikipedia/commons/b/b7/Kevin_Mbabu_Young_Boys.jpg,,https://commons.wikimedia.org/wiki/File:Kevin_Mbabu_Young_Boys.jpg,CC BY-SA 4.0,ОЛЕГ БАТРАК,,wikidata-commons,2026-07-12T21:08:31.322Z
kian-hansen,Kian Hansen,Q6403780,File:Kian Hansen.png,https://upload.wikimedia.org/wikipedia/commons/f/fb/Kian_Hansen.png,https://upload.wikimedia.org/wikipedia/commons/f/fb/Kian_Hansen.png,,https://commons.wikimedia.org/wiki/File:Kian_Hansen.png,CC BY-SA 4.0,PAD666,,wikidata-commons,2026-07-12T21:08:31.322Z
kieran-o-hara,Kieran O'Hara,Q23586244,File:FC Liefering gegen Manchester United (U23)-Testspiel 11. Juli 2017 12.jpg,https://upload.wikimedia.org/wikipedia/commons/3/3e/FC_Liefering_gegen_Manchester_United_%28U23%29-Testspiel_11._Juli_2017_12.jpg,https://upload.wikimedia.org/wikipedia/commons/thumb/3/3e/FC_Liefering_gegen_Manchester_United_%28U23%29-Testspiel_11._Juli_2017_12.jpg/960px-FC_Liefering_gegen_Manchester_United_%28U23%29-Testspiel_11._Juli_2017_12.jpg,,https://commons.wikimedia.org/wiki/File:FC_Liefering_gegen_Manchester_United_(U23)-Testspiel_11._Juli_2017_12.jpg,CC BY-SA 4.0,Werner100359,,wikidata-commons,2026-07-12T21:08:31.322Z
kieran-richardson,Kieran Richardson,Q309728,"Richardson, Kieran.jpg",https://upload.wikimedia.org/wikipedia/commons/1/18/Richardson%2C_Kieran.jpg,https://upload.wikimedia.org/wikipedia/commons/1/18/Richardson%2C_Kieran.jpg,/media/players/kieran-richardson.webp,"https://commons.wikimedia.org/wiki/File:Richardson,_Kieran.jpg",CC BY-SA 3.0,Jonesy702 at English Wikipedia,Transferred from en.wikipedia to Commons by Kafuffle using CommonsHelper .,wikidata-commons,2026-07-03T00:30:03.115Z
kiko-femenia,Kiko Femenía,Q2269948,File:Kiko Femenia.jpg,https://upload.wikimedia.org/wikipedia/commons/c/cf/Kiko_Femenia.jpg,https://upload.wikimedia.org/wikipedia/commons/c/cf/Kiko_Femenia.jpg,,https://commons.wikimedia.org/wiki/File:Kiko_Femenia.jpg,CC BY-SA 4.0,Carlos RM,,wikidata-commons,2026-07-12T21:08:31.322Z
kobbie-mainoo,Kobbie Mainoo,Q114703020,Kobbie_Mainoo.png,https://static.wikia.nocookie.net/the-football-database/images/4/48/Kobbie_Mainoo.png/revision/latest?cb=20230106045237,,/media/players/kobbie-mainoo.webp,https://football.fandom.com/wiki/File:Kobbie_Mainoo.png,CC BY-SA 3.0,,"Football Wiki (Fandom), The Football Database",football-fandom,2026-07-03T00:30:03.115Z
koke,Koke,Q276091,File:Koke 2019.jpg,https://upload.wikimedia.org/wikipedia/commons/1/17/Koke_2019.jpg,https://upload.wikimedia.org/wikipedia/commons/1/17/Koke_2019.jpg,,https://commons.wikimedia.org/wiki/File:Koke_2019.jpg,CC BY-SA 4.0,Анна Нэсси,,wikidata-commons,2026-07-12T21:08:31.322Z
kurt-zouma,Kurt Zouma,Q211271,File:Kurt Zouma West Ham (cropped).jpg,https://upload.wikimedia.org/wikipedia/commons/3/37/Kurt_Zouma_West_Ham_%28cropped%29.jpg,https://upload.wikimedia.org/wikipedia/commons/thumb/3/37/Kurt_Zouma_West_Ham_%28cropped%29.jpg/960px-Kurt_Zouma_West_Ham_%28cropped%29.jpg,,https://commons.wikimedia.org/wiki/File:Kurt_Zouma_West_Ham_(cropped).jpg,CC BY-SA 4.0,Egghead06,,wikidata-commons,2026-07-12T21:08:31.322Z
largie-ramazani,Largie Ramazani,Q76743396,File:Largie Ramazani.jpg,https://upload.wikimedia.org/wikipedia/commons/a/ab/Largie_Ramazani.jpg,https://upload.wikimedia.org/wikipedia/commons/a/ab/Largie_Ramazani.jpg,,https://commons.wikimedia.org/wiki/File:Largie_Ramazani.jpg,CC BY-SA 4.0,Kane Brooker,,wikidata-commons,2026-07-12T21:08:31.322Z
larnell-cole,Larnell Cole,Q674513,File:Larnell Cole.jpg,https://upload.wikimedia.org/wikipedia/commons/5/5e/Larnell_Cole.jpg,https://upload.wikimedia.org/wikipedia/commons/thumb/5/5e/Larnell_Cole.jpg/960px-Larnell_Cole.jpg,,https://commons.wikimedia.org/wiki/File:Larnell_Cole.jpg,CC BY-SA 4.0,"Jon Candy from Cardiff, Wales",,wikidata-commons,2026-07-12T21:08:31.322Z
laurent-blanc,Laurent Blanc,Q1839,File:Laurent blanc 11 11 2013 reves de Clara.jpg,https://upload.wikimedia.org/wikipedia/commons/b/be/Laurent_blanc_11_11_2013_reves_de_Clara.jpg,https://upload.wikimedia.org/wikipedia/commons/thumb/b/be/Laurent_blanc_11_11_2013_reves_de_Clara.jpg/1280px-Laurent_blanc_11_11_2013_reves_de_Clara.jpg,/media/players/laurent-blanc.webp,https://commons.wikimedia.org/wiki/File:Laurent_blanc_11_11_2013_reves_de_Clara.jpg,CC BY-SA 4.0,Julien Manceau,,wikidata-commons,2026-07-12T21:08:31.322Z
laurie-cunningham,Laurie Cunningham,Q526010,File:Laurie Cunningham statue.png,https://upload.wikimedia.org/wikipedia/commons/a/a6/Laurie_Cunningham_statue.png,https://upload.wikimedia.org/wikipedia/commons/thumb/a/a6/Laurie_Cunningham_statue.png/960px-Laurie_Cunningham_statue.png,,https://commons.wikimedia.org/wiki/File:Laurie_Cunningham_statue.png,CC BY-SA 4.0,Nzd,,wikidata-commons,2026-07-12T21:08:31.322Z
lautaro-martinez,Lautaro Martínez,Q21484126,File:ARGENTINA VS VENEZUELA Lautaro (cropped).jpg,https://upload.wikimedia.org/wikipedia/commons/5/55/ARGENTINA_VS_VENEZUELA_Lautaro_%28cropped%29.jpg,https://upload.wikimedia.org/wikipedia/commons/5/55/ARGENTINA_VS_VENEZUELA_Lautaro_%28cropped%29.jpg,,https://commons.wikimedia.org/wiki/File:ARGENTINA_VS_VENEZUELA_Lautaro_(cropped).jpg,CC BY-SA 4.0,Agencia de Noticias ANDES,,wikidata-commons,2026-07-12T21:08:31.322Z
leandro-bacuna,Leandro Bacuna,Q249344,File:Leandro Bacuna Back to your roots Groningen.jpg,https://upload.wikimedia.org/wikipedia/commons/8/8f/Leandro_Bacuna_Back_to_your_roots_Groningen.jpg,https://upload.wikimedia.org/wikipedia/commons/8/8f/Leandro_Bacuna_Back_to_your_roots_Groningen.jpg,,https://commons.wikimedia.org/wiki/File:Leandro_Bacuna_Back_to_your_roots_Groningen.jpg,CC BY-SA 4.0,@NPOStartTrailers via Youtube,,wikidata-commons,2026-07-12T21:08:31.322Z
lee-grant,Lee Grant,Q1605526,File:LeeGrant09.jpg,https://upload.wikimedia.org/wikipedia/commons/8/8e/LeeGrant09.jpg,https://upload.wikimedia.org/wikipedia/commons/8/8e/LeeGrant09.jpg,,https://commons.wikimedia.org/wiki/File:LeeGrant09.jpg,CC BY-SA 4.0,en:user:TuborgLight,,wikidata-commons,2026-07-12T21:08:31.322Z
lee-martin,Lee Martin,Q1802999,"Martin, Lee Andrew.jpg",https://upload.wikimedia.org/wikipedia/commons/1/15/Martin%2C_Lee_Andrew.jpg,https://upload.wikimedia.org/wikipedia/commons/1/15/Martin%2C_Lee_Andrew.jpg,/media/players/lee-martin.webp,"https://commons.wikimedia.org/wiki/File:Martin,_Lee_Andrew.jpg",CC BY-SA 3.0,Stew jones,Own work,wikidata-commons,2026-07-03T00:30:03.115Z
lee-martin-2005,Lee Martin,Q219372,File:Lee Martin Millwall Vs Swindon Town (21633937524) (cropped).jpg,https://upload.wikimedia.org/wikipedia/commons/f/f8/Lee_Martin_Millwall_Vs_Swindon_Town_%2821633937524%29_%28cropped%29.jpg,https://upload.wikimedia.org/wikipedia/commons/thumb/f/f8/Lee_Martin_Millwall_Vs_Swindon_Town_%2821633937524%29_%28cropped%29.jpg/1280px-Lee_Martin_Millwall_Vs_Swindon_Town_%2821633937524%29_%28cropped%29.jpg,,https://commons.wikimedia.org/wiki/File:Lee_Martin_Millwall_Vs_Swindon_Town_(21633937524)_(cropped).jpg,CC BY-SA 4.0,joshjdss,,wikidata-commons,2026-07-12T21:08:31.322Z
lee-sharpe,Lee Sharpe,Q706028,SHARPE.png,https://static.wikia.nocookie.net/the-football-database/images/4/4a/SHARPE.png/revision/latest?cb=20140811135827,,/media/players/lee-sharpe.webp,https://football.fandom.com/wiki/File:SHARPE.png,CC BY-SA 3.0,,"Football Wiki (Fandom), The Football Database",football-fandom,2026-07-03T00:30:03.115Z
leny-yoro,Leny Yoro,Q112039295,File:RC Lens - Lille OSC (08-10-2023) 12.jpg,https://upload.wikimedia.org/wikipedia/commons/8/8e/RC_Lens_-_Lille_OSC_%2808-10-2023%29_12.jpg,https://upload.wikimedia.org/wikipedia/commons/thumb/8/8e/RC_Lens_-_Lille_OSC_%2808-10-2023%29_12.jpg/960px-RC_Lens_-_Lille_OSC_%2808-10-2023%29_12.jpg,,https://commons.wikimedia.org/wiki/File:RC_Lens_-_Lille_OSC_(08-10-2023)_12.jpg,CC BY-SA 4.0,Supporterhéninois,,wikidata-commons,2026-07-12T21:08:31.322Z
leonardo-spinazzola,Leonardo Spinazzola,Q6526099,File:Leonardo Spinazzola 03.jpg,https://upload.wikimedia.org/wikipedia/commons/3/32/Leonardo_Spinazzola_03.jpg,https://upload.wikimedia.org/wikipedia/commons/3/32/Leonardo_Spinazzola_03.jpg,,https://commons.wikimedia.org/wiki/File:Leonardo_Spinazzola_03.jpg,CC BY-SA 4.0,Ago76,,wikidata-commons,2026-07-12T21:08:31.322Z
liam-miller,Liam Miller,Q464846,File:Liam Miller (cropped).jpg,https://upload.wikimedia.org/wikipedia/commons/5/59/Liam_Miller_%28cropped%29.jpg,https://upload.wikimedia.org/wikipedia/commons/thumb/5/59/Liam_Miller_%28cropped%29.jpg/960px-Liam_Miller_%28cropped%29.jpg,,https://commons.wikimedia.org/wiki/File:Liam_Miller_(cropped).jpg,CC BY-SA 4.0,Peadar O'Sullivan,,wikidata-commons,2026-07-12T21:08:31.322Z
lisandro-martinez,Lisandro Martínez,Q30881092,Lisandro Martinez 2022.jpg,https://upload.wikimedia.org/wikipedia/commons/6/61/Lisandro_Martinez_2022.jpg,https://upload.wikimedia.org/wikipedia/commons/thumb/6/61/Lisandro_Martinez_2022.jpg/330px-Lisandro_Martinez_2022.jpg,/media/players/lisandro-martinez.webp,https://commons.wikimedia.org/wiki/File:Lisandro_Martinez_2022.jpg,CC BY-SA 4.0,Ardfern,Own work,wikidata-commons,2026-07-03T00:30:03.115Z
lorenzo-pellegrini,Lorenzo Pellegrini,Q19773058,File:FC Salzburg gegen AS Roma Pellegrini.jpg,https://upload.wikimedia.org/wikipedia/commons/d/d7/FC_Salzburg_gegen_AS_Roma_Pellegrini.jpg,https://upload.wikimedia.org/wikipedia/commons/d/d7/FC_Salzburg_gegen_AS_Roma_Pellegrini.jpg,/media/players/lorenzo-pellegrini.webp,https://commons.wikimedia.org/wiki/File:FC_Salzburg_gegen_AS_Roma_Pellegrini.jpg,CC BY-SA 4.0,Werner100359,,wikidata-commons,2026-07-12T21:08:31.322Z
louis-saha,Louis Saha,Q484968,Louis Saha (cropped).jpg,https://upload.wikimedia.org/wikipedia/commons/1/11/Louis_Saha_%28cropped%29.jpg,https://upload.wikimedia.org/wikipedia/commons/thumb/1/11/Louis_Saha_%28cropped%29.jpg/330px-Louis_Saha_%28cropped%29.jpg,/media/players/louis-saha.webp,https://commons.wikimedia.org/wiki/File:Louis_Saha_(cropped).jpg,CC BY 2.0,Web Summit,Sportsfile (Web Summit),wikidata-commons,2026-07-03T00:30:03.115Z
lukas-lerager,Lukas Lerager,Q16064486,File:Lukas Lerager (cropped).jpg,https://upload.wikimedia.org/wikipedia/commons/6/6c/Lukas_Lerager_%28cropped%29.jpg,https://upload.wikimedia.org/wikipedia/commons/thumb/6/6c/Lukas_Lerager_%28cropped%29.jpg/960px-Lukas_Lerager_%28cropped%29.jpg,,https://commons.wikimedia.org/wiki/File:Lukas_Lerager_(cropped).jpg,CC BY-SA 4.0,Adrien33000,,wikidata-commons,2026-07-12T21:08:31.322Z
luke-chadwick,Luke Chadwick,Q1877042,"File:Chadwick, Luke.jpg",https://upload.wikimedia.org/wikipedia/commons/c/ca/Chadwick%2C_Luke.jpg,https://upload.wikimedia.org/wikipedia/commons/c/ca/Chadwick%2C_Luke.jpg,,https://commons.wikimedia.org/wiki/File:Chadwick%2C_Luke.jpg,CC BY-SA 4.0,Jonesy702,,wikidata-commons,2026-07-12T21:08:31.322Z
luke-shaw,Luke Shaw,Q93563,"Luke Shaw, Manchester United v Newcastle United, 11 September 2021 (44) (cropped).jpg",https://upload.wikimedia.org/wikipedia/commons/b/b3/Luke_Shaw%2C_Manchester_United_v_Newcastle_United%2C_11_September_2021_%2844%29_%28cropped%29.jpg,https://upload.wikimedia.org/wikipedia/commons/thumb/b/b3/Luke_Shaw%2C_Manchester_United_v_Newcastle_United%2C_11_September_2021_%2844%29_%28cropped%29.jpg/330px-Luke_Shaw%2C_Manchester_United_v_Newcastle_United%2C_11_September_2021_%2844%29_%28cropped%29.jpg,/media/players/luke-shaw.webp,"https://commons.wikimedia.org/wiki/File:Luke_Shaw,_Manchester_United_v_Newcastle_United,_11_September_2021_(44)_(cropped).jpg",CC BY-SA 4.0,Ardfern,Own work,wikidata-commons,2026-07-03T00:30:03.115Z
mal-donaghy,Mal Donaghy,Q648928,DONAGHY.png,https://static.wikia.nocookie.net/the-football-database/images/9/98/DONAGHY.png/revision/latest?cb=20140811134120,,/media/players/mal-donaghy.webp,https://football.fandom.com/wiki/File:DONAGHY.png,CC BY-SA 3.0,,"Football Wiki (Fandom), The Football Database",football-fandom,2026-07-03T00:30:03.115Z
mame-biram-diouf,Mame Biram Diouf,Q19051,File:Mame Biram Diouf.jpg,https://upload.wikimedia.org/wikipedia/commons/a/ae/Mame_Biram_Diouf.jpg,https://upload.wikimedia.org/wikipedia/commons/a/ae/Mame_Biram_Diouf.jpg,,https://commons.wikimedia.org/wiki/File:Mame_Biram_Diouf.jpg,CC BY-SA 4.0,Екатерина Лаут,,wikidata-commons,2026-07-12T21:08:31.322Z
manucho,Manucho,Q309890,File:Manucho.jpg,https://upload.wikimedia.org/wikipedia/commons/0/02/Manucho.jpg,https://upload.wikimedia.org/wikipedia/commons/0/02/Manucho.jpg,,https://commons.wikimedia.org/wiki/File:Manucho.jpg,CC BY-SA 4.0,Balcaza,,wikidata-commons,2026-07-12T21:08:31.322Z
manuel-ugarte,Manuel Ugarte,Q27960175,File:M.UGARTE.jpg,https://upload.wikimedia.org/wikipedia/commons/2/2e/M.UGARTE.jpg,https://upload.wikimedia.org/wikipedia/commons/2/2e/M.UGARTE.jpg,,https://commons.wikimedia.org/wiki/File:M.UGARTE.jpg,CC BY-SA 4.0,Atmedia25,,wikidata-commons,2026-07-12T21:08:31.322Z
marc-albrighton,Marc Albrighton,Q311377,"File:Marc Albrighton Spartak Moscow vs. Leicester City, 2021-10-20 134 4 (cropped).jpg",https://upload.wikimedia.org/wikipedia/commons/a/a2/Marc_Albrighton_Spartak_Moscow_vs._Leicester_City%2C_2021-10-20_134_4_%28cropped%29.jpg,https://upload.wikimedia.org/wikipedia/commons/a/a2/Marc_Albrighton_Spartak_Moscow_vs._Leicester_City%2C_2021-10-20_134_4_%28cropped%29.jpg,,https://commons.wikimedia.org/wiki/File:Marc_Albrighton_Spartak_Moscow_vs._Leicester_City%2C_2021-10-20_134_4_(cropped).jpg,CC BY-SA 4.0,Антон Зайцев,,wikidata-commons,2026-07-12T21:08:31.322Z
marcel-sabitzer,Marcel Sabitzer,Q472300,File:Marcel Sabitzer 2020 (cropped).jpg,https://upload.wikimedia.org/wikipedia/commons/0/0e/Marcel_Sabitzer_2020_%28cropped%29.jpg,https://upload.wikimedia.org/wikipedia/commons/thumb/0/0e/Marcel_Sabitzer_2020_%28cropped%29.jpg/960px-Marcel_Sabitzer_2020_%28cropped%29.jpg,,https://commons.wikimedia.org/wiki/File:Marcel_Sabitzer_2020_(cropped).jpg,CC BY-SA 4.0,Steffen Prößdorf,,wikidata-commons,2026-07-12T21:08:31.322Z
marcelo-brozovic,Marcelo Brozović,Q3845710,File:Marcelo Brozović 2021 (cropped).jpg,https://upload.wikimedia.org/wikipedia/commons/c/c9/Marcelo_Brozovi%C4%87_2021_%28cropped%29.jpg,https://upload.wikimedia.org/wikipedia/commons/c/c9/Marcelo_Brozovi%C4%87_2021_%28cropped%29.jpg,,https://commons.wikimedia.org/wiki/File:Marcelo_Brozovi%C4%87_2021_(cropped).jpg,CC BY-SA 4.0,Антон Зайцев,,wikidata-commons,2026-07-12T21:08:31.322Z
marcos-rojo,Marcos Rojo,Q507890,Marcos Rojo 2018.jpg,https://upload.wikimedia.org/wikipedia/commons/e/e4/Marcos_Rojo_2018.jpg,https://upload.wikimedia.org/wikipedia/commons/thumb/e/e4/Marcos_Rojo_2018.jpg/330px-Marcos_Rojo_2018.jpg,/media/players/marcos-rojo.webp,https://commons.wikimedia.org/wiki/File:Marcos_Rojo_2018.jpg,CC BY-SA 3.0,Кирилл Венедиктов,https://www.soccer.ru/galery/1055457/photo/733466,wikidata-commons,2026-07-03T00:30:03.115Z
marcus-rashford,Marcus Rashford,Q22951255,Marcus Rashford England v Ghana 23 June 2026-036.jpg,https://upload.wikimedia.org/wikipedia/commons/5/5f/Marcus_Rashford_England_v_Ghana_23_June_2026-036.jpg,https://upload.wikimedia.org/wikipedia/commons/thumb/5/5f/Marcus_Rashford_England_v_Ghana_23_June_2026-036.jpg/330px-Marcus_Rashford_England_v_Ghana_23_June_2026-036.jpg,/media/players/marcus-rashford.webp,https://commons.wikimedia.org/wiki/File:Marcus_Rashford_England_v_Ghana_23_June_2026-036.jpg,CC BY-SA 4.0,Bryan Berlin,Own work,wikidata-commons,2026-07-03T00:30:03.115Z
mark-bosnich,Mark Bosnich,Q350628,File:Mark Bosnich.jpg,https://upload.wikimedia.org/wikipedia/commons/4/4f/Mark_Bosnich.jpg,https://upload.wikimedia.org/wikipedia/commons/thumb/4/4f/Mark_Bosnich.jpg/960px-Mark_Bosnich.jpg,,https://commons.wikimedia.org/wiki/File:Mark_Bosnich.jpg,CC BY-SA 4.0,Camw,,wikidata-commons,2026-07-12T21:08:31.322Z
mark-hughes,Mark Hughes,Q214513,Mark Hughes juli 1991.JPG,https://upload.wikimedia.org/wikipedia/commons/3/3a/Mark_Hughes_juli_1991.JPG,https://upload.wikimedia.org/wikipedia/commons/thumb/3/3a/Mark_Hughes_juli_1991.JPG/330px-Mark_Hughes_juli_1991.JPG,/media/players/mark-hughes.webp,https://commons.wikimedia.org/wiki/File:Mark_Hughes_juli_1991.JPG,Public domain,my own picture,Øyvind Vik,wikidata-commons,2026-07-03T00:30:03.115Z
mark-jones,Mark Jones,Q735017,File:Mark Jones.jpg,https://upload.wikimedia.org/wikipedia/commons/1/15/Mark_Jones.jpg,https://upload.wikimedia.org/wikipedia/commons/1/15/Mark_Jones.jpg,/media/players/mark-jones.webp,https://commons.wikimedia.org/wiki/File:Mark_Jones.jpg,CC BY-SA 4.0,StarDeg,,wikidata-commons,2026-07-12T21:08:31.322Z
mark-robins,Mark Robins,Q1900410,File:Mark Robins 20092025 (2).jpg,https://upload.wikimedia.org/wikipedia/commons/3/30/Mark_Robins_20092025_%282%29.jpg,https://upload.wikimedia.org/wikipedia/commons/thumb/3/30/Mark_Robins_20092025_%282%29.jpg/1280px-Mark_Robins_20092025_%282%29.jpg,,https://commons.wikimedia.org/wiki/File:Mark_Robins_20092025_(2).jpg,CC BY-SA 4.0,Timmy96,,wikidata-commons,2026-07-12T21:08:31.322Z
marnick-vermijl,Marnick Vermijl,Q2412499,File:Marnick Vermijl (cropped).jpg,https://upload.wikimedia.org/wikipedia/commons/9/9b/Marnick_Vermijl_%28cropped%29.jpg,https://upload.wikimedia.org/wikipedia/commons/9/9b/Marnick_Vermijl_%28cropped%29.jpg,,https://commons.wikimedia.org/wiki/File:Marnick_Vermijl_(cropped).jpg,CC BY-SA 4.0,Geoffrey Chisnall,,wikidata-commons,2026-07-12T21:08:31.322Z
marouane-fellaini,Marouane Fellaini,Q275169,Fellaini 2017-03-09.jpg,https://upload.wikimedia.org/wikipedia/commons/a/ae/Fellaini_2017-03-09.jpg,https://upload.wikimedia.org/wikipedia/commons/thumb/a/ae/Fellaini_2017-03-09.jpg/330px-Fellaini_2017-03-09.jpg,/media/players/marouane-fellaini.webp,https://commons.wikimedia.org/wiki/File:Fellaini_2017-03-09.jpg,CC BY-SA 3.0,Светлана Бекетова,https://www.soccer.ru/galery/966142/photo/619951,wikidata-commons,2026-07-03T00:30:03.115Z
martin-dubravka,Martin Dúbravka,Q510401,File:Martin Dubravka 2018.jpg,https://upload.wikimedia.org/wikipedia/commons/4/41/Martin_Dubravka_2018.jpg,https://upload.wikimedia.org/wikipedia/commons/4/41/Martin_Dubravka_2018.jpg,,https://commons.wikimedia.org/wiki/File:Martin_Dubravka_2018.jpg,CC BY-SA 4.0,@cfcunofficial (Chelsea Debs) London,,wikidata-commons,2026-07-12T21:08:31.322Z
mason-greenwood,Mason Greenwood,Q61986758,Greenwood asse om 2425.png,https://upload.wikimedia.org/wikipedia/commons/9/9c/Greenwood_asse_om_2425.png,https://upload.wikimedia.org/wikipedia/commons/thumb/9/9c/Greenwood_asse_om_2425.png/330px-Greenwood_asse_om_2425.png,/media/players/mason-greenwood.webp,https://commons.wikimedia.org/wiki/File:Greenwood_asse_om_2425.png,CC0,Paté kroute,Own work,wikidata-commons,2026-07-03T00:30:03.115Z
mason-mount,Mason Mount,Q38000669,File:Mountbrightonoct3 2019 (cropped).jpg,https://upload.wikimedia.org/wikipedia/commons/3/32/Mountbrightonoct3_2019_%28cropped%29.jpg,https://upload.wikimedia.org/wikipedia/commons/thumb/3/32/Mountbrightonoct3_2019_%28cropped%29.jpg/960px-Mountbrightonoct3_2019_%28cropped%29.jpg,,https://commons.wikimedia.org/wiki/File:Mountbrightonoct3_2019_(cropped).jpg,CC BY-SA 4.0,Brian Minkoff London-Pixels,,wikidata-commons,2026-07-12T21:08:31.322Z
massimo-taibi,Massimo Taibi,Q349011,"File:Palermo FC v Reggina Calcio, 5 February 2023 - 05.jpg",https://upload.wikimedia.org/wikipedia/commons/d/de/Palermo_FC_v_Reggina_Calcio%2C_5_February_2023_-_05.jpg,https://upload.wikimedia.org/wikipedia/commons/thumb/d/de/Palermo_FC_v_Reggina_Calcio%2C_5_February_2023_-_05.jpg/960px-Palermo_FC_v_Reggina_Calcio%2C_5_February_2023_-_05.jpg,,https://commons.wikimedia.org/wiki/File:Palermo_FC_v_Reggina_Calcio%2C_5_February_2023_-_05.jpg,CC BY-SA 4.0,SonoGrazy,,wikidata-commons,2026-07-12T21:08:31.322Z
matej-kovar,Matej Kovar,Q59914031,File:Matj kova-1772635856.JPG,https://upload.wikimedia.org/wikipedia/commons/a/af/Matj_kova-1772635856.JPG,https://upload.wikimedia.org/wikipedia/commons/thumb/a/af/Matj_kova-1772635856.JPG/1280px-Matj_kova-1772635856.JPG,,https://commons.wikimedia.org/wiki/File:Matj_kova-1772635856.JPG,CC BY-SA 4.0,Hans Reefman,,wikidata-commons,2026-07-12T21:08:31.322Z
mateo-kovacic,Mateo Kovačić,Q701297,"File:Chelsea vs. Arsenal, 29 May 2019 18 Kovacic.jpg",https://upload.wikimedia.org/wikipedia/commons/d/d9/Chelsea_vs._Arsenal%2C_29_May_2019_18_Kovacic.jpg,https://upload.wikimedia.org/wikipedia/commons/d/d9/Chelsea_vs._Arsenal%2C_29_May_2019_18_Kovacic.jpg,,https://commons.wikimedia.org/wiki/File:Chelsea_vs._Arsenal%2C_29_May_2019_18_Kovacic.jpg,CC BY-SA 4.0,Amir Hosseini,,wikidata-commons,2026-07-12T21:08:31.322Z
matheus-cunha,Matheus Cunha,Q35831063,File:Matheus Cunha Brazil V Morocco 13 June 2026-178 (cropped).jpg,https://upload.wikimedia.org/wikipedia/commons/3/31/Matheus_Cunha_Brazil_V_Morocco_13_June_2026-178_%28cropped%29.jpg,https://upload.wikimedia.org/wikipedia/commons/thumb/3/31/Matheus_Cunha_Brazil_V_Morocco_13_June_2026-178_%28cropped%29.jpg/960px-Matheus_Cunha_Brazil_V_Morocco_13_June_2026-178_%28cropped%29.jpg,,https://commons.wikimedia.org/wiki/File:Matheus_Cunha_Brazil_V_Morocco_13_June_2026-178_(cropped).jpg,CC BY-SA 4.0,Bryan Berlin,,wikidata-commons,2026-07-12T21:08:31.322Z
matteo-darmian,Matteo Darmian,Q44788,20150616 - Portugal - Italie - Genève - Matteo Darmian 1.jpg,https://upload.wikimedia.org/wikipedia/commons/2/2d/20150616_-_Portugal_-_Italie_-_Gen%C3%A8ve_-_Matteo_Darmian_1.jpg,https://upload.wikimedia.org/wikipedia/commons/thumb/2/2d/20150616_-_Portugal_-_Italie_-_Gen%C3%A8ve_-_Matteo_Darmian_1.jpg/330px-20150616_-_Portugal_-_Italie_-_Gen%C3%A8ve_-_Matteo_Darmian_1.jpg,/media/players/matteo-darmian.webp,https://commons.wikimedia.org/wiki/File:20150616_-_Portugal_-_Italie_-_Gen%C3%A8ve_-_Matteo_Darmian_1.jpg,CC BY-SA 3.0,Clément Bucco-Lechat,Own work,wikidata-commons,2026-07-03T00:30:03.115Z
matthijs-de-ligt,Matthijs de Ligt,Q26259982,File:Matthijs de Ligt 2018.jpg,https://upload.wikimedia.org/wikipedia/commons/3/35/Matthijs_de_Ligt_2018.jpg,https://upload.wikimedia.org/wikipedia/commons/3/35/Matthijs_de_Ligt_2018.jpg,/media/players/matthijs-de-ligt.webp,https://commons.wikimedia.org/wiki/File:Matthijs_de_Ligt_2018.jpg,CC BY-SA 4.0,ОЛЕГ БАТРАК,,wikidata-commons,2026-07-12T21:08:31.322Z
matty-willock,Matty Willock,Q30075256,File:FC Liefering vs. Manchester United (U23)-Testspiel 11. Juli 2017 05.jpg,https://upload.wikimedia.org/wikipedia/commons/5/50/FC_Liefering_vs._Manchester_United_%28U23%29-Testspiel_11._Juli_2017_05.jpg,https://upload.wikimedia.org/wikipedia/commons/thumb/5/50/FC_Liefering_vs._Manchester_United_%28U23%29-Testspiel_11._Juli_2017_05.jpg/1280px-FC_Liefering_vs._Manchester_United_%28U23%29-Testspiel_11._Juli_2017_05.jpg,,https://commons.wikimedia.org/wiki/File:FC_Liefering_vs._Manchester_United_(U23)-Testspiel_11._Juli_2017_05.jpg,CC BY-SA 4.0,Werner100359,,wikidata-commons,2026-07-12T21:08:31.322Z
maurice-setters,Maurice Setters,Q2403344,File:Manchester United FC 1960.jpg,https://upload.wikimedia.org/wikipedia/commons/b/b7/Manchester_United_FC_1960.jpg,https://upload.wikimedia.org/wikipedia/commons/thumb/b/b7/Manchester_United_FC_1960.jpg/1280px-Manchester_United_FC_1960.jpg,,https://commons.wikimedia.org/wiki/File:Manchester_United_FC_1960.jpg,CC BY-SA 4.0,Eskil Malmberg,,wikidata-commons,2026-07-12T21:08:31.322Z
memphis-depay,Memphis Depay,Q1894,File:Memphis Depay 2019.jpg,https://upload.wikimedia.org/wikipedia/commons/1/1c/Memphis_Depay_2019.jpg,https://upload.wikimedia.org/wikipedia/commons/1/1c/Memphis_Depay_2019.jpg,,https://commons.wikimedia.org/wiki/File:Memphis_Depay_2019.jpg,CC BY-SA 4.0,Derivative work: Joe Sins,,wikidata-commons,2026-07-12T21:08:31.322Z
michael-appleton,Michael Appleton,Q6828245,File:Michael Appleton.jpg,https://upload.wikimedia.org/wikipedia/commons/a/a2/Michael_Appleton.jpg,https://upload.wikimedia.org/wikipedia/commons/a/a2/Michael_Appleton.jpg,,https://commons.wikimedia.org/wiki/File:Michael_Appleton.jpg,CC BY-SA 4.0,Jameboy,,wikidata-commons,2026-07-12T21:08:31.322Z
michael-carrick,Michael Carrick,Q29566,"Manchester United v Watford, 13 May 2018 (10).jpg",https://upload.wikimedia.org/wikipedia/commons/0/0d/Manchester_United_v_Watford%2C_13_May_2018_%2810%29.jpg,https://upload.wikimedia.org/wikipedia/commons/thumb/0/0d/Manchester_United_v_Watford%2C_13_May_2018_%2810%29.jpg/330px-Manchester_United_v_Watford%2C_13_May_2018_%2810%29.jpg,/media/players/michael-carrick.webp,"https://commons.wikimedia.org/wiki/File:Manchester_United_v_Watford,_13_May_2018_(10).jpg",CC BY-SA 4.0,Ardfern,Own work,wikidata-commons,2026-07-03T00:30:03.115Z
michael-keane,Michael Keane,Q80712,File:Michael Keane 2017.jpg,https://upload.wikimedia.org/wikipedia/commons/d/d4/Michael_Keane_2017.jpg,https://upload.wikimedia.org/wikipedia/commons/d/d4/Michael_Keane_2017.jpg,,https://commons.wikimedia.org/wiki/File:Michael_Keane_2017.jpg,CC BY-SA 4.0,@cfcunofficial (Chelsea Debs) London,,wikidata-commons,2026-07-12T21:08:31.322Z
michael-owen,Michael Owen,Q128829,File:Michael Owen.jpg,https://upload.wikimedia.org/wikipedia/commons/2/24/Michael_Owen.jpg,https://upload.wikimedia.org/wikipedia/commons/thumb/2/24/Michael_Owen.jpg/960px-Michael_Owen.jpg,,https://commons.wikimedia.org/wiki/File:Michael_Owen.jpg,CC BY-SA 4.0,David Seow,,wikidata-commons,2026-07-12T21:08:31.322Z
michy-batshuayi,Michy Batshuayi,Q2301910,File:Michy Batshuayi (2021-22 Süper Lig) - Resim1.png,https://upload.wikimedia.org/wikipedia/commons/f/f5/Michy_Batshuayi_%282021-22_S%C3%BCper_Lig%29_-_Resim1.png,https://upload.wikimedia.org/wikipedia/commons/thumb/f/f5/Michy_Batshuayi_%282021-22_S%C3%BCper_Lig%29_-_Resim1.png/1280px-Michy_Batshuayi_%282021-22_S%C3%BCper_Lig%29_-_Resim1.png,,https://commons.wikimedia.org/wiki/File:Michy_Batshuayi_(2021-22_S%C3%BCper_Lig)_-_Resim1.png,CC BY-SA 4.0,beIN SPORTS Türkiye,,wikidata-commons,2026-07-12T21:08:31.322Z
mikael-silvestre,Mikaël Silvestre,Q177343,Mikaël Silvestre.JPG,https://upload.wikimedia.org/wikipedia/commons/6/68/Mika%C3%ABl_Silvestre.JPG,https://upload.wikimedia.org/wikipedia/commons/thumb/6/68/Mika%C3%ABl_Silvestre.JPG/330px-Mika%C3%ABl_Silvestre.JPG,/media/players/mikael-silvestre.webp,https://commons.wikimedia.org/wiki/File:Mika%C3%ABl_Silvestre.JPG,CC BY 2.0,Arsenal_vs_Chelsea.jpg : Wonker,File:Arsenal_vs_Chelsea.jpg,wikidata-commons,2026-07-03T00:30:03.115Z
mike-duxbury,Mike Duxbury,Q963888,MDuxbury.png,https://static.wikia.nocookie.net/the-football-database/images/d/d7/MDuxbury.png/revision/latest?cb=20180122201853,,/media/players/mike-duxbury.webp,https://football.fandom.com/wiki/File:MDuxbury.png,CC BY-SA 3.0,,"Football Wiki (Fandom), The Football Database",football-fandom,2026-07-03T00:30:03.115Z
mike-phelan,Mike Phelan,Q325580,"Mike Phelan, Manchester United 2012 (cropped).jpg",https://upload.wikimedia.org/wikipedia/commons/e/e9/Mike_Phelan%2C_Manchester_United_2012_%28cropped%29.jpg,https://upload.wikimedia.org/wikipedia/commons/e/e9/Mike_Phelan%2C_Manchester_United_2012_%28cropped%29.jpg,/media/players/mike-phelan.webp,"https://commons.wikimedia.org/wiki/File:Mike_Phelan,_Manchester_United_2012_(cropped).jpg",CC BY 2.0,Saadick Dhansay,Alex Ferguson and Mike Phelan,wikidata-commons,2026-07-03T00:30:03.115Z
miranda,Miranda,Q318119,File:20180610 FIFA Friendly Match Austria vs. Brazil Miranda 850 1585.jpg,https://upload.wikimedia.org/wikipedia/commons/6/66/20180610_FIFA_Friendly_Match_Austria_vs._Brazil_Miranda_850_1585.jpg,https://upload.wikimedia.org/wikipedia/commons/thumb/6/66/20180610_FIFA_Friendly_Match_Austria_vs._Brazil_Miranda_850_1585.jpg/960px-20180610_FIFA_Friendly_Match_Austria_vs._Brazil_Miranda_850_1585.jpg,,https://commons.wikimedia.org/wiki/File:20180610_FIFA_Friendly_Match_Austria_vs._Brazil_Miranda_850_1585.jpg,CC BY-SA 4.0,Granada,,wikidata-commons,2026-07-12T21:08:31.322Z
mohamed-salah,Mohamed Salah,Q1354960,File:Mohamed Salah 2018.jpg,https://upload.wikimedia.org/wikipedia/commons/4/4a/Mohamed_Salah_2018.jpg,https://upload.wikimedia.org/wikipedia/commons/4/4a/Mohamed_Salah_2018.jpg,/media/players/mohamed-salah.webp,https://commons.wikimedia.org/wiki/File:Mohamed_Salah_2018.jpg,CC BY-SA 4.0,Анна Нэсси,,wikidata-commons,2026-07-12T21:08:31.322Z
morgan-schneiderlin,Morgan Schneiderlin,Q1361462,File:Cskamu 50.jpg,https://upload.wikimedia.org/wikipedia/commons/4/43/Cskamu_50.jpg,https://upload.wikimedia.org/wikipedia/commons/4/43/Cskamu_50.jpg,,https://commons.wikimedia.org/wiki/File:Cskamu_50.jpg,CC BY-SA 4.0,Дмитрий Голубович,,wikidata-commons,2026-07-12T21:08:31.322Z
n-golo-kante,N'Golo Kanté,Q16665941,N'Golo Kante France v Senegal 16 June 2026-397.jpg,https://upload.wikimedia.org/wikipedia/commons/c/c1/N%27Golo_Kante_France_v_Senegal_16_June_2026-397.jpg,https://upload.wikimedia.org/wikipedia/commons/thumb/c/c1/N%27Golo_Kante_France_v_Senegal_16_June_2026-397.jpg/120px-N%27Golo_Kante_France_v_Senegal_16_June_2026-397.jpg,,https://commons.wikimedia.org/wiki/File:N%27Golo_Kante_France_v_Senegal_16_June_2026-397.jpg,CC BY-SA 4.0,Bryan Berlin / WikiPortraits,Own work,wikidata-commons,2026-07-12T21:08:31.322Z
nani,Nani,Q482947,New Zealand-Portugal Nani.jpg,https://upload.wikimedia.org/wikipedia/commons/3/3a/New_Zealand-Portugal_Nani.jpg,https://upload.wikimedia.org/wikipedia/commons/thumb/3/3a/New_Zealand-Portugal_Nani.jpg/330px-New_Zealand-Portugal_Nani.jpg,/media/players/nani.webp,https://commons.wikimedia.org/wiki/File:New_Zealand-Portugal_Nani.jpg,CC BY-SA 3.0,Кирилл Венедиктов,soccer.ru,wikidata-commons,2026-07-03T00:30:03.115Z
nathan-bishop,Nathan Bishop,Q51840432,Nathan Bishop 12072025 (2).jpg,https://upload.wikimedia.org/wikipedia/commons/9/93/Nathan_Bishop_12072025_%282%29.jpg,https://upload.wikimedia.org/wikipedia/commons/thumb/9/93/Nathan_Bishop_12072025_%282%29.jpg/120px-Nathan_Bishop_12072025_%282%29.jpg,,https://commons.wikimedia.org/wiki/File:Nathan_Bishop_12072025_(2).jpg,CC0 1.0,Timmy96,Own work,wikidata-commons,2026-07-12T21:08:31.322Z
neil-webb,Neil Webb,Q463295,Webb.png,https://static.wikia.nocookie.net/the-football-database/images/f/f4/Webb.png/revision/latest?cb=20140706174303,,/media/players/neil-webb.webp,https://football.fandom.com/wiki/File:Webb.png,CC BY-SA 3.0,,"Football Wiki (Fandom), The Football Database",football-fandom,2026-07-03T00:30:03.115Z
neil-whitworth,Neil Whitworth,Q10410370,Neil Whiteworth juli 1991.JPG,https://upload.wikimedia.org/wikipedia/commons/e/ef/Neil_Whiteworth_juli_1991.JPG,https://upload.wikimedia.org/wikipedia/commons/thumb/e/ef/Neil_Whiteworth_juli_1991.JPG/120px-Neil_Whiteworth_juli_1991.JPG,,https://commons.wikimedia.org/wiki/File:Neil_Whiteworth_juli_1991.JPG,CC0,Øyvind Vik,Permission statement on Commons; uploader notes own picture,wikidata-commons,2026-07-12T21:08:31.322Z
nemanja-matic,Nemanja Matić,Q297603,Nemanja Matić 2018 (cropped).jpg,https://upload.wikimedia.org/wikipedia/commons/8/86/Nemanja_Mati%C4%87_2018_%28cropped%29.jpg,https://upload.wikimedia.org/wikipedia/commons/8/86/Nemanja_Mati%C4%87_2018_%28cropped%29.jpg,/media/players/nemanja-matic.webp,https://commons.wikimedia.org/wiki/File:Nemanja_Mati%C4%87_2018_(cropped).jpg,CC BY-SA 3.0,Екатерина Лаут,https://www.soccer.ru/galery/1055634/photo/733882,wikidata-commons,2026-07-03T00:30:03.115Z
nemanja-vidic,Nemanja Vidić,Q163564,Nemanja Vidić.jpg,https://upload.wikimedia.org/wikipedia/commons/4/4f/Nemanja_Vidi%C4%87.jpg,https://upload.wikimedia.org/wikipedia/commons/thumb/4/4f/Nemanja_Vidi%C4%87.jpg/330px-Nemanja_Vidi%C4%87.jpg,/media/players/nemanja-vidic.webp,https://commons.wikimedia.org/wiki/File:Nemanja_Vidi%C4%87.jpg,CC BY 2.0,Austin Osuide,Cropped version of the file uploaded to Flickr with the name IronMan2,wikidata-commons,2026-07-03T00:30:03.115Z
nick-culkin,Nick Culkin,Q3436224,"Culkin, Nick.jpg",https://upload.wikimedia.org/wikipedia/commons/c/c8/Culkin%2C_Nick.jpg,https://upload.wikimedia.org/wikipedia/commons/thumb/c/c8/Culkin%2C_Nick.jpg/120px-Culkin%2C_Nick.jpg,,"https://commons.wikimedia.org/wiki/File:Culkin,_Nick.jpg",CC BY-SA 3.0,Skippo10,Own work,wikidata-commons,2026-07-12T21:08:31.322Z
nick-powell,Nick Powell,Q321082,Nick Powell (Cropped).jpg,https://upload.wikimedia.org/wikipedia/commons/3/39/Nick_Powell_%28Cropped%29.jpg,https://upload.wikimedia.org/wikipedia/commons/thumb/3/39/Nick_Powell_%28Cropped%29.jpg/120px-Nick_Powell_%28Cropped%29.jpg,,https://commons.wikimedia.org/wiki/File:Nick_Powell_(Cropped).jpg,CC BY 2.0,Geoffrey Chisnall,"Extracted from Nick Powell, Ben Amos and Marnick Vermijl.jpg",wikidata-commons,2026-07-12T21:08:31.322Z
nicky-butt,Nicky Butt,Q295506,Cropped Butt by nyaa birdies perch.jpg,https://upload.wikimedia.org/wikipedia/commons/2/2c/Cropped_Butt_by_nyaa_birdies_perch.jpg,https://upload.wikimedia.org/wikipedia/commons/thumb/2/2c/Cropped_Butt_by_nyaa_birdies_perch.jpg/330px-Cropped_Butt_by_nyaa_birdies_perch.jpg,/media/players/nicky-butt.webp,https://commons.wikimedia.org/wiki/File:Cropped_Butt_by_nyaa_birdies_perch.jpg,CC BY 2.0,nyaa_birdies_perch,https://www.flickr.com/photos/birdies-perch/4209630432/,wikidata-commons,2026-07-03T00:30:03.115Z
nicola-zalewski,Nicola Zalewski,Q64031898,"FC Salzburg gegen AS Roma (UEFA Euroleague play-off, 2023-02-16) 14 (cropped).jpg",https://upload.wikimedia.org/wikipedia/commons/b/b7/FC_Salzburg_gegen_AS_Roma_%28UEFA_Euroleague_play-off%2C_2023-02-16%29_14_%28cropped%29.jpg,https://upload.wikimedia.org/wikipedia/commons/thumb/b/b7/FC_Salzburg_gegen_AS_Roma_%28UEFA_Euroleague_play-off%2C_2023-02-16%29_14_%28cropped%29.jpg/120px-FC_Salzburg_gegen_AS_Roma_%28UEFA_Euroleague_play-off%2C_2023-02-16%29_14_%28cropped%29.jpg,,"https://commons.wikimedia.org/wiki/File:FC_Salzburg_gegen_AS_Roma_(UEFA_Euroleague_play-off,_2023-02-16)_14_(cropped).jpg",CC BY-SA 4.0,Werner100359,Own work,wikidata-commons,2026-07-12T21:08:31.322Z
nicolo-barella,Nicolò Barella,Q20090225,Nicolò Barella in 2021.jpg,https://upload.wikimedia.org/wikipedia/commons/a/a2/Nicol%C3%B2_Barella_in_2021.jpg,https://upload.wikimedia.org/wikipedia/commons/thumb/a/a2/Nicol%C3%B2_Barella_in_2021.jpg/120px-Nicol%C3%B2_Barella_in_2021.jpg,,https://commons.wikimedia.org/wiki/File:Nicol%C3%B2_Barella_in_2021.jpg,CC BY 4.0,Biser Todorov,Own work,wikidata-commons,2026-07-12T21:08:31.322Z
nobby-stiles,Nobby Stiles,Q344152,Nobby Stiles (1966).jpg,https://upload.wikimedia.org/wikipedia/commons/0/05/Nobby_Stiles_%281966%29.jpg,https://upload.wikimedia.org/wikipedia/commons/thumb/0/05/Nobby_Stiles_%281966%29.jpg/330px-Nobby_Stiles_%281966%29.jpg,/media/players/nobby-stiles.webp,https://commons.wikimedia.org/wiki/File:Nobby_Stiles_(1966).jpg,Public domain,Panini,"'Euro Calciatori 1966 - 1967', Panini figurina",wikidata-commons,2026-07-03T00:30:03.115Z
norman-whiteside,Norman Whiteside,Q380223,Norman whiteside head crop.jpg,https://upload.wikimedia.org/wikipedia/commons/5/5b/Norman_whiteside_head_crop.jpg,https://upload.wikimedia.org/wikipedia/commons/thumb/5/5b/Norman_whiteside_head_crop.jpg/330px-Norman_whiteside_head_crop.jpg,/media/players/norman-whiteside.webp,https://commons.wikimedia.org/wiki/File:Norman_whiteside_head_crop.jpg,CC BY 2.0,apasciuto,https://www.flickr.com/photos/apasciuto/8655409893/in/photostream/,wikidata-commons,2026-07-03T00:30:03.115Z
noussair-mazraoui,Noussair Mazraoui,Q26266244,Noussair Mazraoui Brazil V Morocco 13 June 2026-97 (cropped).jpg,https://upload.wikimedia.org/wikipedia/commons/4/43/Noussair_Mazraoui_Brazil_V_Morocco_13_June_2026-97_%28cropped%29.jpg,https://upload.wikimedia.org/wikipedia/commons/thumb/4/43/Noussair_Mazraoui_Brazil_V_Morocco_13_June_2026-97_%28cropped%29.jpg/120px-Noussair_Mazraoui_Brazil_V_Morocco_13_June_2026-97_%28cropped%29.jpg,,https://commons.wikimedia.org/wiki/File:Noussair_Mazraoui_Brazil_V_Morocco_13_June_2026-97_(cropped).jpg,CC BY-SA 4.0,Bryan Berlin / WikiPortraits,Own work,wikidata-commons,2026-07-12T21:08:31.322Z
odion-ighalo,Odion Ighalo,Q928969,Odion Ighalo 24.jpeg,https://upload.wikimedia.org/wikipedia/commons/2/2c/Odion_Ighalo_24.jpeg,https://upload.wikimedia.org/wikipedia/commons/thumb/2/2c/Odion_Ighalo_24.jpeg/120px-Odion_Ighalo_24.jpeg,,https://commons.wikimedia.org/wiki/File:Odion_Ighalo_24.jpeg,CC BY 2.0,Franziska,160416 WBA v Watford-160,wikidata-commons,2026-07-12T21:08:31.322Z
ole-gunnar-solskj-r,Ole Gunnar Solskjær,Q18976,Solskjaer cropped.jpg,https://upload.wikimedia.org/wikipedia/commons/b/bb/Solskjaer_cropped.jpg,https://upload.wikimedia.org/wikipedia/commons/thumb/b/bb/Solskjaer_cropped.jpg/330px-Solskjaer_cropped.jpg,/media/players/ole-gunnar-solskj-r.webp,https://commons.wikimedia.org/wiki/File:Solskjaer_cropped.jpg,CC BY-SA 2.0,Stig Ove Voll,Crop of Image:Ole G Solskjaer.jpg,wikidata-commons,2026-07-03T00:30:03.115Z
olivier-giroud,Olivier Giroud,Q1911,Olivier Giroud 2018.jpg,https://upload.wikimedia.org/wikipedia/commons/2/2b/Olivier_Giroud_2018.jpg,https://upload.wikimedia.org/wikipedia/commons/thumb/2/2b/Olivier_Giroud_2018.jpg/120px-Olivier_Giroud_2018.jpg,/media/players/olivier-giroud.webp,https://commons.wikimedia.org/wiki/File:Olivier_Giroud_2018.jpg,CC BY-SA 3.0,Антон Зайцев,soccer.ru,wikidata-commons,2026-07-12T21:08:31.322Z
oscar-linkson,Oscar Linkson,Q3180398,Oscar Linkson.png,https://upload.wikimedia.org/wikipedia/commons/2/29/Oscar_Linkson.png,https://upload.wikimedia.org/wikipedia/commons/thumb/2/29/Oscar_Linkson.png/120px-Oscar_Linkson.png,,https://commons.wikimedia.org/wiki/File:Oscar_Linkson.png,CC0,Unknown author,Historical photograph; Commons metadata,wikidata-commons,2026-07-12T21:08:31.322Z
owen-hargreaves,Owen Hargreaves,Q437545,O Hargreaves.jpg,https://upload.wikimedia.org/wikipedia/commons/2/20/O_Hargreaves.jpg,https://upload.wikimedia.org/wikipedia/commons/thumb/2/20/O_Hargreaves.jpg/120px-O_Hargreaves.jpg,,https://commons.wikimedia.org/wiki/File:O_Hargreaves.jpg,CC BY 2.0,Gordon Flood,Man United V Man City,wikidata-commons,2026-07-12T21:08:31.322Z
paddy-crerand,Paddy Crerand,Q961378,Paddycrerand.jpg,https://upload.wikimedia.org/wikipedia/commons/7/79/Paddycrerand.jpg,https://upload.wikimedia.org/wikipedia/commons/7/79/Paddycrerand.jpg,/media/players/paddy-crerand.webp,https://commons.wikimedia.org/wiki/File:Paddycrerand.jpg,CC BY-SA 3.0,Sleepyhead2,Own work,wikidata-commons,2026-07-03T00:30:03.115Z
paddy-mcnair,Paddy McNair,Q18142105,"Paddy McNair, CZE-NIR 2019-10-14 (2).jpg",https://upload.wikimedia.org/wikipedia/commons/2/23/Paddy_McNair%2C_CZE-NIR_2019-10-14_%282%29.jpg,https://upload.wikimedia.org/wikipedia/commons/thumb/2/23/Paddy_McNair%2C_CZE-NIR_2019-10-14_%282%29.jpg/120px-Paddy_McNair%2C_CZE-NIR_2019-10-14_%282%29.jpg,,"https://commons.wikimedia.org/wiki/File:Paddy_McNair,_CZE-NIR_2019-10-14_(2).jpg",CC BY-SA 4.0,Commons file author metadata,Own work,wikidata-commons,2026-07-12T21:08:31.322Z
park-ji-sung,Park Ji-sung,Q50603,Park Ji-sung G20 Seoul Summit Ambassador (cropped).jpg,https://upload.wikimedia.org/wikipedia/commons/4/4a/Park_Ji-sung_G20_Seoul_Summit_Ambassador_%28cropped%29.jpg,https://upload.wikimedia.org/wikipedia/commons/thumb/4/4a/Park_Ji-sung_G20_Seoul_Summit_Ambassador_%28cropped%29.jpg/330px-Park_Ji-sung_G20_Seoul_Summit_Ambassador_%28cropped%29.jpg,/media/players/park-ji-sung.webp,https://commons.wikimedia.org/wiki/File:Park_Ji-sung_G20_Seoul_Summit_Ambassador_(cropped).jpg,CC BY-SA 2.0,Korea.net / Korean Culture and Information Service,https://www.flickr.com/photos/42438955@N05/4840348690/,wikidata-commons,2026-07-03T00:30:03.115Z
patrice-evra,Patrice Evra,Q1916,Patrice Evra (52472689279) (cropped).jpg,https://upload.wikimedia.org/wikipedia/commons/c/cd/Patrice_Evra_%2852472689279%29_%28cropped%29.jpg,https://upload.wikimedia.org/wikipedia/commons/thumb/c/cd/Patrice_Evra_%2852472689279%29_%28cropped%29.jpg/330px-Patrice_Evra_%2852472689279%29_%28cropped%29.jpg,/media/players/patrice-evra.webp,https://commons.wikimedia.org/wiki/File:Patrice_Evra_(52472689279)_(cropped).jpg,CC BY 2.0,Web Summit,RC2_9396,wikidata-commons,2026-07-03T00:30:03.115Z
patrick-dorgu,Patrick Dorgu,Q121903982,Patrick Dorgu Como-Lecce 30 Dec 2024.jpg,https://upload.wikimedia.org/wikipedia/commons/0/01/Patrick_Dorgu_Como-Lecce_30_Dec_2024.jpg,https://upload.wikimedia.org/wikipedia/commons/thumb/0/01/Patrick_Dorgu_Como-Lecce_30_Dec_2024.jpg/120px-Patrick_Dorgu_Como-Lecce_30_Dec_2024.jpg,,https://commons.wikimedia.org/wiki/File:Patrick_Dorgu_Como-Lecce_30_Dec_2024.jpg,CC0 1.0,Fra Casa,Own work,wikidata-commons,2026-07-12T21:08:31.322Z
patrick-o-connell,Patrick O'Connell,Q1789802,PADDY OCONNELL.jpg,https://upload.wikimedia.org/wikipedia/commons/4/46/PADDY_OCONNELL.jpg,https://upload.wikimedia.org/wikipedia/commons/thumb/4/46/PADDY_OCONNELL.jpg/120px-PADDY_OCONNELL.jpg,,https://commons.wikimedia.org/wiki/File:PADDY_OCONNELL.jpg,CC0,Unknown author,Unknown source; Commons metadata,wikidata-commons,2026-07-12T21:08:31.322Z
paul-ince,Paul Ince,Q311171,Paul Ince.jpg,https://upload.wikimedia.org/wikipedia/commons/4/41/Paul_Ince.jpg,https://upload.wikimedia.org/wikipedia/commons/thumb/4/41/Paul_Ince.jpg/330px-Paul_Ince.jpg,/media/players/paul-ince.webp,https://commons.wikimedia.org/wiki/File:Paul_Ince.jpg,CC BY-SA 2.0,Justin Hartman,Paul Ince and I,wikidata-commons,2026-07-03T00:30:03.115Z
paul-mcgrath,Paul McGrath,Q380200,"McGrath, Paul.jpg",https://upload.wikimedia.org/wikipedia/commons/0/06/McGrath%2C_Paul.jpg,https://upload.wikimedia.org/wikipedia/commons/thumb/0/06/McGrath%2C_Paul.jpg/120px-McGrath%2C_Paul.jpg,,"https://commons.wikimedia.org/wiki/File:McGrath,_Paul.jpg",CC BY-SA 4.0,Jonesy702,Own work,wikidata-commons,2026-07-12T21:08:31.322Z
paul-pogba,Paul Pogba,Q129027,Paul Pogba 9 March 2017 (cropped).jpg,https://upload.wikimedia.org/wikipedia/commons/e/ef/Paul_Pogba_9_March_2017_%28cropped%29.jpg,https://upload.wikimedia.org/wikipedia/commons/thumb/e/ef/Paul_Pogba_9_March_2017_%28cropped%29.jpg/330px-Paul_Pogba_9_March_2017_%28cropped%29.jpg,/media/players/paul-pogba.webp,https://commons.wikimedia.org/wiki/File:Paul_Pogba_9_March_2017_(cropped).jpg,CC BY-SA 3.0,Светлана Бекетова,https://www.soccer.ru/galery/966142/photo/619919,wikidata-commons,2026-07-03T00:30:03.115Z
paul-rachubka,Paul Rachubka,Q2310439,Paul Rachubka.jpg,https://upload.wikimedia.org/wikipedia/commons/8/84/Paul_Rachubka.jpg,https://upload.wikimedia.org/wikipedia/commons/thumb/8/84/Paul_Rachubka.jpg/120px-Paul_Rachubka.jpg,,https://commons.wikimedia.org/wiki/File:Paul_Rachubka.jpg,CC BY-SA 2.0,Jon Candy,Cropped version of Rachubka Organises the Defence,wikidata-commons,2026-07-12T21:08:31.322Z
paul-scholes,Paul Scholes,Q45613,Paul Scholes 2008.jpg,https://upload.wikimedia.org/wikipedia/commons/b/b4/Paul_Scholes_2008.jpg,https://upload.wikimedia.org/wikipedia/commons/thumb/b/b4/Paul_Scholes_2008.jpg/330px-Paul_Scholes_2008.jpg,/media/players/paul-scholes.webp,https://commons.wikimedia.org/wiki/File:Paul_Scholes_2008.jpg,CC BY-SA 3.0,Christophe95,Own work,wikidata-commons,2026-07-03T00:30:03.115Z
paulo-dybala,Paulo Dybala,Q166317,Матч «Динамо» - «Ювентус» 0-2. 20 октября 2020 года — 1153905 (cropped).jpg,https://upload.wikimedia.org/wikipedia/commons/b/b3/%D0%9C%D0%B0%D1%82%D1%87_%C2%AB%D0%94%D0%B8%D0%BD%D0%B0%D0%BC%D0%BE%C2%BB_-_%C2%AB%D0%AE%D0%B2%D0%B5%D0%BD%D1%82%D1%83%D1%81%C2%BB_0-2._20_%D0%BE%D0%BA%D1%82%D1%8F%D0%B1%D1%80%D1%8F_2020_%D0%B3%D0%BE%D0%B4%D0%B0_%E2%80%94_1153905_%28cropped%29.jpg,https://upload.wikimedia.org/wikipedia/commons/thumb/b/b3/%D0%9C%D0%B0%D1%82%D1%87_%C2%AB%D0%94%D0%B8%D0%BD%D0%B0%D0%BC%D0%BE%C2%BB_-_%C2%AB%D0%AE%D0%B2%D0%B5%D0%BD%D1%82%D1%83%D1%81%C2%BB_0-2._20_%D0%BE%D0%BA%D1%82%D1%8F%D0%B1%D1%80%D1%8F_2020_%D0%B3%D0%BE%D0%B4%D0%B0_%E2%80%94_1153905_%28cropped%29.jpg/120px-%D0%9C%D0%B0%D1%82%D1%87_%C2%AB%D0%94%D0%B8%D0%BD%D0%B0%D0%BC%D0%BE%C2%BB_-_%C2%AB%D0%AE%D0%B2%D0%B5%D0%BD%D1%82%D1%83%D1%81%C2%BB_0-2._20_%D0%BE%D0%BA%D1%82%D1%8F%D0%B1%D1%8F_2020_%D0%B3%D0%BE%D0%B4%D0%B0_%E2%80%94_1153905_%28cropped%29.jpg,,https://commons.wikimedia.org/wiki/File:%D0%9C%D0%B0%D1%82%D1%87_%C2%AB%D0%94%D0%B8%D0%BD%D0%B0%D0%BC%D0%BE%C2%BB_-_%C2%AB%D0%AE%D0%B2%D0%B5%D0%BD%D1%82%D1%83%D1%81%C2%BB_0-2._20_%D0%BE%D0%BA%D1%82%D1%8F%D0%B1%D1%8F_2020_%D0%B3%D0%BE%D0%B4%D0%B0_%E2%80%94_1153905_%28cropped%29.jpg,CC BY-SA 4.0,Dmitry Nikishin (original); Commons derivative metadata,dynamomania.com (original photo),wikidata-commons,2026-07-12T21:08:31.322Z
peter-beardsley,Peter Beardsley,Q344989,"Beardsley, Peter.jpg",https://upload.wikimedia.org/wikipedia/commons/5/5f/Beardsley%2C_Peter.jpg,https://upload.wikimedia.org/wikipedia/commons/thumb/5/5f/Beardsley%2C_Peter.jpg/120px-Beardsley%2C_Peter.jpg,/media/players/peter-beardsley.webp,"https://commons.wikimedia.org/wiki/File:Beardsley,_Peter.jpg",CC BY-SA 3.0,Skippo10,Own work,wikidata-commons,2026-07-12T21:08:31.322Z
peter-schmeichel,Peter Schmeichel,Q182314,Peter Schmeichel juli 1991.JPG,https://upload.wikimedia.org/wikipedia/commons/0/02/Peter_Schmeichel_juli_1991.JPG,https://upload.wikimedia.org/wikipedia/commons/0/02/Peter_Schmeichel_juli_1991.JPG,/media/players/peter-schmeichel.webp,https://commons.wikimedia.org/wiki/File:Peter_Schmeichel_juli_1991.JPG,Public domain,my own picture,Øyvind Vik,wikidata-commons,2026-07-03T00:30:03.115Z
phil-bardsley,Phil Bardsley,Q69965,Phil Bardsley.jpg,https://upload.wikimedia.org/wikipedia/commons/9/90/Phil_Bardsley.jpg,https://upload.wikimedia.org/wikipedia/commons/thumb/9/90/Phil_Bardsley.jpg/120px-Phil_Bardsley.jpg,,https://commons.wikimedia.org/wiki/File:Phil_Bardsley.jpg,CC BY 2.0,Rach from Tadcaster,Phil Bardsley; uploaded by Kafuffle,wikidata-commons,2026-07-12T21:08:31.322Z
phil-jones,Phil Jones,Q206641,Phil Jones - July 2015 (cropped).jpg,https://upload.wikimedia.org/wikipedia/commons/3/39/Phil_Jones_-_July_2015_%28cropped%29.jpg,https://upload.wikimedia.org/wikipedia/commons/thumb/3/39/Phil_Jones_-_July_2015_%28cropped%29.jpg/330px-Phil_Jones_-_July_2015_%28cropped%29.jpg,/media/players/phil-jones.webp,https://commons.wikimedia.org/wiki/File:Phil_Jones_-_July_2015_(cropped).jpg,CC BY-SA 2.0,"Matt Janzer from Missoula, USA","MUFC v CA - Seattle, WA - July 17, 2015",wikidata-commons,2026-07-03T00:30:03.115Z
phil-neville,Phil Neville,Q218063,Philnev.JPG,https://upload.wikimedia.org/wikipedia/commons/8/8b/Philnev.JPG,https://upload.wikimedia.org/wikipedia/commons/thumb/8/8b/Philnev.JPG/330px-Philnev.JPG,/media/players/phil-neville.webp,https://commons.wikimedia.org/wiki/File:Philnev.JPG,Public domain,No machine-readable author provided. Aloba assumed (based on copyright claims).,No machine-readable source provided. Own work assumed (based on copyright claims).,wikidata-commons,2026-07-03T00:30:03.115Z
presnel-kimpembe,Presnel Kimpembe,Q18325379,Presnel Kimpembe 2022.jpg,https://upload.wikimedia.org/wikipedia/commons/8/81/Presnel_Kimpembe_2022.jpg,https://upload.wikimedia.org/wikipedia/commons/thumb/8/81/Presnel_Kimpembe_2022.jpg/120px-Presnel_Kimpembe_2022.jpg,,https://commons.wikimedia.org/wiki/File:Presnel_Kimpembe_2022.jpg,CC BY 3.0,Miroslav Lelas / PIXSELL,YouTube source,wikidata-commons,2026-07-12T21:08:31.322Z
quinton-fortune,Quinton Fortune,Q334564,"Fortune, Quinton.jpg",https://upload.wikimedia.org/wikipedia/commons/0/01/Fortune%2C_Quinton.jpg,https://upload.wikimedia.org/wikipedia/commons/0/01/Fortune%2C_Quinton.jpg,/media/players/quinton-fortune.webp,"https://commons.wikimedia.org/wiki/File:Fortune,_Quinton.jpg",CC BY-SA 3.0,Stew jones,Own work,wikidata-commons,2026-07-03T00:30:03.115Z
rafael,Rafael,Q189184,Rafael Man Utd 2011.jpg,https://upload.wikimedia.org/wikipedia/commons/a/ab/Rafael_Man_Utd_2011.jpg,https://upload.wikimedia.org/wikipedia/commons/thumb/a/ab/Rafael_Man_Utd_2011.jpg/330px-Rafael_Man_Utd_2011.jpg,/media/players/rafael.webp,https://commons.wikimedia.org/wiki/File:Rafael_Man_Utd_2011.jpg,CC BY 2.0,Andrea Sartorati,https://www.flickr.com/photos/tomjoad/5481081207/,wikidata-commons,2026-07-03T00:30:03.115Z
raphael-varane,Raphaël Varane,Q489039,Raphaël Varane 2018 (cropped).jpg,https://upload.wikimedia.org/wikipedia/commons/c/cc/Rapha%C3%ABl_Varane_2018_%28cropped%29.jpg,https://upload.wikimedia.org/wikipedia/commons/c/cc/Rapha%C3%ABl_Varane_2018_%28cropped%29.jpg,/media/players/raphael-varane.webp,https://commons.wikimedia.org/wiki/File:Rapha%C3%ABl_Varane_2018_(cropped).jpg,CC BY-SA 3.0,Антон Зайцев,https://www.soccer.ru/galery/1056072/photo/734535,wikidata-commons,2026-07-03T00:30:03.115Z
rasmus-h-jlund,Rasmus Højlund,Q66467324,Rasmus Højlund with a fan.jpg,https://upload.wikimedia.org/wikipedia/commons/d/d3/Rasmus_H%C3%B8jlund_with_a_fan.jpg,https://upload.wikimedia.org/wikipedia/commons/d/d3/Rasmus_H%C3%B8jlund_with_a_fan.jpg,/media/players/rasmus-h-jlund.webp,https://commons.wikimedia.org/wiki/File:Rasmus_H%C3%B8jlund_with_a_fan.jpg,CC0,VietnamJ25,Own work,wikidata-commons,2026-07-03T00:30:03.115Z
rio-ferdinand,Rio Ferdinand,Q483417,Rio Ferdinand ManU.jpg,https://upload.wikimedia.org/wikipedia/commons/4/46/Rio_Ferdinand_ManU.jpg,https://upload.wikimedia.org/wikipedia/commons/thumb/4/46/Rio_Ferdinand_ManU.jpg/330px-Rio_Ferdinand_ManU.jpg,/media/players/rio-ferdinand.webp,https://commons.wikimedia.org/wiki/File:Rio_Ferdinand_ManU.jpg,CC BY 2.0,Austin Osuide,Rio,wikidata-commons,2026-07-03T00:30:03.115Z
robin-van-persie,Robin van Persie,Q2339,Loco-Fener (10).jpg,https://upload.wikimedia.org/wikipedia/commons/6/65/Loco-Fener_%2810%29.jpg,https://upload.wikimedia.org/wikipedia/commons/thumb/6/65/Loco-Fener_%2810%29.jpg/330px-Loco-Fener_%2810%29.jpg,/media/players/robin-van-persie.webp,https://commons.wikimedia.org/wiki/File:Loco-Fener_(10).jpg,CC BY-SA 3.0,Елена Рыбакова,soccer.ru,wikidata-commons,2026-07-03T00:30:03.115Z
roger-byrne,Roger Byrne,Q344862,Roger Byrne.jpg,https://upload.wikimedia.org/wikipedia/commons/e/e1/Roger_Byrne.jpg,https://upload.wikimedia.org/wikipedia/commons/e/e1/Roger_Byrne.jpg,/media/players/roger-byrne.webp,https://commons.wikimedia.org/wiki/File:Roger_Byrne.jpg,Public domain,Hesekiel,"Rekord-Magasinet nr 36, 1957",wikidata-commons,2026-07-03T00:30:03.115Z
romelu-lukaku,Romelu Lukaku,Q313316,Romelu Lukaku 2021.jpg,https://upload.wikimedia.org/wikipedia/commons/d/dc/Romelu_Lukaku_2021.jpg,https://upload.wikimedia.org/wikipedia/commons/thumb/d/dc/Romelu_Lukaku_2021.jpg/330px-Romelu_Lukaku_2021.jpg,/media/players/romelu-lukaku.webp,https://commons.wikimedia.org/wiki/File:Romelu_Lukaku_2021.jpg,CC BY-SA 3.0,Vyacheslav Evdokimov,https://fc-zenit.ru/photo/50817/,wikidata-commons,2026-07-03T00:30:03.115Z
ronny-johnsen,Ronny Johnsen,Q381460,1999 FA Cup Final teams line up (cropped).jpg,https://upload.wikimedia.org/wikipedia/commons/5/54/1999_FA_Cup_Final_teams_line_up_%28cropped%29.jpg,https://upload.wikimedia.org/wikipedia/commons/thumb/5/54/1999_FA_Cup_Final_teams_line_up_%28cropped%29.jpg/330px-1999_FA_Cup_Final_teams_line_up_%28cropped%29.jpg,/media/players/ronny-johnsen.webp,https://commons.wikimedia.org/wiki/File:1999_FA_Cup_Final_teams_line_up_(cropped).jpg,CC BY 2.0,Michael Cairns,https://www.flickr.com/photos/michaelcairns/6824673042/,wikidata-commons,2026-07-03T00:30:03.115Z
roy-keane,Roy Keane,Q188632,Roy Keane cropped.jpg,https://upload.wikimedia.org/wikipedia/commons/6/6e/Roy_Keane_cropped.jpg,https://upload.wikimedia.org/wikipedia/commons/thumb/6/6e/Roy_Keane_cropped.jpg/330px-Roy_Keane_cropped.jpg,/media/players/roy-keane.webp,https://commons.wikimedia.org/wiki/File:Roy_Keane_cropped.jpg,CC BY 2.5,Vintagekits at English Wikipedia,Cropped from Image:Roy Keane signing autographs.jpg,wikidata-commons,2026-07-03T00:30:03.115Z
ruud-van-nistelrooy,Ruud van Nistelrooy,Q45626,Ruud.JPG,https://upload.wikimedia.org/wikipedia/commons/2/2b/Ruud.JPG,https://upload.wikimedia.org/wikipedia/commons/thumb/2/2b/Ruud.JPG/330px-Ruud.JPG,/media/players/ruud-van-nistelrooy.webp,https://commons.wikimedia.org/wiki/File:Ruud.JPG,Public domain,User:Aloba,Own work,wikidata-commons,2026-07-03T00:30:03.115Z
ryan-giggs,Ryan Giggs,Q10524,Ryan Giggs in 2008.jpg,https://upload.wikimedia.org/wikipedia/commons/5/58/Ryan_Giggs_in_2008.jpg,https://upload.wikimedia.org/wikipedia/commons/thumb/5/58/Ryan_Giggs_in_2008.jpg/330px-Ryan_Giggs_in_2008.jpg,/media/players/ryan-giggs.webp,https://commons.wikimedia.org/wiki/File:Ryan_Giggs_in_2008.jpg,CC BY 2.0,James Adams,https://www.flickr.com/photos/jmage/2974655582/in/set-72157608386211837/,wikidata-commons,2026-07-03T00:30:03.115Z
sammy-mcilroy,Sammy McIlroy,Q552248,"McIlroy, Sammy.jpg",https://upload.wikimedia.org/wikipedia/commons/5/53/McIlroy%2C_Sammy.jpg,https://upload.wikimedia.org/wikipedia/commons/5/53/McIlroy%2C_Sammy.jpg,/media/players/sammy-mcilroy.webp,"https://commons.wikimedia.org/wiki/File:McIlroy,_Sammy.jpg",CC BY-SA 3.0,Stew jones,Own work,wikidata-commons,2026-07-03T00:30:03.115Z
sandy-turnbull,Sandy Turnbull,Q1697963,Alexander «Sandy» Turnbull.jpg,https://upload.wikimedia.org/wikipedia/commons/6/6a/Alexander_%C2%ABSandy%C2%BB_Turnbull.jpg,https://upload.wikimedia.org/wikipedia/commons/6/6a/Alexander_%C2%ABSandy%C2%BB_Turnbull.jpg,/media/players/sandy-turnbull.webp,https://commons.wikimedia.org/wiki/File:Alexander_%C2%ABSandy%C2%BB_Turnbull.jpg,Public domain,Unknown author Unknown author,http://www.spartacus.schoolnet.co.uk/MANUturnbull.jpg,wikidata-commons,2026-07-03T00:30:03.115Z
scott-mctominay,Scott McTominay,Q29624459,Scott McTominay Scotland v Bolivia 6 June 2026-41.jpg,https://upload.wikimedia.org/wikipedia/commons/4/4d/Scott_McTominay_Scotland_v_Bolivia_6_June_2026-41.jpg,https://upload.wikimedia.org/wikipedia/commons/thumb/4/4d/Scott_McTominay_Scotland_v_Bolivia_6_June_2026-41.jpg/330px-Scott_McTominay_Scotland_v_Bolivia_6_June_2026-41.jpg,/media/players/scott-mctominay.webp,https://commons.wikimedia.org/wiki/File:Scott_McTominay_Scotland_v_Bolivia_6_June_2026-41.jpg,CC BY-SA 4.0,Bryan Berlin,Own work,wikidata-commons,2026-07-03T00:30:03.115Z
shay-brennan,Shay Brennan,Q1336611,Manchester_United_FC_1960.jpg,https://upload.wikimedia.org/wikipedia/commons/b/b7/Manchester_United_FC_1960.jpg,https://upload.wikimedia.org/wikipedia/commons/thumb/b/b7/Manchester_United_FC_1960.jpg/330px-Manchester_United_FC_1960.jpg,/media/players/shay-brennan.webp,https://commons.wikimedia.org/wiki/File:Manchester_United_FC_1960.jpg,Public domain,Eskil Malmberg,Rekord-Magasinet nr 18 1960,wikidata-commons,2026-07-03T00:30:03.115Z
steve-bruce,Steve Bruce,Q331904,Steve Bruce at the cliff -march 92.JPG,https://upload.wikimedia.org/wikipedia/commons/3/39/Steve_Bruce_at_the_cliff_-march_92.JPG,https://upload.wikimedia.org/wikipedia/commons/3/39/Steve_Bruce_at_the_cliff_-march_92.JPG,/media/players/steve-bruce.webp,https://commons.wikimedia.org/wiki/File:Steve_Bruce_at_the_cliff_-march_92.JPG,Public domain,my own picture,Øyvind Vik,wikidata-commons,2026-07-03T00:30:03.115Z
steve-coppell,Steve Coppell,Q438005,FeyenoordManchesterUnited1983a.jpg,https://upload.wikimedia.org/wikipedia/commons/6/6c/FeyenoordManchesterUnited1983a.jpg,https://upload.wikimedia.org/wikipedia/commons/thumb/6/6c/FeyenoordManchesterUnited1983a.jpg/330px-FeyenoordManchesterUnited1983a.jpg,/media/players/steve-coppell.webp,https://commons.wikimedia.org/wiki/File:FeyenoordManchesterUnited1983a.jpg,CC BY 4.0,Unknown photographer,GaHetNa (Nationaal Archief NL) 932-6647,wikidata-commons,2026-07-03T00:30:03.115Z
stewart-houston,Stewart Houston,Q722580,Coppa UEFA 1976-77 - Juventus vs Manchester Utd - Stewart Houston e Roberto Boninsegna.jpg,https://upload.wikimedia.org/wikipedia/commons/c/c8/Coppa_UEFA_1976-77_-_Juventus_vs_Manchester_Utd_-_Stewart_Houston_e_Roberto_Boninsegna.jpg,https://upload.wikimedia.org/wikipedia/commons/thumb/c/c8/Coppa_UEFA_1976-77_-_Juventus_vs_Manchester_Utd_-_Stewart_Houston_e_Roberto_Boninsegna.jpg/330px-Coppa_UEFA_1976-77_-_Juventus_vs_Manchester_Utd_-_Stewart_Houston_e_Roberto_Boninsegna.jpg,/media/players/stewart-houston.webp,https://commons.wikimedia.org/wiki/File:Coppa_UEFA_1976-77_-_Juventus_vs_Manchester_Utd_-_Stewart_Houston_e_Roberto_Boninsegna.jpg,Public domain,The original uploader was Thebot at Ukrainian Wikipedia .,Transferred from uk.wikipedia to Commons.,wikidata-commons,2026-07-03T00:30:03.115Z
tahith-chong,Tahith Chong,Q24961840,File:Tahith Chong (38487929362).jpg,https://upload.wikimedia.org/wikipedia/commons/f/fa/Tahith_Chong_%2838487929362%29.jpg,https://upload.wikimedia.org/wikipedia/commons/thumb/f/fa/Tahith_Chong_%2838487929362%29.jpg/330px-Tahith_Chong_%2838487929362%29.jpg,,https://commons.wikimedia.org/wiki/File:Tahith_Chong_(38487929362).jpg,CC BY 2.0,Kane Brooker,Tahith Chong,wikidata-commons,2026-07-12T21:08:31.322Z
tammy-abraham,Tammy Abraham,Q24050378,"File:FC Salzburg gegen AS Roma (UEFA Euroleague play-off, 2023-02-16) 39 (cropped2).jpg",https://upload.wikimedia.org/wikipedia/commons/8/8f/FC_Salzburg_gegen_AS_Roma_%28UEFA_Euroleague_play-off%2C_2023-02-16%29_39_%28cropped2%29.jpg,https://upload.wikimedia.org/wikipedia/commons/thumb/8/8f/FC_Salzburg_gegen_AS_Roma_%28UEFA_Euroleague_play-off%2C_2023-02-16%29_39_%28cropped2%29.jpg/330px-FC_Salzburg_gegen_AS_Roma_%28UEFA_Euroleague_play-off%2C_2023-02-16%29_39_%28cropped2%29.jpg,,"https://commons.wikimedia.org/wiki/File:FC_Salzburg_gegen_AS_Roma_(UEFA_Euroleague_play-off,_2023-02-16)_39_(cropped2).jpg",CC BY-SA 4.0,Werner100359,Own work,wikidata-commons,2026-07-12T21:08:31.322Z
teddy-sheringham,Teddy Sheringham,Q234576,1999 FA Cup Final teams line up (cropped).jpg,https://upload.wikimedia.org/wikipedia/commons/5/54/1999_FA_Cup_Final_teams_line_up_%28cropped%29.jpg,https://upload.wikimedia.org/wikipedia/commons/thumb/5/54/1999_FA_Cup_Final_teams_line_up_%28cropped%29.jpg/330px-1999_FA_Cup_Final_teams_line_up_%28cropped%29.jpg,/media/players/teddy-sheringham.webp,https://commons.wikimedia.org/wiki/File:1999_FA_Cup_Final_teams_line_up_(cropped).jpg,CC BY 2.0,Michael Cairns,https://www.flickr.com/photos/michaelcairns/6824673042/,wikidata-commons,2026-07-03T00:30:03.115Z
tom-cleverley,Tom Cleverley,Q10577,Tom Cleverley 2015.jpg,https://upload.wikimedia.org/wikipedia/commons/d/d8/Tom_Cleverley_2015.jpg,https://upload.wikimedia.org/wikipedia/commons/thumb/d/d8/Tom_Cleverley_2015.jpg/330px-Tom_Cleverley_2015.jpg,/media/players/tom-cleverley.webp,https://commons.wikimedia.org/wiki/File:Tom_Cleverley_2015.jpg,CC BY 2.0,"Tommy Low from Singapore, Singapore",BAT2015_Arsenal_vs_Everton-140,wikidata-commons,2026-07-03T00:30:03.115Z
tony-dunne,Tony Dunne,Q2719796,Manu-Finland-1965.jpg,https://upload.wikimedia.org/wikipedia/commons/5/5b/Manu-Finland-1965.jpg,https://upload.wikimedia.org/wikipedia/commons/thumb/5/5b/Manu-Finland-1965.jpg/330px-Manu-Finland-1965.jpg,/media/players/tony-dunne.webp,https://commons.wikimedia.org/wiki/File:Manu-Finland-1965.jpg,Public domain,Anonymous Unknown author,http://hs11.snstatic.fi/webkuva/taysi/1920/1442804318727,wikidata-commons,2026-07-03T00:30:03.115Z
victor-lindelof,Victor Lindelöf,Q4125587,"Sweden-Slovenia Nations League 2022-09-27 6 (Victor Lindelof, cropped).jpg",https://upload.wikimedia.org/wikipedia/commons/1/1e/Sweden-Slovenia_Nations_League_2022-09-27_6_%28Victor_Lindelof%2C_cropped%29.jpg,https://upload.wikimedia.org/wikipedia/commons/thumb/1/1e/Sweden-Slovenia_Nations_League_2022-09-27_6_%28Victor_Lindelof%2C_cropped%29.jpg/330px-Sweden-Slovenia_Nations_League_2022-09-27_6_%28Victor_Lindelof%2C_cropped%29.jpg,/media/players/victor-lindelof.webp,"https://commons.wikimedia.org/wiki/File:Sweden-Slovenia_Nations_League_2022-09-27_6_(Victor_Lindelof,_cropped).jpg",CC BY-SA 4.0,Rolandhino1,Own work,wikidata-commons,2026-07-03T00:30:03.115Z
walter-cartwright,Walter Cartwright,Q3436423,Walter Cartwright.jpg,https://upload.wikimedia.org/wikipedia/commons/8/85/Walter_Cartwright.jpg,https://upload.wikimedia.org/wikipedia/commons/8/85/Walter_Cartwright.jpg,/media/players/walter-cartwright.webp,https://commons.wikimedia.org/wiki/File:Walter_Cartwright.jpg,Public domain,Unknown author Unknown author,http://www.mufcinfo.com/manupag/a-z_player_archive/a-z_player_archive_pages/cartwright_walter.html,wikidata-commons,2026-07-03T00:30:03.115Z
wayne-rooney,Wayne Rooney,Q266613,Wayne-Rooney-2015-10-21.jpg,https://upload.wikimedia.org/wikipedia/commons/0/0c/Wayne-Rooney-2015-10-21.jpg,https://upload.wikimedia.org/wikipedia/commons/thumb/0/0c/Wayne-Rooney-2015-10-21.jpg/330px-Wayne-Rooney-2015-10-21.jpg,/media/players/wayne-rooney.webp,https://commons.wikimedia.org/wiki/File:Wayne-Rooney-2015-10-21.jpg,CC BY-SA 3.0,Дмитрий Голубович,http://www.soccer.ru/galery/667228/photo/480232,wikidata-commons,2026-07-03T00:30:03.115Z
wes-brown,Wes Brown,Q83756,"Wes Brown, Feb. 2008.jpg",https://upload.wikimedia.org/wikipedia/commons/5/5e/Wes_Brown%2C_Feb._2008.jpg,https://upload.wikimedia.org/wikipedia/commons/thumb/5/5e/Wes_Brown%2C_Feb._2008.jpg/330px-Wes_Brown%2C_Feb._2008.jpg,/media/players/wes-brown.webp,"https://commons.wikimedia.org/wiki/File:Wes_Brown,_Feb._2008.jpg",CC BY 2.0,"Gordon Flood from Trim, Ireland",Man United V Man City,wikidata-commons,2026-07-03T00:30:03.115Z
willie-morgan,Willie Morgan,Q2618161,Morgan.png,https://static.wikia.nocookie.net/the-football-database/images/b/b5/Morgan.png/revision/latest?cb=20140120191619,,/media/players/willie-morgan.webp,https://football.fandom.com/wiki/File:Morgan.png,CC BY-SA 3.0,,"Football Wiki (Fandom), The Football Database",football-fandom,2026-07-03T00:30:03.115Z
zlatan-ibrahimovic,Zlatan Ibrahimović,Q46896,Zlatan Ibrahimović June 2018.jpg,https://upload.wikimedia.org/wikipedia/commons/0/09/Zlatan_Ibrahimovi%C4%87_June_2018.jpg,https://upload.wikimedia.org/wikipedia/commons/thumb/0/09/Zlatan_Ibrahimovi%C4%87_June_2018.jpg/330px-Zlatan_Ibrahimovi%C4%87_June_2018.jpg,/media/players/zlatan-ibrahimovic.webp,https://commons.wikimedia.org/wiki/File:Zlatan_Ibrahimovi%C4%87_June_2018.jpg,CC BY 4.0,Meghdad Madadi,[1] - direct download,wikidata-commons,2026-07-03T00:30:03.115Z
alvaro-carreras,Álvaro Carreras,Q110001765,ÁlvaroCarreras.jpg,https://upload.wikimedia.org/wikipedia/commons/6/62/%C3%81lvaroCarreras.jpg,,/media/players/alvaro-carreras.webp,https://commons.wikimedia.org/wiki/File:%C3%81lvaroCarreras.jpg,CC BY 3.0,Kaisen12 / original YouTube source,CONFERÊNCIA DE IMPRENSA | ANTEVISÃO #SLBATM; uploaded by Kaisen12,wikidata-commons,2026-07-12T21:08:31.322Z
angel-di-maria,Ángel Di María,Q251683,Ángel Di María.jpg,https://upload.wikimedia.org/wikipedia/commons/c/cc/%C3%81ngel_Di_Mar%C3%ADa.jpg,,/media/players/angel-di-maria.webp,https://commons.wikimedia.org/wiki/File:%C3%81ngel_Di_Mar%C3%ADa.jpg,CC BY-SA 2.0,José Goulão,Flickr / Di Maria; cropped version,wikidata-commons,2026-07-12T21:08:31.322Z
caglar-soyuncu,Çağlar Söyüncü,Q19612578,AUT vs. TUR 2016-03-29 (381).jpg,https://upload.wikimedia.org/wikipedia/commons/b/b7/AUT_vs._TUR_2016-03-29_%28381%29.jpg,https://upload.wikimedia.org/wikipedia/commons/thumb/b/b7/AUT_vs._TUR_2016-03-29_%28381%29.jpg/500px-AUT_vs._TUR_2016-03-29_%28381%29.jpg,/media/players/caglar-soyuncu.webp,https://commons.wikimedia.org/wiki/File:AUT_vs._TUR_2016-03-29_%28381%29.jpg,CC BY-SA 3.0,Steindy,Own work,wikidata-commons,2026-07-12T21:08:31.322Z
etienne-capoue,Étienne Capoue,Q60595,Etienne Capoue.jpg,https://upload.wikimedia.org/wikipedia/commons/5/5b/Etienne_Capoue.jpg,,,https://commons.wikimedia.org/wiki/File:Etienne_Capoue.jpg,CC BY 2.0,Franziska,Flickr / bluebirdwfc/19505850638/,wikidata-commons,2026-07-12T21:08:31.322Z
